booking_id,guest_name,check_in,check_out,room_rate,currency,channel,cancelled
BK00000,Sophie Nilsson,2024-09-10,2024-09-14,385.71,EUR,OTA,False
BK00001,Thomas Silva,2024-09-10,2024-09-13,441.31,EUR,OTA,True
BK00002,Chiara Meyer,2024-09-10,2024-09-13,380.37,EUR,OTA,False
BK00003,Simone Schmidt,2024-09-10,2024-09-15,475.99,EUR,OTA,False
BK00004,francesco al-rashid,2024-09-10,2024-09-14,412.62,EUR,direct,False
BK00005,  Hans Kim  ,2024-09-10,2024-09-13,460.27,EUR,direct,False
BK00006,WILLIAM GRECO,2024-09-10,2024-09-13,337.4,EUR,direct,False
BK00007,  Yuki Fischer  ,2024-09-11,2024-09-16,429.37,EUR,OTA,False
BK00008,Youssef Kobayashi,2024-09-11,2024-09-10,413.07,EUR,direct,True
BK00009,SOPHIE SILVA,2024-09-11,2024-09-17,394.34,EUR,OTA,False
BK00010,CARLOS ROSSI,2024-09-11,2024-09-19,343.8,USD,OTA,False
BK00011,  Alessandro Weber  ,2024-09-11,2024-09-14,411.3,EUR,OTA,False
BK00012,Amelia Kim,2024-09-11,2024-09-13,534.44,EUR,OTA,False
BK00013,elena nakamura,2024-09-11,2024-09-16,392.6,EUR,OTA,False
BK00014,Erik Garcia,2024-09-12,2024-09-14,383.74,EUR,direct,False
BK00015,  Henri Martinez  ,2024-09-12,2024-09-16,431.02,EUR,direct,False
BK00016,  Klaus Costa  ,2024-09-12,2024-09-16,441.36,EUR,OTA,False
BK00017,francesco rossi,2024-09-12,2024-09-19,431.7,EUR,OTA,False
BK00018,  Alessandro Nowak  ,2024-09-12,2024-09-15,460.93,EUR,OTA,False
BK00019,james hassan,2024-09-12,2024-09-18,371.13,EUR,direct,False
BK00020,alessandro greco,2024-09-12,2024-09-14,405.19,EUR,OTA,False
BK00021,alessandro wagner,2024-09-13,2024-09-17,474.78,EUR,direct,False
BK00022,Olga Romano,2024-09-13,2024-09-15,437.77,EUR,direct,False
BK00023,GIULIA ANDERSEN,2024-09-13,2024-09-15,476.98,EUR,direct,False
BK00024,Marie Lopez,2024-09-13,2024-09-16,363.49,USD,OTA,True
BK00025,SARA MULLER,2024-09-14,2024-09-17,428.07,EUR,OTA,False
BK00026,OMAR JOHNSON,2024-09-14,2024-09-16,466.3,EUR,direct,False
BK00027,THOMAS AL-RASHID,2024-09-14,2024-09-16,414.66,EUR,direct,False
BK00028,Girard Robert,2024-09-14,2024-09-17,412.99,EUR,OTA,False
BK00029,amelia ricci,2024-09-14,2024-09-17,451.45,EUR,OTA,False
BK00030,Kenji Hassan,2024-09-14,2024-09-17,355.48,USD,direct,False
BK00031,Costa Ingrid,2024-09-15,2024-09-17,378.96,EUR,direct,False
BK00032,Silvia Bernard,2024-09-15,2024-09-22,437.39,EUR,OTA,False
BK00033,charlotte kowalski,2024-09-15,2024-09-18,435.33,EUR,OTA,False
BK00034,matteo schmidt,2024-09-15,2024-09-20,381.4,EUR,direct,False
BK00035,  Emma Weber  ,2024-09-15,2024-09-18,421.66,USD,direct,False
BK00036,  Francesco Ibrahim  ,2024-09-15,2024-09-19,457.73,EUR,OTA,False
BK00037,FRANCESCO WEBER,2024-09-15,2024-09-17,458.65,EUR,direct,False
BK00038,Francesco Ricci,2024-09-15,2024-09-18,453.14,EUR,direct,False
BK00039,elena chen,2024-09-15,2024-09-18,335.56,EUR,direct,False
BK00040,CAMILLE PATEL,2024-09-16,2024-09-18,404.83,EUR,OTA,False
BK00041,CHARLOTTE YAMAMOTO,2024-09-16,2024-09-19,378.53,EUR,OTA,False
BK00042,youssef moreau,2024-09-16,2024-09-18,422.64,EUR,OTA,False
BK00043,  Giorgia Moreau  ,2024-09-16,2024-09-21,348.38,USD,direct,False
BK00044,Jean Fischer,2024-09-16,2024-09-18,379.1,EUR,OTA,False
BK00045,  Alessandro Schmidt  ,2024-09-17,2024-09-18,433.73,USD,OTA,False
BK00046,james garcia,2024-09-17,2024-09-20,361.09,USD,OTA,False
BK00047,Singh Francesco,2024-09-17,2024-09-20,402.32,EUR,OTA,False
BK00048,Ingrid Martinez,2024-09-17,2024-09-23,365.11,EUR,OTA,False
BK00049,pierre petrov,2024-09-17,2024-09-21,452.1,EUR,direct,False
BK00050,Al-Farsi Jean,2024-09-17,2024-09-22,421.82,EUR,OTA,False
BK00051,LUCIA BRUNO,2024-09-17,2024-09-21,393.09,USD,direct,False
BK00052,  Anna Nowak  ,2024-09-18,2024-09-17,432.69,EUR,direct,False
BK00053,Dmitri Ferreira,2024-09-18,2024-09-21,404.38,EUR,direct,False
BK00054,Singh Henri,2024-09-18,2024-09-26,435.33,EUR,direct,False
BK00055,robert nilsson,2024-09-18,2024-09-20,499.25,EUR,OTA,False
BK00056,Yuki Girard,2024-09-18,2024-09-21,354.04,EUR,direct,True
BK00057,  Silvia Petrov  ,2024-09-18,2024-09-22,421.04,USD,OTA,False
BK00058,PRIYA WATANABE,2024-09-18,2024-09-21,421.18,USD,OTA,False
BK00059,Park Olivia,2024-09-18,2024-09-21,430.84,USD,OTA,False
BK00060,giorgia ferrari,2024-09-19,2024-09-25,461.75,EUR,OTA,False
BK00061,ELENA MARTINEZ,2024-09-19,2024-09-24,408.03,USD,OTA,False
BK00062,Aiko Singh,2024-09-19,2024-09-24,312.24,EUR,OTA,False
BK00063,  Isabella Girard  ,2024-09-19,2024-09-24,422.37,USD,direct,False
BK00064,FRANCESCO LEFEVRE,2024-09-20,2024-09-22,407.39,EUR,direct,False
BK00065,Patel Youssef,2024-09-20,2024-09-23,383.37,EUR,direct,False
BK00066,maria silva,2024-09-20,2024-09-22,328.73,EUR,direct,False
BK00067,Valentina Fernandez,2024-09-20,2024-09-23,402.17,EUR,OTA,False
BK00068,  Kenji Ferrari  ,2024-09-20,2024-09-22,460.73,EUR,OTA,False
BK00069,valentina ferrari,2024-09-20,2024-09-25,475.94,USD,OTA,False
BK00070,james johnson,2024-09-21,2024-09-25,394.51,EUR,OTA,False
BK00071,  Hans Rossi  ,2024-09-21,2024-09-24,393.59,EUR,direct,False
BK00072,  Erik Chen  ,2024-09-21,2024-09-27,418.99,EUR,OTA,False
BK00073,MARIE WEBER,2024-09-21,2024-09-24,432.93,EUR,OTA,False
BK00074,silvia sharma,2024-09-21,2024-09-25,436.84,EUR,direct,False
BK00075,GIORGIA GRECO,2024-09-21,2024-09-23,459.24,USD,direct,False
BK00076,MARIE GARCIA,2024-09-21,2024-09-24,422.06,EUR,OTA,False
BK00077,ARJUN NOWAK,2024-09-22,2024-09-25,409.17,USD,OTA,False
BK00078,John Kowalski,2024-09-22,2024-09-23,486.07,USD,OTA,False
BK00079,EKATERINA SOKOLOV,2024-09-22,2024-09-25,400.34,EUR,direct,False
BK00080,  David Esposito  ,2024-09-22,2024-09-24,379.78,EUR,direct,False
BK00081,  Klaus Ricci  ,2024-09-22,2024-09-25,374.99,EUR,direct,False
BK00082,JOHN ANDERSEN,2024-09-22,2024-09-24,457.04,EUR,OTA,False
BK00083,Isabella Conti,2024-09-22,2024-09-24,384.41,EUR,OTA,True
BK00084,Luca Johnson,2024-09-22,2024-09-23,367.54,USD,OTA,False
BK00085,Aiko Rossi,2024-09-22,2024-09-24,475.91,EUR,direct,False
BK00086,henri al-farsi,2024-09-22,2024-09-27,371.05,EUR,direct,False
BK00087,ANDREA GIRARD,2024-09-22,2024-09-23,489.13,EUR,OTA,False
BK00088,MARCO ESPOSITO,2024-09-23,2024-09-26,431.21,EUR,direct,False
BK00089,thomas esposito,2024-09-23,2024-09-26,374.79,EUR,OTA,False
BK00090,Layla Fernandez,2024-09-23,2024-09-30,355.18,EUR,OTA,False
BK00091,VALENTINA SUZUKI,2024-09-23,2024-09-26,405.6,USD,direct,False
BK00092,Emma Fernandez,2024-09-23,2024-09-24,422.95,EUR,OTA,False
BK00093,henri leroy,2024-09-24,2024-09-27,426.12,EUR,OTA,False
BK00094,INGRID NOWAK,2024-09-24,2024-09-27,375.83,EUR,direct,False
BK00095,Youssef Watanabe,2024-09-24,2024-09-27,424.14,USD,direct,False
BK00096,paolo muller,2024-09-24,2024-10-01,428.01,USD,OTA,False
BK00097,kenji weber,2024-09-25,2024-09-28,460.49,EUR,OTA,False
BK00098,DAVID WAGNER,2024-09-25,2024-09-29,412.51,EUR,direct,False
BK00099,ISABELLA KOWALSKI,2024-09-25,2024-09-25,406.7,EUR,OTA,False
BK00100,Ahmed Kim,2024-09-25,2024-09-29,367.86,EUR,OTA,False
BK00101,  Astrid Wagner  ,2024-09-25,2024-09-28,422.59,EUR,direct,False
BK00102,PATRICIA COSTA,2024-09-25,2024-09-29,398.59,EUR,direct,False
BK00103,  James Kobayashi  ,2024-09-25,2024-09-29,393.43,EUR,OTA,False
BK00104,valentina kim,2024-09-26,2024-09-30,365.72,EUR,OTA,False
BK00105,  Matteo Romano  ,2024-09-26,2024-09-30,405.61,USD,OTA,False
BK00106,simone klein,2024-09-26,2024-09-29,407.47,EUR,OTA,False
BK00107,  Ingrid Greco  ,2024-09-26,2024-09-30,424.37,EUR,direct,False
BK00108,arjun smith,2024-09-26,2024-09-29,416.84,EUR,direct,False
BK00109,sara schmidt,2024-09-26,2024-09-29,491.87,USD,OTA,False
BK00110,ANDREA IVANOV,2024-09-27,2024-09-30,477.98,USD,direct,False
BK00111,  Ananya Ivanov  ,2024-09-27,2024-09-29,520.45,EUR,OTA,False
BK00112,  Hans Ivanov  ,2024-09-27,2024-09-29,382.5,EUR,direct,True
BK00113,ananya garcia,2024-09-27,2024-09-30,466.75,USD,OTA,False
BK00114,charlotte patel,2024-09-27,2024-09-30,462.97,EUR,direct,False
BK00115,THOMAS ROMANO,2024-09-27,2024-10-02,453.88,EUR,OTA,False
BK00116,Isabella Colombo,2024-09-27,2024-10-03,411.6,EUR,OTA,False
BK00117,John Kaczmarek,2024-09-27,2024-09-28,395.24,USD,OTA,False
BK00118,  Priya Singh  ,2024-09-27,2024-09-28,431.14,EUR,OTA,False
BK00119,DMITRI BRUNO,2024-09-28,2024-10-01,401.79,USD,OTA,False
BK00120,ANANYA KLEIN,2024-09-28,2024-10-01,473.09,EUR,OTA,False
BK00121,AIKO HASSAN,2024-09-28,2024-09-30,389.6,EUR,OTA,False
BK00122,  William Schmidt  ,2024-09-28,2024-10-01,379.42,EUR,OTA,True
BK00123,simone romano,2024-09-28,2024-10-04,346.14,EUR,OTA,False
BK00124,VALENTINA AL-FARSI,2024-09-28,2024-10-01,440.72,EUR,direct,False
BK00125,Yuki Colombo,2024-09-28,2024-09-30,417.02,EUR,direct,False
BK00126,MATTEO ROSSI,2024-09-29,2024-10-01,401.55,USD,direct,False
BK00127,  Arjun Park  ,2024-09-29,2024-10-02,379.15,EUR,OTA,False
BK00128,  Hans Conti  ,2024-09-29,2024-10-02,470.12,USD,direct,False
BK00129,Dmitri Hassan,2024-09-29,2024-10-02,441.52,EUR,direct,False
BK00130,NIKOLAI SOKOLOV,2024-09-30,2024-10-01,361.48,USD,direct,False
BK00131,PIERRE BIANCHI,2024-09-30,2024-10-04,404.15,EUR,direct,False
BK00132,Arjun Colombo,2024-09-30,2024-10-05,361.22,EUR,direct,False
BK00133,SOPHIE WEBER,2024-09-30,2024-10-02,451.96,EUR,OTA,False
BK00134,william petrov,2024-10-02,2024-10-04,240.53,EUR,direct,False
BK00135,GIULIA JOHNSON,2024-10-02,2024-10-06,205.13,EUR,direct,False
BK00136,Kim Lucia,2024-10-02,2024-10-04,251.09,EUR,OTA,False
BK00137,yuki kim,2024-10-03,2024-10-05,244.63,EUR,direct,False
BK00138,Fatima Fischer,2024-10-03,2024-10-04,233.5,EUR,OTA,False
BK00139,Francesco Colombo,2024-10-03,2024-10-05,191.05,USD,direct,False
BK00140,  Alessandro Ferreira  ,2024-10-03,2024-10-13,297.84,EUR,direct,False
BK00141,Moreau Matteo,2024-10-03,2024-10-06,291.84,EUR,OTA,False
BK00142,  William Dubois  ,2024-10-03,2024-10-05,283.1,EUR,direct,False
BK00143,  James Wagner  ,2024-10-04,2024-10-08,216.25,EUR,OTA,False
BK00144,PIERRE MARINO,2024-10-04,2024-10-05,211.16,USD,OTA,False
BK00145,robert klein,2024-10-05,2024-10-09,215.65,EUR,direct,False
BK00146,David Klein,2024-10-05,2024-10-09,222.06,EUR,OTA,False
BK00147,  Pierre Schmidt  ,2024-10-05,2024-10-08,221.02,EUR,direct,True
BK00148,Klaus Ibrahim,2024-10-05,2024-10-06,216.71,EUR,OTA,False
BK00149,  Silvia Rossi  ,2024-10-05,2024-10-06,238.44,EUR,OTA,False
BK00150,Nowak Ananya,2024-10-06,2024-10-08,277.3,USD,OTA,False
BK00151,LAURA FERRARI,2024-10-06,2024-10-08,231.38,EUR,direct,False
BK00152,Novak Carlos,2024-10-06,2024-10-07,246.32,EUR,OTA,False
BK00153,Tanaka Henri,2024-10-06,2024-10-08,307.28,EUR,OTA,False
BK00154,  Arjun Al-Farsi  ,2024-10-06,2024-10-08,217.53,EUR,OTA,False
BK00155,Novak Valentina,2024-10-07,2024-10-09,261.11,EUR,OTA,False
BK00156,  Fatima Petrov  ,2024-10-07,2024-10-08,242.74,EUR,OTA,False
BK00157,Laura Kowalski,2024-10-08,2024-10-10,225.95,EUR,direct,False
BK00158,ananya al-farsi,2024-10-08,2024-10-10,261.8,EUR,OTA,False
BK00159,Yuki Al-Rashid,2024-10-08,2024-10-10,179.23,EUR,OTA,False
BK00160,  William Bianchi  ,2024-10-08,2024-10-09,249.81,EUR,OTA,False
BK00161,LUCIA GRECO,2024-10-09,2024-10-11,168.17,EUR,direct,False
BK00162,maria kaczmarek,2024-10-09,2024-10-13,287.98,EUR,OTA,False
BK00163,Camille Muller,2024-10-09,2024-10-12,249.87,EUR,OTA,False
BK00164,Colombo Patricia,2024-10-09,2024-10-13,219.01,USD,OTA,False
BK00165,SILVIA RICCI,2024-10-10,2024-10-12,220.19,EUR,direct,False
BK00166,Charlotte Conti,2024-10-10,2024-10-12,190.92,EUR,OTA,False
BK00167,Alessandro Ivanov,2024-10-11,2024-10-13,253.2,EUR,OTA,False
BK00168,Schmidt Priya,2024-10-11,2024-10-17,224.57,EUR,OTA,False
BK00169,Yamamoto Olga,2024-10-11,2024-10-12,266.92,EUR,OTA,False
BK00170,Andrea Kobayashi,2024-10-11,2024-10-12,241.08,EUR,OTA,False
BK00171,fatima esposito,2024-10-11,2024-10-12,222.94,EUR,OTA,False
BK00172,YOUSSEF BRUNO,2024-10-11,2024-10-13,195.76,EUR,OTA,False
BK00173,LUCA YAMAMOTO,2024-10-12,2024-10-14,166.2,EUR,OTA,False
BK00174,David Martinez,2024-10-12,2024-10-13,225.27,EUR,direct,False
BK00175,amelia silva,2024-10-12,2024-10-15,237.24,EUR,OTA,False
BK00176,ALESSANDRO HASSAN,2024-10-12,2024-10-15,189.11,EUR,OTA,False
BK00177,dmitri conti,2024-10-13,2024-10-15,239.65,EUR,OTA,False
BK00178,Arjun Patel,2024-10-13,2024-10-14,210.47,EUR,OTA,True
BK00179,  David Nowak  ,2024-10-13,2024-10-14,273.4,EUR,OTA,False
BK00180,hans watanabe,2024-10-13,2024-10-14,219.56,EUR,OTA,True
BK00181,camille lopez,2024-10-13,2024-10-17,212.39,EUR,OTA,False
BK00182,John Klein,2024-10-14,2024-10-17,182.26,EUR,OTA,False
BK00183,Silva Sophie,2024-10-14,2024-10-15,305.83,EUR,direct,False
BK00184,omar bianchi,2024-10-14,2024-10-18,189.23,EUR,OTA,False
BK00185,john bernard,2024-10-14,2024-10-18,217.51,EUR,OTA,False
BK00186,camille garcia,2024-10-14,2024-10-15,295.34,EUR,OTA,False
BK00187,chiara yamamoto,2024-10-15,2024-10-16,198.64,EUR,OTA,False
BK00188,Anna Esposito,2024-10-15,2024-10-16,271.91,EUR,OTA,False
BK00189,John Meyer,2024-10-15,2024-10-21,225.19,USD,OTA,False
BK00190,AHMED PATEL,2024-10-15,2024-10-16,277.87,EUR,OTA,False
BK00191,  Giorgia Petrov  ,2024-10-16,2024-10-19,236.38,EUR,OTA,False
BK00192,OMAR YAMAMOTO,2024-10-16,2024-10-18,247.82,EUR,OTA,False
BK00193,AHMED WEBER,2024-10-16,2024-10-17,239.49,EUR,OTA,False
BK00194,  Anna Al-Farsi  ,2024-10-16,2024-10-18,202.53,EUR,OTA,False
BK00195,LUCA COLOMBO,2024-10-17,2024-10-20,274.72,EUR,OTA,False
BK00196,marco watanabe,2024-10-17,2024-10-23,221.23,EUR,OTA,False
BK00197,Ahmed Smith,2024-10-18,2024-10-19,251.74,EUR,OTA,False
BK00198,  Ananya Singh  ,2024-10-18,2024-10-21,287.18,EUR,OTA,False
BK00199,Marie Sharma,2024-10-18,2024-10-19,265.31,EUR,OTA,False
BK00200,Meyer Alessandro,2024-10-18,2024-10-19,255.13,EUR,OTA,False
BK00201,William Dubois,2024-10-20,2024-10-22,200.7,EUR,OTA,False
BK00202,Luca Lopez,2024-10-20,2024-10-27,284.75,EUR,OTA,False
BK00203,Emma Martinez,2024-10-20,2024-10-26,284.62,EUR,OTA,False
BK00204,Chiara Ferrari,2024-10-20,2024-10-22,243.06,EUR,OTA,False
BK00205,Valentina Martinez,2024-10-20,2024-10-24,205.91,EUR,OTA,False
BK00206,Thomas Bruno,2024-10-21,2024-10-24,197.11,USD,OTA,False
BK00207,priya bianchi,2024-10-21,2024-10-23,280.15,USD,OTA,False
BK00208,Kenji Girard,2024-10-21,2024-10-23,236.7,USD,OTA,False
BK00209,marco kumar,2024-10-22,2024-10-24,269.64,USD,OTA,False
BK00210,ALESSANDRO NOWAK,2024-10-22,2024-10-24,217.87,EUR,OTA,False
BK00211,valentina kaczmarek,2024-10-22,2024-10-24,208.59,EUR,direct,False
BK00212,PATRICIA SINGH,2024-10-22,2024-10-23,238.97,EUR,OTA,False
BK00213,Nikolai Kaczmarek,2024-10-22,2024-10-25,228.57,EUR,direct,False
BK00214,Girard Anna,2024-10-23,2024-10-24,264.06,USD,OTA,False
BK00215,Laura Al-Rashid,2024-10-23,2024-10-27,255.35,EUR,OTA,False
BK00216,marco costa,2024-10-24,2024-10-27,269.7,USD,OTA,False
BK00217,ALESSANDRO KIM,2024-10-24,2024-10-28,236.23,USD,OTA,False
BK00218,lucia fernandez,2024-10-24,2024-10-25,230.0,EUR,OTA,False
BK00219,Muller Omar,2024-10-24,2024-10-26,300.39,EUR,OTA,False
BK00220,david bruno,2024-10-25,2024-10-27,226.07,EUR,OTA,False
BK00221,Lefevre John,2024-10-25,2024-10-28,214.4,EUR,direct,True
BK00222,SILVIA SCHMIDT,2024-10-26,2024-10-28,227.58,EUR,OTA,False
BK00223,pierre smith,2024-10-26,2024-10-31,228.7,EUR,OTA,False
BK00224,jean andersen,2024-10-26,2024-10-27,194.03,EUR,direct,False
BK00225,Robert Lefevre,2024-10-27,2024-10-28,240.38,EUR,OTA,False
BK00226,  Giulia Esposito  ,2024-10-27,2024-10-30,227.39,EUR,OTA,False
BK00227,sara chen,2024-10-27,2024-10-28,244.15,EUR,direct,False
BK00228,klaus yamamoto,2024-10-27,2024-10-27,255.24,EUR,OTA,False
BK00229,SIMONE NOWAK,2024-10-27,2024-10-30,237.28,EUR,OTA,False
BK00230,lucia chen,2024-10-28,2024-10-30,241.46,EUR,OTA,False
BK00231,Anna Lopez,2024-10-29,2024-10-31,227.5,EUR,OTA,False
BK00232,olga suzuki,2024-10-29,2024-10-31,230.06,EUR,OTA,False
BK00233,isabella bernard,2024-10-30,2024-11-01,223.5,USD,OTA,False
BK00234,Jean Andersen,2024-10-30,2024-10-31,215.32,USD,OTA,False
BK00235,Muller Marco,2024-10-30,2024-11-02,224.36,EUR,OTA,False
BK00236,  Simone Watanabe  ,2024-10-31,2024-11-02,244.81,EUR,OTA,False
BK00237,  Simone Ferrari  ,2024-10-31,2024-11-03,227.7,EUR,direct,False
BK00238,isabella al-rashid,2024-10-31,2024-11-01,234.51,EUR,OTA,False
BK00239,Carlos Ivanov,2024-10-31,2024-11-01,208.45,USD,direct,False
BK00240,carlos bianchi,2024-11-01,2024-11-03,229.91,USD,OTA,False
BK00241,Johnson Paolo,2024-11-01,2024-11-04,233.55,EUR,OTA,False
BK00242,Tanaka Camille,2024-11-01,2024-11-02,182.32,EUR,OTA,False
BK00243,PATRICIA MEYER,2024-11-02,2024-11-05,241.75,USD,OTA,True
BK00244,Dubois Diego,2024-11-02,2024-11-03,233.17,EUR,OTA,False
BK00245,Yamamoto Silvia,2024-11-02,2024-11-05,201.33,EUR,direct,False
BK00246,Matteo Tanaka,2024-11-02,2024-11-03,220.49,EUR,OTA,False
BK00247,INGRID COLOMBO,2024-11-03,2024-11-04,218.8,EUR,OTA,False
BK00248,Federica Schmidt,2024-11-03,2024-11-05,245.46,EUR,OTA,False
BK00249,Kenji Colombo,2024-11-04,2024-11-06,208.98,EUR,OTA,False
BK00250,ANDREA PETROV,2024-11-04,2024-11-05,184.63,EUR,direct,True
BK00251,Priya Kim,2024-11-04,2024-11-06,220.73,EUR,OTA,False
BK00252,Emma Patel,2024-11-04,2024-11-06,236.3,EUR,OTA,False
BK00253,YUKI HASSAN,2024-11-05,2024-11-10,206.33,EUR,OTA,False
BK00254,amelia patel,2024-11-05,2024-11-10,236.63,EUR,OTA,False
BK00255,Ivanov Simone,2024-11-05,2024-11-06,196.24,EUR,OTA,False
BK00256,Paolo Wagner,2024-11-06,2024-11-12,186.22,USD,OTA,False
BK00257,  Camille Ibrahim  ,2024-11-06,2024-11-07,326.04,EUR,OTA,False
BK00258,Esposito Emma,2024-11-06,2024-11-08,224.13,EUR,OTA,False
BK00259,Ibrahim Simone,2024-11-06,2024-11-08,238.24,EUR,OTA,False
BK00260,Hassan Isabella,2024-11-06,2024-11-07,243.41,EUR,direct,False
BK00261,  Fatima Lopez  ,2024-11-07,2024-11-12,233.72,EUR,OTA,False
BK00262,Simone Colombo,2024-11-07,2024-11-10,264.57,USD,OTA,False
BK00263,LUCIA FERRARI,2024-11-07,2024-11-09,245.99,USD,OTA,False
BK00264,Petrov Marco,2024-11-07,2024-11-10,264.99,EUR,direct,False
BK00265,Olga Wagner,2024-11-08,2024-11-09,211.05,EUR,OTA,False
BK00266,Astrid Garcia,2024-11-08,2024-11-09,177.87,EUR,OTA,False
BK00267,olivia lopez,2024-11-08,2024-11-10,222.14,EUR,OTA,False
BK00268,DAVID GARCIA,2024-11-08,2024-11-11,207.02,EUR,OTA,False
BK00269,Muller Isabella,2024-11-08,2024-11-10,208.79,EUR,direct,False
BK00270,NIKOLAI BIANCHI,2024-11-08,2024-11-11,226.65,EUR,direct,False
BK00271,francesco sharma,2024-11-09,2024-11-11,235.5,USD,OTA,False
BK00272,OLGA IVANOV,2024-11-09,2024-11-11,271.88,USD,direct,False
BK00273,ASTRID NOVAK,2024-11-09,2024-11-11,176.1,EUR,OTA,False
BK00274,Marie Nilsson,2024-11-10,2024-11-13,282.27,EUR,OTA,False
BK00275,Ahmed Conti,2024-11-10,2024-11-14,244.01,EUR,OTA,False
BK00276,Andrea Rossi,2024-11-11,2024-11-15,217.57,USD,OTA,False
BK00277,Aiko Muller,2024-11-11,2024-11-12,229.85,EUR,OTA,False
BK00278,Lucia Park,2024-11-11,2024-11-13,244.04,EUR,OTA,False
BK00279,ahmed sokolov,2024-11-12,2024-11-16,222.21,USD,OTA,True
BK00280,SARA NOVAK,2024-11-13,2024-11-16,225.19,EUR,direct,False
BK00281,Bianchi Fatima,2024-11-13,2024-11-18,227.15,EUR,OTA,False
BK00282,AHMED SHARMA,2024-11-13,2024-11-14,190.86,EUR,OTA,False
BK00283,ERIK MARINO,2024-11-14,2024-11-17,204.17,EUR,OTA,False
BK00284,Ibrahim Ekaterina,2024-11-14,2024-11-16,226.25,USD,OTA,False
BK00285,SARA LEFEVRE,2024-11-14,2024-11-17,279.93,EUR,OTA,False
BK00286,Lopez Robert,2024-11-14,2024-11-17,225.75,USD,OTA,True
BK00287,DAVID SMITH,2024-11-14,2024-11-16,194.49,EUR,direct,False
BK00288,DAVID LOPEZ,2024-11-15,2024-11-17,245.94,EUR,OTA,False
BK00289,layla yamamoto,2024-11-15,2024-11-17,200.92,EUR,direct,False
BK00290,  Olga Watanabe  ,2024-11-15,2024-11-16,293.42,EUR,OTA,True
BK00291,Klaus Garcia,2024-11-16,2024-11-17,299.32,EUR,direct,False
BK00292,Alessandro Rossi,2024-11-16,2024-11-17,191.82,USD,OTA,False
BK00293,Luca Klein,2024-11-16,2024-11-20,247.1,EUR,direct,False
BK00294,Paolo Fischer,2024-11-17,2024-11-19,207.24,EUR,OTA,False
BK00295,layla kumar,2024-11-17,2024-11-20,269.51,EUR,OTA,False
BK00296,Elena Ferrari,2024-11-17,2024-11-22,250.24,EUR,OTA,False
BK00297,anna tanaka,2024-11-17,2024-11-20,259.21,EUR,direct,False
BK00298,Ingrid Nakamura,2024-11-18,2024-11-19,253.48,EUR,OTA,False
BK00299,ANANYA FISCHER,2024-11-18,2024-11-23,238.21,EUR,direct,False
BK00300,  Diego Marino  ,2024-11-19,2024-11-21,249.83,EUR,OTA,False
BK00301,pierre kobayashi,2024-11-20,2024-11-21,237.85,EUR,OTA,True
BK00302,DIEGO SUZUKI,2024-11-21,2024-11-27,216.13,EUR,OTA,False
BK00303,Pierre Romano,2024-11-21,2024-11-22,270.17,EUR,OTA,False
BK00304,Colombo Ekaterina,2024-11-21,2024-11-23,230.22,EUR,OTA,False
BK00305,hans costa,2024-11-21,2024-11-23,280.48,EUR,OTA,False
BK00306,Carlos Petrov,2024-11-21,2024-11-24,265.91,EUR,OTA,False
BK00307,Marie Watanabe,2024-11-21,2024-11-22,272.6,EUR,OTA,False
BK00308,ERIK CHEN,2024-11-21,2024-11-22,217.59,EUR,direct,True
BK00309,  Camille Marino  ,2024-11-22,2024-11-25,236.91,EUR,OTA,False
BK00310,francesco kobayashi,2024-11-23,2024-11-28,216.07,EUR,OTA,False
BK00311,  Maria Garcia  ,2024-11-24,2024-11-25,185.92,EUR,OTA,True
BK00312,Sara Bruno,2024-11-24,2024-11-25,250.3,USD,OTA,False
BK00313,  Kenji Garcia  ,2024-11-24,2024-11-26,252.25,EUR,OTA,False
BK00314,klaus leroy,2024-11-25,2024-11-27,247.34,USD,OTA,False
BK00315,EKATERINA GIRARD,2024-11-26,2024-12-01,254.21,EUR,OTA,False
BK00316,Nikolai Yamamoto,2024-11-27,2024-11-28,254.51,EUR,OTA,False
BK00317,SIMONE PARK,2024-11-27,2024-11-30,274.16,USD,OTA,False
BK00318,Valentina Weber,2024-11-27,2024-12-01,290.73,EUR,direct,False
BK00319,Sophie Ibrahim,2024-11-27,2024-12-04,241.97,EUR,OTA,False
BK00320,david yamamoto,2024-11-28,2024-11-30,258.96,EUR,direct,False
BK00321,olga silva,2024-11-28,2024-12-01,204.15,EUR,direct,False
BK00322,EKATERINA CONTI,2024-11-28,2024-11-29,228.64,EUR,OTA,False
BK00323,marie sokolov,2024-11-28,2024-11-29,196.61,USD,direct,False
BK00324,Klaus Wagner,2024-11-28,2024-12-02,241.57,EUR,OTA,False
BK00325,Simone Girard,2024-11-29,2024-12-02,273.4,EUR,OTA,False
BK00326,Andrea Ivanov,2024-11-29,2024-11-30,268.07,EUR,OTA,False
BK00327,Sara Suzuki,2024-11-30,2024-12-02,219.13,EUR,direct,False
BK00328,SILVIA WATANABE,2024-11-30,2024-12-02,300.67,USD,direct,False
BK00329,PATRICIA DUBOIS,2024-11-30,2024-12-01,268.58,EUR,OTA,False
BK00330,  Astrid Ricci  ,2024-12-01,2024-12-06,325.33,EUR,OTA,False
BK00331,chiara silva,2024-12-01,2024-12-05,381.56,EUR,OTA,False
BK00332,OLIVIA ESPOSITO,2024-12-02,2024-12-05,380.96,USD,OTA,False
BK00333,Camille Andersen,2024-12-02,2024-12-04,377.19,USD,direct,False
BK00334,aiko patel,2024-12-02,2024-12-05,426.87,EUR,OTA,False
BK00335,  Alessandro Moreau  ,2024-12-02,2024-12-06,451.3,EUR,direct,False
BK00336,William Marino,2024-12-02,2024-12-04,444.03,EUR,direct,False
BK00337,Marco Yamamoto,2024-12-02,2024-12-05,367.16,EUR,direct,False
BK00338,chiara schmidt,2024-12-03,2024-12-09,375.46,EUR,OTA,False
BK00339,DIEGO NOVAK,2024-12-03,2024-12-06,366.55,EUR,direct,False
BK00340,ERIK WEBER,2024-12-03,2024-12-08,367.06,USD,OTA,False
BK00341,WILLIAM KOWALSKI,2024-12-03,2024-12-06,424.74,EUR,OTA,False
BK00342,arjun kim,2024-12-03,2024-12-06,389.25,EUR,direct,False
BK00343,olga singh,2024-12-03,2024-12-06,471.11,EUR,OTA,False
BK00344,Sophie Kaczmarek,2024-12-03,2024-12-06,481.09,EUR,OTA,False
BK00345,  Priya Fischer  ,2024-12-03,2024-12-06,347.25,EUR,direct,False
BK00346,Nakamura Valentina,2024-12-04,2024-12-05,509.24,EUR,OTA,False
BK00347,  Marco Kaczmarek  ,2024-12-04,2024-12-09,483.0,EUR,OTA,False
BK00348,  William Al-Rashid  ,2024-12-04,2024-12-07,400.68,EUR,direct,False
BK00349,SOPHIE NOVAK,2024-12-04,2024-12-10,372.12,EUR,direct,False
BK00350,Al-Farsi Ekaterina,2024-12-04,2024-12-07,472.62,EUR,OTA,True
BK00351,DAVID COLOMBO,2024-12-04,2024-12-05,448.38,EUR,direct,False
BK00352,Hans Kumar,2024-12-04,2024-12-08,445.25,EUR,OTA,False
BK00353,Ingrid Marino,2024-12-04,2024-12-07,456.37,EUR,direct,False
BK00354,OMAR SOKOLOV,2024-12-04,2024-12-08,508.61,EUR,OTA,False
BK00355,Youssef Leroy,2024-12-04,2024-12-09,454.29,EUR,OTA,True
BK00356,INGRID PETROV,2024-12-05,2024-12-08,426.38,EUR,OTA,False
BK00357,SIMONE SMITH,2024-12-05,2024-12-09,440.38,EUR,OTA,False
BK00358,CARLOS DUBOIS,2024-12-05,2024-12-10,406.77,EUR,OTA,False
BK00359,Pierre Johnson,2024-12-05,2024-12-11,377.74,USD,OTA,False
BK00360,EKATERINA WATANABE,2024-12-05,2024-12-06,333.23,EUR,direct,False
BK00361,dmitri martinez,2024-12-05,2024-12-08,459.63,EUR,OTA,False
BK00362,ALESSANDRO PARK,2024-12-05,2024-12-10,400.77,EUR,OTA,False
BK00363,CHARLOTTE SHARMA,2024-12-05,2024-12-08,456.4,EUR,direct,False
BK00364,  Pierre Kim  ,2024-12-05,2024-12-06,454.14,EUR,OTA,False
BK00365,Ingrid Kobayashi,2024-12-05,2024-12-08,422.72,EUR,direct,False
BK00366,Charlotte Watanabe,2024-12-06,2024-12-16,403.48,EUR,direct,False
BK00367,James Weber,2024-12-06,2024-12-13,332.52,EUR,direct,False
BK00368,FATIMA ANDERSEN,2024-12-06,2024-12-10,453.04,EUR,OTA,False
BK00369,silvia kaczmarek,2024-12-06,2024-12-09,414.44,EUR,direct,False
BK00370,Olivia Martinez,2024-12-06,2024-12-09,438.37,USD,OTA,False
BK00371,kenji nakamura,2024-12-06,2024-12-10,414.41,EUR,direct,False
BK00372,Fatima Kumar,2024-12-06,2024-12-09,434.6,EUR,OTA,True
BK00373,CARLOS COLOMBO,2024-12-06,2024-12-10,383.15,EUR,OTA,False
BK00374,Garcia Layla,2024-12-06,2024-12-07,452.42,EUR,OTA,False
BK00375,  Pierre Greco  ,2024-12-07,2024-12-11,430.34,EUR,OTA,False
BK00376,  Charlotte Petrov  ,2024-12-07,2024-12-11,408.41,EUR,OTA,True
BK00377,  Sara Nowak  ,2024-12-07,2024-12-13,436.79,EUR,OTA,False
BK00378,CHIARA TANAKA,2024-12-07,2024-12-15,400.45,USD,OTA,True
BK00379,olivia nilsson,2024-12-07,2024-12-13,461.89,EUR,direct,False
BK00380,kenji costa,2024-12-07,2024-12-09,368.82,USD,OTA,False
BK00381,Bruno Olga,2024-12-07,2024-12-09,401.97,EUR,OTA,False
BK00382,Giorgia Andersen,2024-12-08,2024-12-10,390.33,EUR,direct,False
BK00383,Petrov Francesco,2024-12-08,2024-12-10,475.84,EUR,direct,False
BK00384,ROBERT KLEIN,2024-12-08,2024-12-13,516.92,USD,direct,False
BK00385,JEAN SINGH,2024-12-08,2024-12-10,353.52,EUR,direct,False
BK00386,john schmidt,2024-12-09,2024-12-11,380.87,EUR,OTA,False
BK00387,ANNA RICCI,2024-12-09,2024-12-12,499.72,EUR,direct,False
BK00388,Watanabe Maria,2024-12-09,2024-12-13,423.1,EUR,direct,False
BK00389,Lucia Martinez,2024-12-09,2024-12-15,408.6,EUR,OTA,False
BK00390,  Matteo Conti  ,2024-12-10,2024-12-15,345.82,USD,direct,False
BK00391,MARIA PETROV,2024-12-10,2024-12-12,464.26,EUR,OTA,False
BK00392,  Simone Watanabe  ,2024-12-10,2024-12-13,401.99,EUR,OTA,True
BK00393,charlotte colombo,2024-12-10,2024-12-15,537.06,EUR,OTA,False
BK00394,ERIK NAKAMURA,2024-12-10,2024-12-14,423.37,EUR,direct,False
BK00395,Henri Costa,2024-12-10,2024-12-13,471.44,EUR,direct,False
BK00396,Nilsson Diego,2024-12-11,2024-12-16,382.39,EUR,OTA,False
BK00397,JAMES MARTINEZ,2024-12-11,2024-12-15,376.51,EUR,OTA,False
BK00398,  Omar Andersen  ,2024-12-11,2024-12-18,481.38,EUR,OTA,False
BK00399,MATTEO BERNARD,2024-12-11,2024-12-17,402.08,EUR,OTA,False
BK00400,GIULIA FERRARI,2024-12-11,2024-12-14,431.23,USD,OTA,False
BK00401,  Aiko Silva  ,2024-12-11,2024-12-17,379.55,EUR,direct,False
BK00402,Sara Esposito,2024-12-11,2024-12-13,510.57,EUR,OTA,False
BK00403,OLGA COSTA,2024-12-11,2024-12-15,462.61,EUR,OTA,False
BK00404,  Matteo Sharma  ,2024-12-12,2024-12-17,505.92,EUR,OTA,False
BK00405,HANS COLOMBO,2024-12-12,2024-12-16,387.67,EUR,direct,False
BK00406,Diego Rossi,2024-12-12,2024-12-16,466.09,EUR,OTA,False
BK00407,Youssef Singh,2024-12-12,2024-12-18,501.37,USD,direct,False
BK00408,  Camille Kumar  ,2024-12-12,2024-12-14,436.12,EUR,direct,False
BK00409,isabella ivanov,2024-12-12,2024-12-17,450.89,EUR,OTA,True
BK00410,  Henri Sharma  ,2024-12-12,2024-12-14,425.93,EUR,OTA,False
BK00411,AIKO ANDERSEN,2024-12-12,2024-12-15,425.38,EUR,direct,False
BK00412,ANDREA CONTI,2024-12-13,2024-12-15,434.8,EUR,direct,False
BK00413,Astrid Patel,2024-12-13,2024-12-17,463.04,EUR,OTA,False
BK00414,Marco Singh,2024-12-13,2024-12-17,432.78,EUR,OTA,False
BK00415,Chiara Novak,2024-12-13,2024-12-15,485.71,EUR,OTA,True
BK00416,Arjun Sokolov,2024-12-13,2024-12-17,412.56,EUR,OTA,False
BK00417,ananya ivanov,2024-12-14,2024-12-16,402.03,EUR,direct,False
BK00418,kenji al-rashid,2024-12-14,2024-12-20,420.67,EUR,OTA,False
BK00419,Aiko Lopez,2024-12-14,2024-12-17,377.34,EUR,OTA,False
BK00420,THOMAS LEFEVRE,2024-12-14,2024-12-16,416.48,EUR,direct,False
BK00421,  Chiara Kaczmarek  ,2024-12-14,2024-12-15,372.35,EUR,direct,False
BK00422,layla popov,2024-12-15,2024-12-18,435.98,EUR,direct,False
BK00423,astrid fischer,2024-12-15,2024-12-17,399.26,EUR,OTA,False
BK00424,Ingrid Al-Rashid,2024-12-15,2024-12-20,447.64,EUR,OTA,False
BK00425,Marino Arjun,2024-12-15,2024-12-18,419.09,EUR,direct,True
BK00426,Dmitri Leroy,2024-12-15,2024-12-16,410.95,USD,OTA,False
BK00427,LUCA LEFEVRE,2024-12-15,2024-12-19,485.57,USD,OTA,False
BK00428,robert greco,2024-12-15,2024-12-17,430.16,EUR,direct,True
BK00429,FATIMA KLEIN,2024-12-15,2024-12-22,447.06,EUR,OTA,False
BK00430,  Erik Andersen  ,2024-12-15,2024-12-23,378.63,USD,OTA,False
BK00431,Pierre Yamamoto,2024-12-15,2024-12-19,463.02,EUR,OTA,False
BK00432,Sara Nakamura,2024-12-15,2024-12-26,429.15,USD,direct,False
BK00433,JEAN IBRAHIM,2024-12-15,2024-12-18,403.21,EUR,OTA,False
BK00434,paolo bruno,2024-12-16,2024-12-23,411.02,EUR,direct,True
BK00435,Muller Federica,2024-12-16,2024-12-20,442.49,EUR,direct,False
BK00436,Layla Nakamura,2024-12-16,2024-12-20,386.94,EUR,direct,False
BK00437,  Carlos Smith  ,2024-12-16,2024-12-17,485.57,EUR,OTA,False
BK00438,  John Dubois  ,2024-12-16,2024-12-19,445.05,EUR,OTA,False
BK00439,Lefevre Anna,2024-12-17,2024-12-21,425.61,USD,direct,False
BK00440,  David Watanabe  ,2024-12-17,2024-12-19,413.22,EUR,OTA,False
BK00441,  Lucia Garcia  ,2024-12-18,2024-12-24,462.73,EUR,OTA,False
BK00442,DIEGO TANAKA,2024-12-18,2024-12-20,388.05,EUR,OTA,False
BK00443,omar novak,2024-12-18,2024-12-19,404.25,EUR,OTA,False
BK00444,Omar Colombo,2024-12-18,2024-12-21,412.93,USD,OTA,False
BK00445,John Weber,2024-12-18,2024-12-23,435.61,EUR,OTA,False
BK00446,EKATERINA MARTINEZ,2024-12-18,2024-12-22,370.44,EUR,OTA,False
BK00447,Aiko Nakamura,2024-12-18,2024-12-21,357.7,EUR,OTA,False
BK00448,youssef fischer,2024-12-18,2024-12-23,408.48,EUR,OTA,False
BK00449,hans tanaka,2024-12-19,2024-12-21,481.66,USD,direct,False
BK00450,simone fischer,2024-12-19,2024-12-23,411.93,EUR,direct,False
BK00451,Suzuki Carlos,2024-12-19,2024-12-20,479.86,EUR,OTA,False
BK00452,WILLIAM BRUNO,2024-12-19,2024-12-22,471.99,EUR,OTA,False
BK00453,  Diego Petrov  ,2024-12-19,2024-12-22,401.49,USD,direct,False
BK00454,LAYLA FISCHER,2024-12-20,2024-12-25,478.72,EUR,OTA,False
BK00455,Emma Novak,2024-12-20,2024-12-24,415.93,EUR,OTA,False
BK00456,Valentina Popov,2024-12-20,2024-12-22,384.75,EUR,direct,False
BK00457,Erik Fischer,2024-12-20,2024-12-23,409.62,EUR,direct,False
BK00458,ASTRID IVANOV,2024-12-20,2024-12-23,539.85,USD,OTA,True
BK00459,Fatima Costa,2024-12-20,2024-12-25,500.58,EUR,direct,False
BK00460,robert muller,2024-12-20,2024-12-21,372.57,EUR,OTA,False
BK00461,kenji conti,2024-12-20,2024-12-23,408.96,EUR,OTA,False
BK00462,ROBERT PETROV,2024-12-20,2024-12-23,378.03,EUR,OTA,False
BK00463,Klaus Ferreira,2024-12-21,2024-12-26,414.69,EUR,direct,False
BK00464,Sara Ivanov,2024-12-21,2024-12-25,342.51,EUR,direct,False
BK00465,charlotte hassan,2024-12-21,2024-12-24,450.19,USD,OTA,False
BK00466,priya silva,2024-12-21,2024-12-23,502.41,USD,OTA,False
BK00467,SOPHIE LEROY,2024-12-21,2024-12-25,397.92,USD,direct,False
BK00468,WILLIAM NOWAK,2024-12-21,2024-12-22,387.57,EUR,direct,False
BK00469,elena andersen,2024-12-22,2024-12-26,522.08,USD,OTA,False
BK00470,Petrov Elena,2024-12-22,2024-12-26,383.65,EUR,OTA,False
BK00471,Al-Rashid Marie,2024-12-22,2024-12-27,467.95,USD,OTA,False
BK00472,anna conti,2024-12-22,2024-12-30,424.23,USD,direct,False
BK00473,Pierre Fernandez,2024-12-22,2024-12-24,443.52,EUR,OTA,False
BK00474,PATRICIA IBRAHIM,2024-12-22,2024-12-25,472.93,USD,OTA,False
BK00475,ANANYA PARK,2024-12-22,2024-12-26,397.19,EUR,OTA,False
BK00476,Luca Smith,2024-12-22,2024-12-25,418.75,EUR,OTA,False
BK00477,Rossi Alessandro,2024-12-23,2024-12-26,384.65,USD,direct,False
BK00478,Rossi Jean,2024-12-23,2024-12-28,429.93,USD,OTA,False
BK00479,Kenji Esposito,2024-12-23,2024-12-30,395.37,EUR,OTA,False
BK00480,JAMES SCHMIDT,2024-12-23,2024-12-28,462.15,EUR,OTA,False
BK00481,Conti Lucia,2024-12-23,2024-12-25,424.97,EUR,OTA,False
BK00482,  Henri Kowalski  ,2024-12-23,2024-12-26,376.22,EUR,direct,False
BK00483,ekaterina costa,2024-12-23,2024-12-27,439.07,EUR,direct,False
BK00484,OLIVIA WEBER,2024-12-24,2024-12-26,448.7,EUR,OTA,False
BK00485,Omar Ferrari,2024-12-24,2024-12-26,464.87,EUR,direct,True
BK00486,  James Kim  ,2024-12-24,2024-12-26,384.67,USD,OTA,False
BK00487,  Alessandro Yamamoto  ,2024-12-24,2024-12-24,471.99,USD,OTA,True
BK00488,Dmitri Dubois,2024-12-24,2024-12-26,392.7,EUR,direct,False
BK00489,Arjun Singh,2024-12-25,2024-12-27,390.51,EUR,direct,False
BK00490,OMAR IBRAHIM,2024-12-25,2024-12-28,438.88,USD,OTA,False
BK00491,ASTRID ANDERSEN,2024-12-25,2024-12-26,423.53,USD,OTA,False
BK00492,ANDREA COLOMBO,2024-12-25,2024-12-28,329.83,EUR,OTA,False
BK00493,Layla Bruno,2024-12-25,2024-12-27,463.08,USD,OTA,False
BK00494,  Aiko Suzuki  ,2024-12-25,2024-12-28,452.75,EUR,direct,False
BK00495,Paolo Ibrahim,2024-12-25,2024-12-27,407.85,EUR,OTA,True
BK00496,Priya Johnson,2024-12-25,2024-12-27,380.37,EUR,direct,False
BK00497,  Matteo Meyer  ,2024-12-25,2024-12-28,422.75,USD,direct,False
BK00498,Luca Chen,2024-12-25,2024-12-27,453.75,EUR,OTA,True
BK00499,hans schmidt,2024-12-25,2024-12-26,391.09,EUR,OTA,False
BK00500,Giorgia Ferreira,2024-12-25,2024-12-27,399.46,EUR,OTA,False
BK00501,Nakamura Camille,2024-12-25,2024-12-29,450.81,USD,OTA,False
BK00502,Lucia Muller,2024-12-25,2024-12-27,397.68,USD,direct,False
BK00503,OLGA ESPOSITO,2024-12-25,2024-12-27,384.69,EUR,OTA,False
BK00504,ROBERT COLOMBO,2024-12-26,2024-12-28,416.6,EUR,OTA,False
BK00505,PAOLO KOBAYASHI,2024-12-26,2024-12-30,441.11,EUR,OTA,False
BK00506,  Priya Sokolov  ,2024-12-26,2024-12-28,378.68,EUR,OTA,True
BK00507,Silvia Tanaka,2024-12-26,2024-12-25,348.61,EUR,direct,False
BK00508,Ahmed Lefevre,2024-12-26,2024-12-30,513.56,EUR,OTA,False
BK00509,Dubois Aiko,2024-12-27,2024-12-30,489.48,EUR,OTA,False
BK00510,Luca Nowak,2024-12-27,2024-12-30,450.4,EUR,direct,True
BK00511,Federica Fischer,2024-12-27,2025-01-01,499.79,EUR,OTA,False
BK00512,ALESSANDRO FERRARI,2024-12-27,2024-12-28,458.82,EUR,direct,False
BK00513,Alessandro Muller,2024-12-28,2024-12-30,339.78,USD,direct,False
BK00514,Silvia Ferreira,2024-12-28,2024-12-29,426.06,EUR,OTA,True
BK00515,Camille Ibrahim,2024-12-28,2024-12-31,479.51,EUR,OTA,True
BK00516,ASTRID PARK,2024-12-28,2025-01-03,411.46,EUR,OTA,False
BK00517,THOMAS SMITH,2024-12-28,2024-12-29,425.55,USD,direct,False
BK00518,Camille Moreau,2024-12-28,2025-01-01,339.97,USD,direct,False
BK00519,priya lopez,2024-12-28,2024-12-29,397.25,EUR,OTA,False
BK00520,emma moreau,2024-12-28,2024-12-27,376.98,EUR,direct,False
BK00521,james patel,2024-12-28,2025-01-02,433.62,EUR,direct,False
BK00522,FRANCESCO GIRARD,2024-12-28,2024-12-30,448.18,EUR,direct,False
BK00523,giorgia muller,2024-12-29,2024-12-31,390.21,USD,OTA,False
BK00524,Silvia Silva,2024-12-29,2025-01-02,404.32,EUR,direct,False
BK00525,HENRI KUMAR,2024-12-30,2025-01-01,406.75,EUR,OTA,False
BK00526,Omar Ricci,2024-12-30,2025-01-06,454.43,EUR,OTA,False
BK00527,Giorgia Girard,2024-12-30,2025-01-03,473.82,EUR,OTA,False
BK00528,  Yuki Dubois  ,2024-12-30,2025-01-02,361.14,USD,OTA,False
BK00529,  John Al-Farsi  ,2024-12-30,2025-01-07,430.87,EUR,OTA,False
BK00530,Luca Petrov,2024-12-30,2025-01-02,414.7,EUR,direct,False
BK00531,ERIK RICCI,2024-12-30,2025-01-05,534.24,EUR,OTA,False
BK00532,  Isabella Dubois  ,2024-12-31,2025-01-03,472.56,USD,direct,False
BK00533,Youssef Fernandez,2024-12-31,2025-01-04,384.98,USD,direct,False
BK00534,NIKOLAI COLOMBO,2024-12-31,2025-01-01,404.61,EUR,OTA,False
BK00535,  Paolo Nowak  ,2025-01-01,2025-01-05,236.81,EUR,direct,True
BK00536,Olga Ferreira,2025-01-01,2025-01-04,260.83,EUR,OTA,False
BK00537,hans nilsson,2025-01-01,2025-01-02,259.01,EUR,OTA,False
BK00538,  Sophie Fischer  ,2025-01-02,2025-01-04,229.3,EUR,OTA,False
BK00539,Emma Kim,2025-01-03,2025-01-06,249.23,EUR,OTA,False
BK00540,jean lopez,2025-01-03,2025-01-05,157.34,EUR,OTA,False
BK00541,camille park,2025-01-03,2025-01-08,219.62,EUR,direct,False
BK00542,SIMONE ROMANO,2025-01-03,2025-01-05,235.73,EUR,direct,False
BK00543,KLAUS LOPEZ,2025-01-03,2025-01-08,237.25,EUR,OTA,False
BK00544,Thomas Marino,2025-01-03,2025-01-07,272.64,EUR,OTA,False
BK00545,priya kaczmarek,2025-01-03,2025-01-09,253.4,USD,direct,False
BK00546,Laura Al-Farsi,2025-01-03,2025-01-08,228.4,USD,OTA,False
BK00547,  Francesco Kowalski  ,2025-01-03,2025-01-05,264.85,EUR,direct,False
BK00548,Priya Weber,2025-01-04,2025-01-06,272.43,USD,OTA,False
BK00549,Alessandro Kowalski,2025-01-04,2025-01-11,258.15,USD,OTA,False
BK00550,PRIYA IBRAHIM,2025-01-05,2025-01-07,234.65,EUR,OTA,False
BK00551,HENRI BRUNO,2025-01-05,2025-01-08,219.99,EUR,OTA,False
BK00552,Simone Andersen,2025-01-05,2025-01-07,264.06,USD,OTA,False
BK00553,JOHN AL-RASHID,2025-01-05,2025-01-08,231.83,EUR,OTA,False
BK00554,Charlotte Ferreira,2025-01-06,2025-01-09,263.97,USD,OTA,False
BK00555,Petrov Pierre,2025-01-06,2025-01-07,194.93,EUR,OTA,False
BK00556,Johnson Maria,2025-01-06,2025-01-08,238.12,EUR,OTA,False
BK00557,Marie Nakamura,2025-01-07,2025-01-13,248.99,EUR,OTA,False
BK00558,Giulia Ferreira,2025-01-07,2025-01-08,254.79,EUR,direct,False
BK00559,DIEGO YAMAMOTO,2025-01-07,2025-01-14,238.78,EUR,OTA,False
BK00560,VALENTINA MARINO,2025-01-07,2025-01-08,249.18,USD,OTA,False
BK00561,HENRI FERRARI,2025-01-08,2025-01-12,280.19,EUR,OTA,False
BK00562,  Henri Sokolov  ,2025-01-08,2025-01-12,178.7,EUR,direct,False
BK00563,Layla Ferreira,2025-01-09,2025-01-10,272.25,EUR,OTA,False
BK00564,anna leroy,2025-01-10,2025-01-13,235.28,EUR,OTA,False
BK00565,Maria Moreau,2025-01-10,2025-01-12,258.97,EUR,OTA,False
BK00566,erik costa,2025-01-11,2025-01-13,272.7,EUR,direct,False
BK00567,YUKI ESPOSITO,2025-01-11,2025-01-15,233.97,EUR,OTA,False
BK00568,  Simone Costa  ,2025-01-12,2025-01-15,164.19,USD,OTA,False
BK00569,KLAUS JOHNSON,2025-01-12,2025-01-13,294.48,EUR,OTA,False
BK00570,Bianchi David,2025-01-12,2025-01-13,254.86,EUR,OTA,False
BK00571,  Hans Lopez  ,2025-01-12,2025-01-13,273.44,EUR,OTA,False
BK00572,youssef tanaka,2025-01-12,2025-01-17,234.53,EUR,OTA,False
BK00573,Silvia Ivanov,2025-01-12,2025-01-14,291.74,EUR,OTA,False
BK00574,Sophie Costa,2025-01-13,2025-01-16,248.73,EUR,OTA,False
BK00575,EKATERINA RICCI,2025-01-13,2025-01-14,278.63,EUR,OTA,False
BK00576,patricia johnson,2025-01-13,2025-01-15,254.23,USD,OTA,False
BK00577,LUCA FISCHER,2025-01-13,2025-01-15,252.12,EUR,OTA,False
BK00578,PATRICIA KUMAR,2025-01-13,2025-01-15,219.73,USD,OTA,False
BK00579,ISABELLA FERNANDEZ,2025-01-14,2025-01-16,181.33,EUR,OTA,False
BK00580,Dmitri Kaczmarek,2025-01-14,2025-01-15,263.28,EUR,OTA,False
BK00581,Tanaka Paolo,2025-01-14,2025-01-18,210.98,EUR,OTA,False
BK00582,maria ivanov,2025-01-14,2025-01-17,265.45,EUR,OTA,False
BK00583,Giorgia Chen,2025-01-14,2025-01-15,236.97,EUR,direct,False
BK00584,FEDERICA LEROY,2025-01-15,2025-01-17,216.36,EUR,OTA,True
BK00585,emma bernard,2025-01-15,2025-01-14,261.21,EUR,direct,True
BK00586,FRANCESCO HASSAN,2025-01-15,2025-01-17,200.98,USD,OTA,False
BK00587,ANNA COLOMBO,2025-01-15,2025-01-18,232.35,EUR,direct,False
BK00588,francesco silva,2025-01-16,2025-01-17,283.62,EUR,OTA,False
BK00589,  Layla Marino  ,2025-01-16,2025-01-18,182.48,EUR,direct,True
BK00590,Laura Sharma,2025-01-17,2025-01-20,291.75,USD,OTA,True
BK00591,olivia wagner,2025-01-17,2025-01-18,270.81,EUR,OTA,False
BK00592,Fatima Costa,2025-01-17,2025-01-23,276.35,EUR,OTA,False
BK00593,priya smith,2025-01-17,2025-01-18,216.11,USD,direct,False
BK00594,Jean Ivanov,2025-01-17,2025-01-18,237.95,EUR,OTA,False
BK00595,henri kaczmarek,2025-01-17,2025-01-19,241.33,EUR,OTA,False
BK00596,Anna Chen,2025-01-17,2025-01-19,181.59,EUR,OTA,False
BK00597,Kenji Sokolov,2025-01-18,2025-01-21,224.9,EUR,OTA,False
BK00598,Marco Ricci,2025-01-18,2025-01-19,236.92,EUR,OTA,False
BK00599,Olivia Conti,2025-01-18,2025-01-23,182.22,EUR,OTA,False
BK00600,Kenji Ibrahim,2025-01-18,2025-01-20,199.95,EUR,direct,False
BK00601,Martinez Ekaterina,2025-01-18,2025-01-19,284.06,EUR,direct,False
BK00602,James Meyer,2025-01-18,2025-01-21,282.37,EUR,OTA,False
BK00603,Nikolai Garcia,2025-01-18,2025-01-20,238.52,USD,OTA,False
BK00604,LUCIA CHEN,2025-01-19,2025-01-21,168.4,EUR,direct,False
BK00605,Maria Marino,2025-01-19,2025-01-22,213.34,EUR,direct,False
BK00606,Camille Schmidt,2025-01-19,2025-01-21,230.87,EUR,OTA,False
BK00607,CHIARA ROSSI,2025-01-20,2025-01-24,300.6,EUR,OTA,False
BK00608,ERIK PATEL,2025-01-20,2025-01-23,270.28,EUR,direct,False
BK00609,robert schmidt,2025-01-20,2025-01-23,272.8,EUR,OTA,False
BK00610,SOPHIE TANAKA,2025-01-21,2025-01-25,190.66,USD,OTA,False
BK00611,Wagner Ananya,2025-01-21,2025-01-23,267.17,USD,OTA,False
BK00612,yuki yamamoto,2025-01-21,2025-01-24,243.14,EUR,OTA,False
BK00613,priya sharma,2025-01-21,2025-01-26,259.87,EUR,OTA,False
BK00614,Leroy Lucia,2025-01-22,2025-01-25,246.97,EUR,OTA,False
BK00615,Greco Erik,2025-01-22,2025-01-24,241.32,EUR,direct,False
BK00616,Alessandro Smith,2025-01-23,2025-01-25,239.87,EUR,OTA,False
BK00617,Novak Erik,2025-01-23,2025-01-25,226.48,EUR,OTA,False
BK00618,Ivanov Aiko,2025-01-23,2025-01-27,249.92,EUR,direct,False
BK00619,Nowak Carlos,2025-01-24,2025-01-25,250.21,EUR,OTA,False
BK00620,Anna Greco,2025-01-24,2025-01-28,253.05,EUR,OTA,False
BK00621,elena ivanov,2025-01-24,2025-01-27,241.83,USD,OTA,True
BK00622,Priya Lefevre,2025-01-24,2025-01-26,207.18,EUR,OTA,False
BK00623,Patricia Hassan,2025-01-24,2025-01-25,243.1,EUR,direct,False
BK00624,  Fatima Singh  ,2025-01-24,2025-01-26,222.16,EUR,OTA,False
BK00625,Ekaterina Leroy,2025-01-24,2025-01-26,237.18,EUR,OTA,False
BK00626,Arjun Weber,2025-01-24,2025-01-27,222.3,EUR,OTA,False
BK00627,Youssef Patel,2025-01-25,2025-01-27,225.96,EUR,direct,False
BK00628,Jean Garcia,2025-01-25,2025-01-28,217.82,EUR,direct,False
BK00629,Federica Fernandez,2025-01-25,2025-01-27,230.27,USD,OTA,True
BK00630,THOMAS PETROV,2025-01-26,2025-01-29,245.19,EUR,direct,False
BK00631,Andrea Weber,2025-01-26,2025-01-27,247.45,EUR,OTA,True
BK00632,DAVID WEBER,2025-01-26,2025-01-27,250.39,EUR,direct,False
BK00633,carlos muller,2025-01-28,2025-01-29,222.26,EUR,OTA,False
BK00634,Fatima Park,2025-01-28,2025-01-31,283.47,EUR,OTA,False
BK00635,isabella kumar,2025-01-28,2025-01-29,212.07,EUR,direct,False
BK00636,ARJUN KOWALSKI,2025-01-28,2025-01-29,257.04,EUR,OTA,False
BK00637,Layla Bianchi,2025-01-28,2025-01-29,224.75,EUR,OTA,False
BK00638,OLGA WEBER,2025-01-29,2025-02-01,200.03,USD,OTA,False
BK00639,Klaus Ricci,2025-01-29,2025-02-01,253.05,USD,OTA,False
BK00640,John Al-Farsi,2025-01-29,2025-01-31,252.06,USD,OTA,False
BK00641,Aiko Singh,2025-01-29,2025-01-30,219.54,USD,OTA,False
BK00642,EMMA PARK,2025-01-29,2025-02-02,185.54,EUR,OTA,False
BK00643,ANDREA SCHMIDT,2025-01-29,2025-01-30,285.86,EUR,OTA,False
BK00644,chiara bruno,2025-01-31,2025-02-04,205.79,EUR,OTA,False
BK00645,Layla Meyer,2025-01-31,2025-02-01,276.87,EUR,OTA,False
BK00646,Ekaterina Romano,2025-01-31,2025-02-03,250.03,EUR,OTA,True
BK00647,olivia meyer,2025-01-31,2025-02-01,228.92,EUR,direct,False
BK00648,Ibrahim Patricia,2025-02-01,2025-02-02,233.15,USD,OTA,False
BK00649,Hassan William,2025-02-01,2025-02-05,266.7,USD,OTA,False
BK00650,erik nakamura,2025-02-01,2025-02-02,240.88,EUR,direct,True
BK00651,james sokolov,2025-02-01,2025-02-06,248.59,EUR,direct,False
BK00652,ARJUN SINGH,2025-02-02,2025-02-04,260.45,EUR,OTA,False
BK00653,  Francesco Klein  ,2025-02-02,2025-02-05,266.05,EUR,OTA,False
BK00654,MATTEO ESPOSITO,2025-02-02,2025-02-04,213.59,EUR,OTA,False
BK00655,GIORGIA SINGH,2025-02-03,2025-02-04,220.16,USD,OTA,True
BK00656,WILLIAM CHEN,2025-02-03,2025-02-13,301.35,EUR,direct,False
BK00657,LUCIA PARK,2025-02-04,2025-02-05,217.17,EUR,OTA,False
BK00658,Marco Weber,2025-02-04,2025-02-05,228.84,USD,OTA,False
BK00659,Simone Park,2025-02-04,2025-02-05,221.49,EUR,OTA,False
BK00660,Arjun Klein,2025-02-05,2025-02-07,201.25,EUR,OTA,False
BK00661,PRIYA LEFEVRE,2025-02-05,2025-02-06,281.54,USD,OTA,False
BK00662,  Carlos Kim  ,2025-02-06,2025-02-07,248.74,EUR,OTA,False
BK00663,federica suzuki,2025-02-06,2025-02-07,291.24,EUR,OTA,False
BK00664,  Charlotte Andersen  ,2025-02-06,2025-02-10,236.5,EUR,OTA,False
BK00665,Ananya Bernard,2025-02-06,2025-02-08,188.68,EUR,OTA,False
BK00666,James Fernandez,2025-02-07,2025-02-08,207.66,EUR,OTA,False
BK00667,Olga Suzuki,2025-02-07,2025-02-09,210.39,EUR,OTA,False
BK00668,PAOLO WEBER,2025-02-08,2025-02-09,249.66,EUR,direct,False
BK00669,  John Ferreira  ,2025-02-08,2025-02-10,288.43,EUR,OTA,False
BK00670,Paolo Fernandez,2025-02-08,2025-02-11,181.71,EUR,OTA,False
BK00671,Ahmed Patel,2025-02-09,2025-02-13,242.56,EUR,OTA,False
BK00672,MARIE KOBAYASHI,2025-02-09,2025-02-11,263.16,EUR,OTA,False
BK00673,patricia tanaka,2025-02-09,2025-02-11,261.36,USD,OTA,False
BK00674,carlos novak,2025-02-09,2025-02-11,188.55,EUR,OTA,False
BK00675,  Omar Andersen  ,2025-02-09,2025-02-10,222.89,EUR,OTA,False
BK00676,Ahmed Park,2025-02-10,2025-02-13,263.6,EUR,OTA,False
BK00677,silvia muller,2025-02-10,2025-02-13,232.75,USD,OTA,False
BK00678,andrea conti,2025-02-11,2025-02-12,286.24,EUR,OTA,False
BK00679,Lefevre Omar,2025-02-11,2025-02-18,265.61,EUR,OTA,False
BK00680,emma dubois,2025-02-11,2025-02-16,239.11,EUR,OTA,False
BK00681,sara marino,2025-02-12,2025-02-13,199.2,EUR,direct,False
BK00682,layla yamamoto,2025-02-12,2025-02-15,266.55,EUR,OTA,False
BK00683,Laura Kim,2025-02-13,2025-02-15,316.79,USD,OTA,False
BK00684,Paolo Ferreira,2025-02-13,2025-02-15,249.62,EUR,OTA,False
BK00685,  Valentina Fernandez  ,2025-02-13,2025-02-14,237.01,USD,direct,False
BK00686,  Luca Fernandez  ,2025-02-13,2025-02-14,262.78,EUR,OTA,False
BK00687,David Weber,2025-02-14,2025-02-15,196.61,USD,OTA,False
BK00688,David Johnson,2025-02-14,2025-02-15,219.05,USD,OTA,True
BK00689,JOHN YAMAMOTO,2025-02-14,2025-02-15,187.66,EUR,OTA,False
BK00690,Sara Moreau,2025-02-14,2025-02-17,215.71,EUR,OTA,False
BK00691,Emma Andersen,2025-02-14,2025-02-16,213.43,EUR,OTA,False
BK00692,INGRID RICCI,2025-02-14,2025-02-16,283.73,USD,OTA,False
BK00693,aiko johnson,2025-02-15,2025-02-16,254.38,EUR,OTA,False
BK00694,ingrid sokolov,2025-02-15,2025-02-16,240.99,USD,OTA,False
BK00695,Valentina Johnson,2025-02-15,2025-02-17,219.46,USD,OTA,False
BK00696,lucia suzuki,2025-02-16,2025-02-17,258.59,EUR,OTA,False
BK00697,LUCIA PATEL,2025-02-16,2025-02-20,232.59,EUR,OTA,False
BK00698,ALESSANDRO TANAKA,2025-02-16,2025-02-20,240.74,USD,OTA,False
BK00699,Federica Weber,2025-02-16,2025-02-19,218.05,USD,OTA,False
BK00700,ERIK FISCHER,2025-02-17,2025-02-20,236.4,EUR,OTA,False
BK00701,DMITRI CHEN,2025-02-17,2025-02-19,236.81,EUR,direct,True
BK00702,thomas ferreira,2025-02-17,2025-02-18,233.73,EUR,direct,False
BK00703,Youssef Nilsson,2025-02-18,2025-02-20,188.97,EUR,OTA,False
BK00704,FATIMA SMITH,2025-02-18,2025-02-20,228.88,EUR,direct,False
BK00705,FEDERICA KOWALSKI,2025-02-18,2025-02-20,259.65,EUR,OTA,False
BK00706,GIORGIA KIM,2025-02-19,2025-02-20,272.7,EUR,OTA,False
BK00707,john weber,2025-02-19,2025-02-20,274.27,EUR,OTA,False
BK00708,  Ahmed Al-Rashid  ,2025-02-19,2025-02-23,207.19,EUR,OTA,False
BK00709,Giulia Esposito,2025-02-19,2025-02-22,236.72,EUR,OTA,False
BK00710,Omar Moreau,2025-02-19,2025-02-20,218.77,EUR,direct,False
BK00711,maria nakamura,2025-02-20,2025-02-21,275.71,USD,OTA,False
BK00712,Moreau Erik,2025-02-20,2025-02-23,234.22,EUR,direct,False
BK00713,Marco Leroy,2025-02-20,2025-02-22,244.14,EUR,OTA,False
BK00714,  Alessandro Sharma  ,2025-02-21,2025-02-23,295.75,EUR,OTA,False
BK00715,David Petrov,2025-02-22,2025-02-24,226.53,EUR,OTA,False
BK00716,Ahmed Chen,2025-02-22,2025-02-25,200.88,EUR,OTA,False
BK00717,  James Suzuki  ,2025-02-22,2025-02-23,206.34,EUR,OTA,True
BK00718,Ahmed Sharma,2025-02-23,2025-02-24,204.68,EUR,direct,False
BK00719,omar ricci,2025-02-24,2025-02-25,197.75,EUR,OTA,False
BK00720,sara kowalski,2025-02-24,2025-02-25,303.64,EUR,OTA,False
BK00721,HENRI NOVAK,2025-02-24,2025-03-01,239.24,USD,OTA,False
BK00722,AMELIA HASSAN,2025-02-24,2025-02-25,186.54,EUR,OTA,False
BK00723,James Ivanov,2025-02-24,2025-02-24,226.54,EUR,direct,False
BK00724,Giulia Sokolov,2025-02-25,2025-02-27,271.81,EUR,OTA,False
BK00725,Jean Martinez,2025-02-25,2025-02-27,270.48,USD,OTA,False
BK00726,Marco Schmidt,2025-02-25,2025-02-26,206.05,USD,direct,False
BK00727,CHARLOTTE AL-FARSI,2025-02-25,2025-02-27,280.14,EUR,OTA,False
BK00728,Al-Rashid Patricia,2025-02-26,2025-03-02,211.48,EUR,OTA,False
BK00729,Diego Ricci,2025-02-27,2025-03-01,204.73,EUR,OTA,False
BK00730,youssef greco,2025-02-27,2025-03-01,229.19,EUR,OTA,False
BK00731,CHARLOTTE FISCHER,2025-02-27,2025-03-01,244.48,USD,OTA,False
BK00732,charlotte sokolov,2025-02-28,2025-03-01,235.72,EUR,direct,True
BK00733,Astrid Kim,2025-03-01,2025-03-06,248.18,EUR,OTA,True
BK00734,HANS KOWALSKI,2025-03-01,2025-03-03,230.69,EUR,OTA,False
BK00735,francesco nilsson,2025-03-01,2025-03-03,254.11,EUR,OTA,False
BK00736,william bruno,2025-03-01,2025-03-02,248.5,EUR,OTA,False
BK00737,  Henri Schmidt  ,2025-03-02,2025-03-05,288.77,EUR,OTA,False
BK00738,  Silvia Chen  ,2025-03-02,2025-03-05,290.99,EUR,direct,False
BK00739,Laura Kumar,2025-03-03,2025-03-05,192.6,EUR,direct,False
BK00740,  Youssef Colombo  ,2025-03-03,2025-03-06,247.28,EUR,OTA,False
BK00741,Leroy Layla,2025-03-03,2025-03-06,209.58,EUR,OTA,False
BK00742,Sophie Kim,2025-03-03,2025-03-04,202.74,EUR,OTA,False
BK00743,isabella greco,2025-03-04,2025-03-06,281.62,EUR,OTA,False
BK00744,  Aiko Meyer  ,2025-03-04,2025-03-07,274.88,EUR,OTA,False
BK00745,Giulia Marino,2025-03-05,2025-03-07,216.36,EUR,OTA,False
BK00746,francesco nakamura,2025-03-05,2025-03-08,279.38,EUR,direct,False
BK00747,  Ahmed Esposito  ,2025-03-05,2025-03-10,222.38,EUR,OTA,False
BK00748,Ferrari Andrea,2025-03-05,2025-03-06,238.05,EUR,direct,False
BK00749,  Astrid Patel  ,2025-03-05,2025-03-06,271.18,USD,direct,False
BK00750,JAMES SOKOLOV,2025-03-05,2025-03-08,157.81,EUR,direct,False
BK00751,marco park,2025-03-05,2025-03-07,218.47,USD,OTA,False
BK00752,Ananya Ferrari,2025-03-06,2025-03-08,233.42,EUR,OTA,False
BK00753,CHIARA CHEN,2025-03-06,2025-03-07,264.65,EUR,OTA,True
BK00754,Thomas Ibrahim,2025-03-07,2025-03-11,272.98,USD,direct,False
BK00755,Esposito Henri,2025-03-07,2025-03-09,257.44,EUR,direct,True
BK00756,Kowalski Kenji,2025-03-07,2025-03-10,222.33,EUR,OTA,False
BK00757,Klaus Al-Rashid,2025-03-08,2025-03-11,184.14,EUR,OTA,False
BK00758,Simone Johnson,2025-03-08,2025-03-12,216.74,EUR,OTA,False
BK00759,ARJUN CONTI,2025-03-08,2025-03-10,234.66,EUR,OTA,False
BK00760,matteo bernard,2025-03-08,2025-03-09,280.15,EUR,OTA,False
BK00761,Klaus Park,2025-03-09,2025-03-10,271.09,EUR,OTA,False
BK00762,Patricia Petrov,2025-03-10,2025-03-11,273.78,EUR,direct,False
BK00763,  Elena Kaczmarek  ,2025-03-10,2025-03-13,233.05,EUR,OTA,False
BK00764,dmitri lopez,2025-03-10,2025-03-13,248.15,EUR,OTA,False
BK00765,ALESSANDRO ANDERSEN,2025-03-10,2025-03-13,203.34,EUR,OTA,False
BK00766,Hans Bianchi,2025-03-10,2025-03-17,264.97,EUR,OTA,False
BK00767,  Hans Colombo  ,2025-03-10,2025-03-14,232.99,EUR,direct,False
BK00768,SARA MULLER,2025-03-10,2025-03-11,178.48,EUR,OTA,False
BK00769,Giorgia Romano,2025-03-10,2025-03-14,272.26,USD,OTA,False
BK00770,SILVIA IVANOV,2025-03-11,2025-03-15,219.97,EUR,OTA,False
BK00771,DIEGO GIRARD,2025-03-11,2025-03-13,294.4,EUR,OTA,False
BK00772,James Chen,2025-03-11,2025-03-13,225.31,EUR,direct,False
BK00773,Costa Laura,2025-03-11,2025-03-13,270.98,EUR,OTA,False
BK00774,Aiko Novak,2025-03-11,2025-03-14,175.08,USD,OTA,False
BK00775,Pierre Al-Farsi,2025-03-11,2025-03-12,251.97,USD,OTA,True
BK00776,Kowalski Carlos,2025-03-12,2025-03-19,253.7,EUR,OTA,False
BK00777,OLGA HASSAN,2025-03-12,2025-03-14,223.74,EUR,OTA,False
BK00778,  Valentina Klein  ,2025-03-12,2025-03-14,266.78,EUR,direct,False
BK00779,Youssef Suzuki,2025-03-12,2025-03-13,219.23,USD,OTA,False
BK00780,Isabella Sokolov,2025-03-12,2025-03-15,260.23,EUR,direct,True
BK00781,Klaus Kaczmarek,2025-03-12,2025-03-14,231.21,EUR,direct,False
BK00782,Layla Klein,2025-03-12,2025-03-16,244.61,EUR,direct,False
BK00783,diego lefevre,2025-03-13,2025-03-14,218.52,EUR,OTA,False
BK00784,Erik Al-Farsi,2025-03-13,2025-03-15,225.68,EUR,OTA,False
BK00785,Patel Carlos,2025-03-13,2025-03-14,324.65,EUR,direct,False
BK00786,Camille Moreau,2025-03-14,2025-03-16,282.98,EUR,OTA,False
BK00787,Emma Lopez,2025-03-14,2025-03-16,230.8,EUR,OTA,False
BK00788,Giulia Kaczmarek,2025-03-14,2025-03-17,210.46,EUR,OTA,True
BK00789,Diego Weber,2025-03-15,2025-03-17,208.57,EUR,OTA,False
BK00790,CHIARA RICCI,2025-03-15,2025-03-17,302.46,EUR,OTA,False
BK00791,francesco dubois,2025-03-15,2025-03-18,268.96,EUR,OTA,False
BK00792,Ekaterina Ferreira,2025-03-15,2025-03-18,253.68,EUR,OTA,False
BK00793,jean nakamura,2025-03-16,2025-03-17,205.99,EUR,direct,False
BK00794,PRIYA GARCIA,2025-03-16,2025-03-17,279.79,EUR,OTA,False
BK00795,Valentina Bernard,2025-03-16,2025-03-19,214.13,EUR,OTA,False
BK00796,  Youssef Leroy  ,2025-03-16,2025-03-17,232.19,EUR,direct,False
BK00797,PATRICIA GARCIA,2025-03-16,2025-03-18,132.45,EUR,OTA,False
BK00798,kenji kumar,2025-03-17,2025-03-19,264.0,EUR,OTA,False
BK00799,Lefevre Layla,2025-03-17,2025-03-18,196.65,EUR,OTA,False
BK00800,  Camille Al-Rashid  ,2025-03-17,2025-03-21,292.68,EUR,direct,False
BK00801,youssef wagner,2025-03-18,2025-03-19,262.39,EUR,OTA,False
BK00802,EMMA AL-FARSI,2025-03-18,2025-03-23,207.19,EUR,direct,False
BK00803,WILLIAM MARTINEZ,2025-03-18,2025-03-25,250.63,EUR,OTA,False
BK00804,Simone Sharma,2025-03-19,2025-03-21,275.44,EUR,OTA,False
BK00805,MARCO KOWALSKI,2025-03-19,2025-03-24,202.15,EUR,OTA,False
BK00806,Laura Bernard,2025-03-19,2025-03-20,170.31,EUR,direct,False
BK00807,CHIARA WAGNER,2025-03-19,2025-03-21,178.31,EUR,OTA,False
BK00808,Klaus Esposito,2025-03-19,2025-03-26,224.81,EUR,OTA,False
BK00809,  Luca Schmidt  ,2025-03-19,2025-03-21,274.89,EUR,OTA,True
BK00810,nikolai patel,2025-03-20,2025-03-22,242.74,EUR,OTA,False
BK00811,INGRID WAGNER,2025-03-20,2025-03-22,257.57,EUR,OTA,False
BK00812,Kenji Bruno,2025-03-21,2025-03-26,294.16,EUR,OTA,False
BK00813,MATTEO TANAKA,2025-03-21,2025-03-22,201.81,EUR,OTA,False
BK00814,EKATERINA YAMAMOTO,2025-03-22,2025-03-25,245.33,EUR,OTA,False
BK00815,LAURA SINGH,2025-03-22,2025-03-24,264.31,USD,OTA,True
BK00816,  Lucia Esposito  ,2025-03-23,2025-03-25,230.62,EUR,OTA,False
BK00817,Watanabe Ekaterina,2025-03-23,2025-03-25,238.96,EUR,OTA,False
BK00818,isabella marino,2025-03-24,2025-03-25,219.35,EUR,direct,False
BK00819,ANANYA YAMAMOTO,2025-03-25,2025-03-26,263.1,EUR,OTA,False
BK00820,  William Kumar  ,2025-03-25,2025-03-27,225.94,EUR,OTA,False
BK00821,  Jean Johnson  ,2025-03-25,2025-03-26,255.71,EUR,direct,False
BK00822,CAMILLE SILVA,2025-03-25,2025-03-27,225.19,EUR,direct,False
BK00823,  Youssef Rossi  ,2025-03-25,2025-03-26,217.74,EUR,direct,False
BK00824,INGRID IVANOV,2025-03-25,2025-03-27,243.26,USD,OTA,False
BK00825,Costa James,2025-03-26,2025-03-29,303.11,EUR,OTA,False
BK00826,DIEGO NOVAK,2025-03-26,2025-03-30,261.09,EUR,OTA,False
BK00827,valentina dubois,2025-03-26,2025-03-27,211.5,EUR,OTA,False
BK00828,luca muller,2025-03-26,2025-04-02,185.44,EUR,direct,False
BK00829,  John Petrov  ,2025-03-26,2025-03-30,213.86,EUR,OTA,False
BK00830,silvia kobayashi,2025-03-26,2025-03-28,245.87,EUR,direct,False
BK00831,Omar Kowalski,2025-03-26,2025-03-29,194.24,EUR,direct,False
BK00832,NIKOLAI ROMANO,2025-03-27,2025-03-30,170.59,EUR,OTA,False
BK00833,ROBERT WATANABE,2025-03-27,2025-03-28,247.94,EUR,direct,False
BK00834,kenji girard,2025-03-27,2025-03-29,226.56,EUR,OTA,False
BK00835,Costa Youssef,2025-03-28,2025-03-30,270.22,EUR,OTA,False
BK00836,Ferrari Matteo,2025-03-28,2025-03-30,246.45,EUR,OTA,False
BK00837,Andrea Al-Rashid,2025-03-28,2025-03-30,270.54,EUR,OTA,True
BK00838,YOUSSEF FISCHER,2025-03-29,2025-03-31,212.9,EUR,OTA,False
BK00839,Elena Leroy,2025-03-29,2025-04-02,276.39,EUR,OTA,False
BK00840,Olivia Johnson,2025-03-29,2025-03-30,222.38,EUR,direct,False
BK00841,Robert Ferreira,2025-03-29,2025-03-31,242.5,EUR,OTA,False
BK00842,Kenji Martinez,2025-03-30,2025-03-31,253.18,EUR,OTA,False
BK00843,Aiko Fischer,2025-03-30,2025-04-05,313.4,EUR,OTA,False
BK00844,Ekaterina Popov,2025-03-30,2025-03-31,210.39,EUR,OTA,False
BK00845,amelia weber,2025-03-30,2025-04-07,203.49,EUR,OTA,False
BK00846,KENJI MEYER,2025-03-31,2025-04-02,202.15,EUR,direct,False
BK00847,PIERRE SINGH,2025-03-31,2025-04-01,250.12,EUR,OTA,False
BK00848,Isabella Martinez,2025-03-31,2025-04-03,245.46,EUR,OTA,False
BK00849,ekaterina bruno,2025-04-01,2025-04-07,257.34,EUR,OTA,True
BK00850,Esposito Charlotte,2025-04-01,2025-04-03,207.16,EUR,OTA,False
BK00851,Charlotte Muller,2025-04-02,2025-04-08,229.44,EUR,OTA,False
BK00852,  Ekaterina Petrov  ,2025-04-02,2025-04-07,232.22,EUR,OTA,False
BK00853,Dmitri Nakamura,2025-04-02,2025-04-05,232.18,USD,OTA,False
BK00854,GIORGIA AL-FARSI,2025-04-03,2025-04-04,202.15,EUR,direct,False
BK00855,Maria Bianchi,2025-04-03,2025-04-04,214.92,USD,OTA,False
BK00856,FEDERICA PETROV,2025-04-03,2025-04-06,197.91,EUR,OTA,False
BK00857,Hans Novak,2025-04-04,2025-04-06,291.12,EUR,direct,False
BK00858,  Erik Ricci  ,2025-04-04,2025-04-07,241.63,EUR,direct,False
BK00859,INGRID KLEIN,2025-04-04,2025-04-05,231.73,EUR,OTA,False
BK00860,silvia novak,2025-04-04,2025-04-06,220.42,EUR,OTA,False
BK00861,henri andersen,2025-04-04,2025-04-07,231.31,EUR,direct,False
BK00862,astrid ivanov,2025-04-04,2025-04-07,272.31,EUR,OTA,False
BK00863,Patricia Bruno,2025-04-04,2025-04-06,238.32,EUR,OTA,False
BK00864,Costa Federica,2025-04-04,2025-04-06,251.65,EUR,OTA,True
BK00865,YOUSSEF WATANABE,2025-04-04,2025-04-06,186.79,EUR,direct,False
BK00866,DMITRI YAMAMOTO,2025-04-05,2025-04-08,261.87,EUR,OTA,False
BK00867,elena esposito,2025-04-05,2025-04-07,170.63,EUR,OTA,False
BK00868,MATTEO YAMAMOTO,2025-04-05,2025-04-07,227.02,EUR,direct,False
BK00869,Anna Ferreira,2025-04-05,2025-04-08,250.57,EUR,OTA,False
BK00870,Patricia Nilsson,2025-04-05,2025-04-06,301.67,EUR,OTA,False
BK00871,Anna Popov,2025-04-06,2025-04-09,247.94,EUR,OTA,False
BK00872,GIULIA MARINO,2025-04-06,2025-04-09,279.73,EUR,OTA,False
BK00873,ERIK ROSSI,2025-04-06,2025-04-08,258.05,EUR,direct,False
BK00874,Kobayashi Matteo,2025-04-07,2025-04-09,209.93,EUR,direct,False
BK00875,MATTEO SMITH,2025-04-07,2025-04-08,221.92,EUR,direct,False
BK00876,Isabella Weber,2025-04-08,2025-04-17,253.35,EUR,OTA,False
BK00877,YUKI KOWALSKI,2025-04-08,2025-04-10,278.49,EUR,OTA,True
BK00878,ARJUN GARCIA,2025-04-08,2025-04-10,236.72,EUR,OTA,False
BK00879,  Jean Girard  ,2025-04-09,2025-04-14,249.52,EUR,OTA,False
BK00880,erik kim,2025-04-09,2025-04-15,279.49,USD,OTA,False
BK00881,YOUSSEF ROMANO,2025-04-09,2025-04-12,220.84,EUR,OTA,False
BK00882,CHIARA KOWALSKI,2025-04-09,2025-04-10,241.59,EUR,direct,False
BK00883,layla hassan,2025-04-09,2025-04-11,226.44,EUR,OTA,False
BK00884,  Patricia Fernandez  ,2025-04-09,2025-04-11,260.96,EUR,OTA,False
BK00885,john al-rashid,2025-04-09,2025-04-10,256.02,USD,OTA,False
BK00886,Yuki Petrov,2025-04-10,2025-04-12,209.06,EUR,direct,False
BK00887,Lefevre Erik,2025-04-10,2025-04-11,265.99,EUR,OTA,False
BK00888,Nikolai Silva,2025-04-10,2025-04-13,216.31,EUR,direct,False
BK00889,Ekaterina Esposito,2025-04-10,2025-04-11,223.47,EUR,direct,False
BK00890,Kaczmarek Paolo,2025-04-10,2025-04-11,225.02,USD,OTA,False
BK00891,  Andrea Smith  ,2025-04-10,2025-04-11,278.85,EUR,OTA,False
BK00892,  Amelia Muller  ,2025-04-11,2025-04-12,238.33,USD,direct,False
BK00893,ALESSANDRO IBRAHIM,2025-04-11,2025-04-13,298.75,EUR,OTA,False
BK00894,SOPHIE WATANABE,2025-04-12,2025-04-14,240.67,EUR,OTA,False
BK00895,CAMILLE DUBOIS,2025-04-12,2025-04-15,306.21,USD,OTA,False
BK00896,ANDREA POPOV,2025-04-13,2025-04-14,203.14,EUR,direct,False
BK00897,David Al-Farsi,2025-04-13,2025-04-17,260.32,EUR,OTA,False
BK00898,Silvia Esposito,2025-04-13,2025-04-15,254.31,EUR,direct,False
BK00899,AIKO ESPOSITO,2025-04-13,2025-04-17,297.91,EUR,OTA,False
BK00900,Ahmed Bianchi,2025-04-14,2025-04-16,219.46,EUR,direct,False
BK00901,Olivia Lefevre,2025-04-14,2025-04-16,232.31,USD,OTA,False
BK00902,Charlotte Park,2025-04-15,2025-04-17,215.25,EUR,OTA,True
BK00903,  Dmitri Singh  ,2025-04-15,2025-04-17,245.7,USD,direct,False
BK00904,Patricia Lefevre,2025-04-15,2025-04-18,231.2,USD,OTA,False
BK00905,ananya ferreira,2025-04-16,2025-04-17,218.28,EUR,direct,False
BK00906,Nikolai Andersen,2025-04-16,2025-04-18,251.6,EUR,OTA,False
BK00907,Kim Jean,2025-04-16,2025-04-19,256.89,EUR,OTA,False
BK00908,YOUSSEF KLEIN,2025-04-16,2025-04-18,324.66,EUR,OTA,False
BK00909,Ingrid Chen,2025-04-17,2025-04-19,252.81,USD,OTA,False
BK00910,ERIK FERREIRA,2025-04-17,2025-04-19,295.19,EUR,OTA,True
BK00911,Sokolov Thomas,2025-04-18,2025-04-26,236.69,EUR,OTA,False
BK00912,Petrov Amelia,2025-04-18,2025-04-23,232.68,EUR,OTA,False
BK00913,CARLOS AL-FARSI,2025-04-18,2025-04-21,283.05,EUR,OTA,False
BK00914,sara marino,2025-04-18,2025-04-21,202.88,EUR,direct,False
BK00915,JOHN SUZUKI,2025-04-19,2025-04-21,194.38,EUR,OTA,False
BK00916,Fischer Jean,2025-04-19,2025-04-22,245.52,EUR,OTA,False
BK00917,JOHN COLOMBO,2025-04-20,2025-04-22,255.99,EUR,OTA,False
BK00918,SIMONE MEYER,2025-04-20,2025-04-27,305.53,USD,OTA,False
BK00919,  Marie Al-Farsi  ,2025-04-20,2025-04-22,221.16,EUR,OTA,False
BK00920,  Omar Moreau  ,2025-04-21,2025-04-22,268.2,EUR,direct,False
BK00921,Giorgia Sharma,2025-04-22,2025-04-25,286.15,EUR,OTA,False
BK00922,SARA POPOV,2025-04-22,2025-04-24,296.45,EUR,direct,False
BK00923,Layla Nowak,2025-04-22,2025-04-23,229.94,EUR,OTA,False
BK00924,hans kumar,2025-04-23,2025-04-28,259.24,USD,OTA,False
BK00925,priya marino,2025-04-23,2025-04-25,232.48,EUR,OTA,False
BK00926,  Camille Costa  ,2025-04-23,2025-04-24,192.89,EUR,direct,False
BK00927,yuki romano,2025-04-24,2025-04-25,230.42,EUR,direct,False
BK00928,ROBERT KACZMAREK,2025-04-24,2025-04-28,214.16,USD,OTA,False
BK00929,  Ekaterina Patel  ,2025-04-25,2025-04-26,193.75,USD,OTA,False
BK00930,  Robert Al-Farsi  ,2025-04-25,2025-04-28,282.53,EUR,direct,False
BK00931,  Olga Leroy  ,2025-04-25,2025-04-27,237.98,EUR,OTA,False
BK00932,  Olga Al-Rashid  ,2025-04-25,2025-04-27,273.59,EUR,OTA,False
BK00933,marie tanaka,2025-04-26,2025-04-28,225.59,EUR,OTA,False
BK00934,  Pierre Moreau  ,2025-04-26,2025-04-27,295.65,EUR,OTA,False
BK00935,Kenji Ferreira,2025-04-26,2025-04-28,200.83,USD,OTA,False
BK00936,ELENA SMITH,2025-04-26,2025-04-29,270.18,USD,OTA,False
BK00937,LUCA GRECO,2025-04-26,2025-04-28,261.06,USD,direct,False
BK00938,ANANYA BIANCHI,2025-04-26,2025-05-04,223.02,EUR,OTA,False
BK00939,Yuki Sharma,2025-04-26,2025-05-01,259.34,EUR,OTA,True
BK00940,  Aiko Park  ,2025-04-27,2025-04-28,235.85,EUR,OTA,False
BK00941,  Giorgia Sokolov  ,2025-04-28,2025-05-01,187.47,EUR,direct,False
BK00942,Lopez Youssef,2025-04-28,2025-04-30,270.66,EUR,OTA,False
BK00943,  Ekaterina Moreau  ,2025-04-29,2025-05-01,217.24,USD,OTA,False
BK00944,Kenji Johnson,2025-04-29,2025-04-30,224.98,EUR,OTA,True
BK00945,  Ingrid Leroy  ,2025-04-29,2025-04-30,231.87,EUR,direct,False
BK00946,matteo ferreira,2025-04-29,2025-05-01,294.35,EUR,OTA,False
BK00947,Thomas Kaczmarek,2025-04-30,2025-05-04,273.19,EUR,direct,False
BK00948,robert meyer,2025-04-30,2025-05-05,277.0,EUR,OTA,False
BK00949,Omar Popov,2025-05-01,2025-05-02,203.0,EUR,OTA,False
BK00950,INGRID KOBAYASHI,2025-05-02,2025-05-04,258.68,EUR,OTA,False
BK00951,Ingrid Lopez,2025-05-03,2025-05-07,277.75,EUR,OTA,False
BK00952,  Jean Lopez  ,2025-05-04,2025-05-05,251.91,EUR,OTA,False
BK00953,John Ricci,2025-05-04,2025-05-05,231.17,EUR,OTA,False
BK00954,  Matteo Singh  ,2025-05-04,2025-05-05,226.99,EUR,OTA,False
BK00955,dmitri bianchi,2025-05-05,2025-05-07,202.58,EUR,direct,True
BK00956,Isabella Rossi,2025-05-05,2025-05-06,225.14,EUR,direct,False
BK00957,Singh Alessandro,2025-05-06,2025-05-07,287.01,EUR,OTA,False
BK00958,SILVIA SINGH,2025-05-06,2025-05-10,270.36,EUR,OTA,False
BK00959,JEAN KIM,2025-05-07,2025-05-13,258.49,EUR,OTA,False
BK00960,Marco Ferreira,2025-05-07,2025-05-13,211.74,EUR,OTA,False
BK00961,Fernandez Lucia,2025-05-07,2025-05-09,231.9,EUR,OTA,False
BK00962,ANNA FERREIRA,2025-05-07,2025-05-08,259.57,EUR,OTA,False
BK00963,astrid suzuki,2025-05-08,2025-05-09,204.54,EUR,OTA,False
BK00964,SOPHIE MOREAU,2025-05-08,2025-05-10,256.03,EUR,OTA,False
BK00965,HANS SCHMIDT,2025-05-08,2025-05-14,291.74,EUR,OTA,False
BK00966,Anna Kaczmarek,2025-05-09,2025-05-10,231.66,USD,direct,False
BK00967,HENRI AL-FARSI,2025-05-10,2025-05-16,225.71,EUR,direct,False
BK00968,Hassan Charlotte,2025-05-11,2025-05-13,238.88,USD,OTA,False
BK00969,KLAUS NAKAMURA,2025-05-11,2025-05-16,238.48,EUR,OTA,True
BK00970,Olga Kim,2025-05-11,2025-05-12,211.15,EUR,direct,False
BK00971,  Jean Kumar  ,2025-05-11,2025-05-13,173.03,EUR,OTA,False
BK00972,ERIK SMITH,2025-05-12,2025-05-13,305.25,EUR,OTA,False
BK00973,Sharma Lucia,2025-05-12,2025-05-14,170.68,EUR,direct,False
BK00974,Fischer Olivia,2025-05-12,2025-05-15,238.25,EUR,OTA,False
BK00975,Ananya Hassan,2025-05-12,2025-05-14,203.41,USD,direct,False
BK00976,Lucia Watanabe,2025-05-12,2025-05-13,188.01,EUR,direct,False
BK00977,LAURA IVANOV,2025-05-13,2025-05-15,213.31,EUR,OTA,False
BK00978,  Anna Fernandez  ,2025-05-13,2025-05-14,241.42,EUR,direct,True
BK00979,James Ferrari,2025-05-13,2025-05-15,213.81,USD,direct,False
BK00980,OLIVIA ROSSI,2025-05-13,2025-05-18,266.43,EUR,OTA,False
BK00981,SIMONE POPOV,2025-05-13,2025-05-14,257.07,EUR,OTA,False
BK00982,SIMONE FERRARI,2025-05-14,2025-05-13,250.19,EUR,OTA,False
BK00983,Silva Elena,2025-05-15,2025-05-17,258.81,USD,OTA,False
BK00984,paolo nowak,2025-05-15,2025-05-18,258.37,EUR,direct,False
BK00985,Maria Kim,2025-05-15,2025-05-19,280.98,EUR,OTA,False
BK00986,Lucia Watanabe,2025-05-15,2025-05-18,237.04,USD,OTA,True
BK00987,luca nakamura,2025-05-15,2025-05-16,242.05,USD,direct,False
BK00988,  Isabella Nakamura  ,2025-05-15,2025-05-16,229.85,EUR,OTA,False
BK00989,Olga Ivanov,2025-05-16,2025-05-16,211.01,EUR,OTA,True
BK00990,Henri Dubois,2025-05-17,2025-05-18,238.75,EUR,OTA,False
BK00991,Dmitri Kumar,2025-05-17,2025-05-25,199.52,EUR,OTA,False
BK00992,robert popov,2025-05-17,2025-05-19,273.56,USD,direct,False
BK00993,Girard Ekaterina,2025-05-17,2025-05-18,242.11,EUR,OTA,False
BK00994,Anna Watanabe,2025-05-18,2025-05-21,250.34,EUR,OTA,False
BK00995,  Sophie Popov  ,2025-05-18,2025-05-19,269.36,EUR,OTA,False
BK00996,marie patel,2025-05-19,2025-05-23,210.05,EUR,OTA,False
BK00997,FEDERICA PETROV,2025-05-20,2025-05-23,267.38,EUR,OTA,False
BK00998,Elena Sokolov,2025-05-20,2025-05-22,249.1,EUR,OTA,False
BK00999,federica johnson,2025-05-20,2025-05-23,260.23,EUR,OTA,False
BK01000,ARJUN TANAKA,2025-05-20,2025-05-21,207.51,EUR,OTA,False
BK01001,JAMES IBRAHIM,2025-05-21,2025-05-23,256.96,EUR,direct,False
BK01002,astrid garcia,2025-05-22,2025-05-28,214.25,USD,OTA,False
BK01003,DAVID AL-FARSI,2025-05-22,2025-05-23,256.55,USD,OTA,False
BK01004,thomas muller,2025-05-22,2025-05-24,178.37,USD,direct,False
BK01005,Klaus Greco,2025-05-22,2025-05-24,277.16,EUR,OTA,False
BK01006,Astrid Watanabe,2025-05-23,2025-05-28,271.67,EUR,OTA,False
BK01007,MARIE COLOMBO,2025-05-23,2025-05-24,281.82,USD,OTA,False
BK01008,alessandro chen,2025-05-23,2025-05-26,217.43,USD,OTA,False
BK01009,  Silvia Ivanov  ,2025-05-23,2025-05-29,254.49,USD,direct,False
BK01010,William Dubois,2025-05-24,2025-05-27,216.09,USD,OTA,False
BK01011,PIERRE BRUNO,2025-05-24,2025-05-27,190.6,EUR,direct,False
BK01012,Diego Lopez,2025-05-24,2025-05-26,262.96,EUR,OTA,False
BK01013,thomas al-rashid,2025-05-24,2025-05-27,240.72,EUR,OTA,False
BK01014,Ingrid Nowak,2025-05-25,2025-05-27,297.43,USD,OTA,False
BK01015,Hans Suzuki,2025-05-25,2025-05-26,223.36,EUR,direct,False
BK01016,Emma Petrov,2025-05-25,2025-05-26,157.99,EUR,OTA,False
BK01017,Fernandez Omar,2025-05-25,2025-05-28,220.98,USD,OTA,False
BK01018,Sara Garcia,2025-05-25,2025-05-27,227.53,EUR,OTA,False
BK01019,fatima nakamura,2025-05-25,2025-05-28,199.53,EUR,OTA,False
BK01020,LAURA POPOV,2025-05-26,2025-05-29,230.94,USD,direct,False
BK01021,  John Martinez  ,2025-05-26,2025-05-30,222.85,EUR,OTA,False
BK01022,Kowalski Klaus,2025-05-26,2025-05-28,268.31,EUR,OTA,True
BK01023,Novak Olivia,2025-05-26,2025-05-28,211.17,EUR,OTA,False
BK01024,matteo lopez,2025-05-26,2025-05-27,248.36,EUR,OTA,True
BK01025,Nikolai Popov,2025-05-27,2025-05-30,200.69,EUR,direct,False
BK01026,  Carlos Sokolov  ,2025-05-27,2025-06-01,232.61,USD,direct,False
BK01027,Sara Park,2025-05-27,2025-05-31,248.52,EUR,OTA,False
BK01028,john kowalski,2025-05-28,2025-05-30,218.37,EUR,direct,False
BK01029,Isabella Esposito,2025-05-28,2025-06-02,291.45,EUR,direct,False
BK01030,Yuki Leroy,2025-05-29,2025-05-30,213.59,EUR,OTA,False
BK01031,Giulia Costa,2025-05-29,2025-05-31,241.35,EUR,direct,False
BK01032,Isabella Chen,2025-05-29,2025-05-31,256.37,EUR,OTA,False
BK01033,Sara Ferreira,2025-05-29,2025-05-30,214.55,EUR,OTA,False
BK01034,Ahmed Yamamoto,2025-05-30,2025-06-03,187.44,EUR,OTA,False
BK01035,charlotte fischer,2025-05-30,2025-05-31,221.72,USD,direct,False
BK01036,  Aiko Ferrari  ,2025-05-30,2025-06-01,215.46,EUR,direct,False
BK01037,  Dmitri Nilsson  ,2025-05-30,2025-06-01,258.9,EUR,OTA,False
BK01038,CARLOS ROMANO,2025-06-01,2025-06-02,478.92,EUR,OTA,False
BK01039,Olivia Johnson,2025-06-01,2025-06-06,393.92,EUR,direct,False
BK01040,marco fernandez,2025-06-01,2025-06-05,430.85,EUR,direct,True
BK01041,jean silva,2025-06-01,2025-06-06,455.38,EUR,direct,False
BK01042,marco singh,2025-06-01,2025-06-02,373.44,EUR,direct,False
BK01043,layla ivanov,2025-06-01,2025-06-05,454.38,EUR,OTA,False
BK01044,diego smith,2025-06-01,2025-06-03,425.73,EUR,OTA,False
BK01045,AMELIA SCHMIDT,2025-06-01,2025-06-06,399.0,EUR,direct,False
BK01046,  Dmitri Popov  ,2025-06-01,2025-06-04,459.52,EUR,OTA,False
BK01047,William Lefevre,2025-06-01,2025-06-03,395.23,EUR,direct,False
BK01048,NIKOLAI JOHNSON,2025-06-02,2025-06-05,386.31,EUR,direct,False
BK01049,Ibrahim Andrea,2025-06-02,2025-06-06,354.69,EUR,direct,False
BK01050,Silvia Garcia,2025-06-02,2025-06-03,465.48,EUR,OTA,False
BK01051,EKATERINA SINGH,2025-06-02,2025-06-06,491.33,EUR,direct,False
BK01052,  Yuki Ferreira  ,2025-06-02,2025-06-07,417.47,EUR,OTA,False
BK01053,  Giorgia Lopez  ,2025-06-02,2025-06-07,488.84,EUR,OTA,False
BK01054,james fischer,2025-06-02,2025-06-04,335.13,USD,direct,False
BK01055,camille silva,2025-06-02,2025-06-05,475.76,EUR,OTA,False
BK01056,CHARLOTTE AL-RASHID,2025-06-02,2025-06-03,389.3,USD,direct,False
BK01057,Lefevre Ingrid,2025-06-03,2025-06-06,392.24,EUR,OTA,False
BK01058,Park Francesco,2025-06-03,2025-06-08,379.46,EUR,OTA,False
BK01059,giorgia hassan,2025-06-03,2025-06-06,389.67,EUR,direct,False
BK01060,Robert Wagner,2025-06-03,2025-06-05,503.35,EUR,direct,False
BK01061,Fatima Sokolov,2025-06-03,2025-06-07,444.02,USD,direct,True
BK01062,MARCO GARCIA,2025-06-03,2025-06-07,401.61,EUR,OTA,False
BK01063,Costa Paolo,2025-06-03,2025-06-10,437.96,EUR,OTA,False
BK01064,  Elena Al-Rashid  ,2025-06-04,2025-06-07,465.43,EUR,OTA,False
BK01065,ANANYA KOWALSKI,2025-06-04,2025-06-07,447.14,EUR,direct,False
BK01066,GIULIA SMITH,2025-06-04,2025-06-09,458.62,EUR,OTA,False
BK01067,  Aiko Nilsson  ,2025-06-04,2025-06-10,436.49,EUR,direct,False
BK01068,FRANCESCO GARCIA,2025-06-04,2025-06-07,455.84,EUR,direct,False
BK01069,KLAUS BIANCHI,2025-06-04,2025-06-08,424.3,EUR,direct,False
BK01070,Youssef Wagner,2025-06-04,2025-06-11,366.3,EUR,OTA,False
BK01071,Suzuki Alessandro,2025-06-04,2025-06-05,446.04,USD,OTA,False
BK01072,  Paolo Patel  ,2025-06-04,2025-06-07,434.0,EUR,OTA,False
BK01073,nikolai romano,2025-06-05,2025-06-08,427.76,USD,OTA,False
BK01074,  Nikolai Fischer  ,2025-06-05,2025-06-06,410.71,EUR,direct,False
BK01075,Marco Patel,2025-06-05,2025-06-09,403.77,USD,OTA,False
BK01076,Maria Ferrari,2025-06-05,2025-06-09,428.8,EUR,direct,False
BK01077,  Chiara Sokolov  ,2025-06-05,2025-06-06,439.17,EUR,direct,False
BK01078,Lucia Costa,2025-06-05,2025-06-11,447.02,EUR,direct,False
BK01079,Diego Kim,2025-06-05,2025-06-09,473.14,USD,OTA,False
BK01080,emma johnson,2025-06-05,2025-06-06,330.52,EUR,OTA,False
BK01081,Valentina Kim,2025-06-05,2025-06-09,458.56,EUR,OTA,False
BK01082,giorgia nilsson,2025-06-06,2025-06-08,430.88,EUR,direct,False
BK01083,Ingrid Ivanov,2025-06-06,2025-06-10,439.78,EUR,OTA,False
BK01084,Henri Nilsson,2025-06-06,2025-06-08,429.75,EUR,OTA,False
BK01085,Yuki Girard,2025-06-06,2025-06-08,428.35,EUR,OTA,False
BK01086,  Amelia Yamamoto  ,2025-06-06,2025-06-07,378.41,EUR,direct,False
BK01087,  Nikolai Klein  ,2025-06-06,2025-06-09,464.9,EUR,OTA,False
BK01088,ASTRID NILSSON,2025-06-06,2025-06-09,495.92,USD,direct,False
BK01089,Elena Bianchi,2025-06-07,2025-06-09,480.29,EUR,OTA,False
BK01090,silvia nilsson,2025-06-07,2025-06-09,364.45,EUR,OTA,False
BK01091,Maria Patel,2025-06-07,2025-06-11,373.18,EUR,OTA,False
BK01092,EKATERINA FERNANDEZ,2025-06-07,2025-06-09,420.54,EUR,OTA,False
BK01093,ROBERT KUMAR,2025-06-07,2025-06-09,367.47,EUR,direct,False
BK01094,OLGA CHEN,2025-06-07,2025-06-11,471.14,EUR,OTA,False
BK01095,THOMAS DUBOIS,2025-06-07,2025-06-10,446.77,EUR,OTA,False
BK01096,HANS CHEN,2025-06-07,2025-06-11,356.82,EUR,OTA,True
BK01097,john nakamura,2025-06-08,2025-06-13,374.19,EUR,OTA,False
BK01098,emma bruno,2025-06-08,2025-06-11,429.6,EUR,direct,False
BK01099,JOHN WAGNER,2025-06-08,2025-06-10,444.95,EUR,direct,False
BK01100,  Chiara Leroy  ,2025-06-08,2025-06-10,428.11,USD,OTA,False
BK01101,LUCA RICCI,2025-06-08,2025-06-12,407.87,EUR,direct,False
BK01102,DIEGO WATANABE,2025-06-08,2025-06-11,475.23,EUR,direct,False
BK01103,  Francesco Johnson  ,2025-06-08,2025-06-11,378.17,EUR,direct,False
BK01104,  Chiara Greco  ,2025-06-08,2025-06-11,435.45,USD,OTA,True
BK01105,Giulia Park,2025-06-08,2025-06-12,428.23,EUR,OTA,False
BK01106,matteo kumar,2025-06-09,2025-06-11,403.19,EUR,OTA,False
BK01107,MARIE HASSAN,2025-06-09,2025-06-13,408.06,EUR,OTA,False
BK01108,  Carlos Kaczmarek  ,2025-06-09,2025-06-11,436.81,USD,direct,False
BK01109,  Giulia Kim  ,2025-06-09,2025-06-15,431.23,USD,direct,True
BK01110,  Marie Schmidt  ,2025-06-09,2025-06-13,414.76,EUR,direct,False
BK01111,Kim Fatima,2025-06-10,2025-06-12,455.64,EUR,direct,False
BK01112,andrea ferrari,2025-06-10,2025-06-12,378.31,EUR,OTA,False
BK01113,MATTEO AL-RASHID,2025-06-10,2025-06-11,446.67,EUR,OTA,False
BK01114,  James Nowak  ,2025-06-10,2025-06-13,432.23,EUR,OTA,False
BK01115,jean bruno,2025-06-11,2025-06-15,377.73,EUR,direct,False
BK01116,OMAR TANAKA,2025-06-11,2025-06-15,419.11,EUR,OTA,False
BK01117,  Luca Rossi  ,2025-06-11,2025-06-14,458.9,EUR,direct,False
BK01118,Arjun Wagner,2025-06-11,2025-06-16,448.45,EUR,OTA,False
BK01119,LUCA PATEL,2025-06-11,2025-06-18,403.59,EUR,OTA,False
BK01120,Camille Smith,2025-06-11,2025-06-12,463.18,EUR,OTA,False
BK01121,simone silva,2025-06-12,2025-06-14,450.13,EUR,OTA,False
BK01122,Sharma Omar,2025-06-12,2025-06-20,425.1,USD,direct,False
BK01123,ASTRID SCHMIDT,2025-06-12,2025-06-16,399.37,EUR,direct,False
BK01124,OLIVIA SILVA,2025-06-12,2025-06-14,391.31,EUR,OTA,False
BK01125,Kenji Sharma,2025-06-12,2025-06-15,448.1,EUR,direct,False
BK01126,Kenji Bianchi,2025-06-12,2025-06-17,435.56,EUR,direct,False
BK01127,Diego Lefevre,2025-06-12,2025-06-15,380.06,USD,direct,False
BK01128,THOMAS MEYER,2025-06-12,2025-06-17,431.19,EUR,direct,False
BK01129,Sara Ibrahim,2025-06-13,2025-06-15,488.43,EUR,OTA,False
BK01130,Ahmed Moreau,2025-06-13,2025-06-16,396.76,EUR,direct,False
BK01131,ananya romano,2025-06-13,2025-06-15,438.21,EUR,direct,False
BK01132,GIULIA IBRAHIM,2025-06-13,2025-06-18,383.26,EUR,OTA,True
BK01133,AHMED KIM,2025-06-13,2025-06-14,443.2,EUR,OTA,False
BK01134,OLIVIA SCHMIDT,2025-06-13,2025-06-17,392.19,USD,direct,False
BK01135,Olivia Costa,2025-06-13,2025-06-16,450.12,EUR,OTA,False
BK01136,Ananya Meyer,2025-06-14,2025-06-16,413.8,EUR,direct,True
BK01137,Federica Suzuki,2025-06-14,2025-06-17,405.48,EUR,OTA,False
BK01138,OLIVIA MARINO,2025-06-14,2025-06-20,325.95,EUR,direct,False
BK01139,Giulia Chen,2025-06-14,2025-06-17,415.51,EUR,direct,False
BK01140,SIMONE GARCIA,2025-06-14,2025-06-17,518.11,EUR,direct,False
BK01141,Andersen Nikolai,2025-06-15,2025-06-20,432.98,EUR,direct,False
BK01142,FEDERICA IBRAHIM,2025-06-15,2025-06-17,370.34,EUR,OTA,False
BK01143,layla rossi,2025-06-15,2025-06-18,450.14,USD,OTA,False
BK01144,Amelia Nowak,2025-06-15,2025-06-18,417.75,USD,direct,False
BK01145,William Fernandez,2025-06-15,2025-06-20,471.38,EUR,OTA,False
BK01146,Popov Arjun,2025-06-15,2025-06-18,316.84,EUR,direct,False
BK01147,Priya Nakamura,2025-06-15,2025-06-16,412.72,EUR,direct,False
BK01148,Kim Fatima,2025-06-15,2025-06-19,391.16,EUR,OTA,False
BK01149,Andrea Leroy,2025-06-15,2025-06-18,434.69,EUR,OTA,False
BK01150,Paolo Nilsson,2025-06-15,2025-06-18,330.59,EUR,direct,False
BK01151,emma martinez,2025-06-16,2025-06-18,397.6,EUR,OTA,False
BK01152,  Olivia Sokolov  ,2025-06-16,2025-06-18,447.2,EUR,direct,False
BK01153,matteo garcia,2025-06-16,2025-06-21,393.28,USD,OTA,False
BK01154,Camille Schmidt,2025-06-16,2025-06-18,427.8,EUR,direct,False
BK01155,SILVIA SOKOLOV,2025-06-17,2025-06-19,397.89,EUR,OTA,False
BK01156,Carlos Girard,2025-06-18,2025-06-20,351.61,EUR,direct,False
BK01157,Marie Suzuki,2025-06-18,2025-06-20,364.51,EUR,direct,False
BK01158,Conti Elena,2025-06-18,2025-06-21,401.58,EUR,direct,False
BK01159,ERIK NAKAMURA,2025-06-18,2025-06-20,394.99,USD,OTA,False
BK01160,  Ekaterina Kowalski  ,2025-06-18,2025-06-20,373.65,EUR,direct,False
BK01161,yuki weber,2025-06-18,2025-06-22,426.37,USD,OTA,False
BK01162,WILLIAM YAMAMOTO,2025-06-18,2025-06-20,432.69,EUR,direct,False
BK01163,marco suzuki,2025-06-19,2025-06-24,402.37,EUR,direct,False
BK01164,Amelia Dubois,2025-06-19,2025-06-21,429.01,EUR,OTA,False
BK01165,astrid chen,2025-06-19,2025-06-20,425.07,USD,direct,False
BK01166,klaus popov,2025-06-19,2025-06-21,390.55,EUR,OTA,False
BK01167,Henri Romano,2025-06-19,2025-06-23,351.33,EUR,OTA,False
BK01168,hans bernard,2025-06-19,2025-06-24,482.9,EUR,OTA,False
BK01169,Giorgia Kaczmarek,2025-06-19,2025-06-22,465.21,USD,OTA,False
BK01170,Chiara Ibrahim,2025-06-19,2025-06-23,405.19,EUR,direct,False
BK01171,Omar Nilsson,2025-06-19,2025-06-22,439.27,EUR,OTA,False
BK01172,olga weber,2025-06-19,2025-06-24,451.98,EUR,OTA,False
BK01173,diego chen,2025-06-19,2025-06-22,421.02,EUR,OTA,False
BK01174,Silva Laura,2025-06-20,2025-06-24,379.64,EUR,direct,True
BK01175,  Giulia Sharma  ,2025-06-20,2025-06-22,438.71,EUR,OTA,True
BK01176,ARJUN JOHNSON,2025-06-20,2025-06-21,368.65,EUR,direct,False
BK01177,james girard,2025-06-20,2025-06-23,439.16,EUR,OTA,True
BK01178,Patricia Nowak,2025-06-20,2025-06-21,414.04,EUR,direct,True
BK01179,thomas wagner,2025-06-20,2025-06-23,417.07,EUR,OTA,False
BK01180,JAMES NAKAMURA,2025-06-20,2025-06-22,448.84,EUR,direct,False
BK01181,Novak Arjun,2025-06-20,2025-06-24,417.52,USD,OTA,False
BK01182,Smith Matteo,2025-06-20,2025-06-25,454.76,EUR,direct,False
BK01183,emma chen,2025-06-20,2025-06-23,444.0,EUR,direct,False
BK01184,Alessandro Silva,2025-06-21,2025-06-24,428.55,EUR,OTA,False
BK01185,Aiko Bernard,2025-06-21,2025-06-22,386.02,EUR,OTA,False
BK01186,ANNA KOWALSKI,2025-06-21,2025-06-26,425.49,EUR,direct,True
BK01187,carlos meyer,2025-06-21,2025-06-24,384.71,EUR,direct,False
BK01188,Aiko Watanabe,2025-06-21,2025-06-23,375.76,EUR,direct,False
BK01189,giulia garcia,2025-06-22,2025-06-27,504.32,EUR,OTA,False
BK01190,DMITRI FERNANDEZ,2025-06-22,2025-06-27,472.0,EUR,OTA,False
BK01191,Maria Colombo,2025-06-22,2025-06-25,481.8,USD,OTA,False
BK01192,  Sophie Klein  ,2025-06-22,2025-06-25,315.12,EUR,direct,False
BK01193,  Charlotte Chen  ,2025-06-22,2025-06-25,376.71,EUR,direct,False
BK01194,ingrid muller,2025-06-22,2025-06-24,308.87,EUR,direct,False
BK01195,Klaus Ferreira,2025-06-23,2025-06-25,396.65,EUR,direct,False
BK01196,NIKOLAI WATANABE,2025-06-23,2025-07-01,380.62,USD,direct,False
BK01197,  Ekaterina Lefevre  ,2025-06-23,2025-06-24,460.8,EUR,OTA,False
BK01198,Emma Ivanov,2025-06-23,2025-06-28,345.66,EUR,OTA,False
BK01199,Layla Patel,2025-06-23,2025-06-27,440.28,EUR,OTA,False
BK01200,ahmed nakamura,2025-06-23,2025-06-25,480.35,USD,direct,False
BK01201,isabella klein,2025-06-23,2025-06-25,438.53,EUR,direct,False
BK01202,klaus bernard,2025-06-24,2025-06-27,361.17,EUR,direct,False
BK01203,Sharma Nikolai,2025-06-24,2025-06-26,457.33,EUR,OTA,False
BK01204,FEDERICA DUBOIS,2025-06-24,2025-06-27,321.5,USD,direct,False
BK01205,laura fischer,2025-06-24,2025-06-27,460.36,EUR,direct,True
BK01206,  Marco Sharma  ,2025-06-24,2025-06-26,437.75,USD,direct,True
BK01207,Bruno Marie,2025-06-24,2025-06-27,375.25,EUR,direct,False
BK01208,Costa Thomas,2025-06-24,2025-06-27,435.35,EUR,OTA,False
BK01209,klaus girard,2025-06-24,2025-06-29,418.35,EUR,direct,False
BK01210,  Valentina Yamamoto  ,2025-06-25,2025-06-29,446.85,EUR,direct,False
BK01211,EMMA GRECO,2025-06-25,2025-06-29,388.32,USD,direct,False
BK01212,emma al-farsi,2025-06-25,2025-06-27,483.78,EUR,OTA,False
BK01213,  Simone Marino  ,2025-06-25,2025-07-02,421.3,EUR,OTA,False
BK01214,luca martinez,2025-06-25,2025-06-29,428.23,USD,direct,False
BK01215,OLGA SOKOLOV,2025-06-25,2025-06-30,345.43,EUR,direct,False
BK01216,ananya watanabe,2025-06-25,2025-06-27,411.0,EUR,OTA,False
BK01217,EMMA MOREAU,2025-06-25,2025-06-26,440.83,EUR,direct,False
BK01218,THOMAS GIRARD,2025-06-25,2025-06-24,433.04,USD,direct,False
BK01219,AHMED ANDERSEN,2025-06-26,2025-06-30,356.29,USD,direct,False
BK01220,Valentina Smith,2025-06-26,2025-06-27,434.07,EUR,OTA,False
BK01221,JAMES CONTI,2025-06-26,2025-06-30,430.8,EUR,direct,False
BK01222,ARJUN PETROV,2025-06-26,2025-06-29,494.06,EUR,OTA,False
BK01223,PATRICIA KLEIN,2025-06-26,2025-06-28,404.59,USD,OTA,False
BK01224,JAMES LEFEVRE,2025-06-26,2025-06-29,441.35,EUR,direct,False
BK01225,SILVIA LEFEVRE,2025-06-26,2025-07-02,409.77,USD,direct,True
BK01226,Diego Tanaka,2025-06-26,2025-06-30,382.05,EUR,OTA,False
BK01227,Astrid Kaczmarek,2025-06-27,2025-07-01,401.4,EUR,OTA,False
BK01228,  Jean Petrov  ,2025-06-27,2025-07-03,420.85,EUR,OTA,False
BK01229,  Robert Bernard  ,2025-06-27,2025-07-05,449.49,EUR,OTA,False
BK01230,Giulia Al-Rashid,2025-06-27,2025-06-29,401.62,EUR,direct,False
BK01231,Kenji Sharma,2025-06-27,2025-07-03,531.95,EUR,OTA,False
BK01232,  Dmitri Johnson  ,2025-06-27,2025-06-30,421.61,EUR,direct,False
BK01233,MARCO SILVA,2025-06-27,2025-07-01,399.32,EUR,OTA,False
BK01234,silvia al-farsi,2025-06-28,2025-07-01,396.12,EUR,direct,False
BK01235,  Thomas Chen  ,2025-06-28,2025-06-30,407.22,EUR,direct,False
BK01236,ingrid andersen,2025-06-28,2025-07-02,330.87,USD,OTA,False
BK01237,Paolo Andersen,2025-06-28,2025-06-30,449.09,EUR,direct,False
BK01238,Layla Colombo,2025-06-29,2025-07-01,394.65,EUR,OTA,False
BK01239,  Ekaterina Suzuki  ,2025-06-29,2025-07-03,426.84,EUR,direct,False
BK01240,Jean Yamamoto,2025-06-29,2025-07-02,328.84,EUR,OTA,False
BK01241,Maria Wagner,2025-06-29,2025-07-02,440.54,EUR,direct,False
BK01242,carlos nilsson,2025-06-29,2025-07-02,435.79,EUR,OTA,False
BK01243,AIKO MOREAU,2025-06-29,2025-06-30,438.77,EUR,OTA,False
BK01244,Fatima Kowalski,2025-06-29,2025-07-02,385.0,EUR,direct,True
BK01245,Erik Ibrahim,2025-06-30,2025-07-03,417.48,EUR,OTA,False
BK01246,PATRICIA BIANCHI,2025-06-30,2025-07-03,424.8,USD,OTA,False
BK01247,Erik Bianchi,2025-07-01,2025-07-06,418.42,EUR,OTA,False
BK01248,INGRID AL-FARSI,2025-07-01,2025-07-08,453.79,EUR,OTA,False
BK01249,Al-Rashid Jean,2025-07-01,2025-07-03,505.04,EUR,OTA,False
BK01250,  Andrea Tanaka  ,2025-07-01,2025-07-06,453.61,EUR,direct,False
BK01251,David Girard,2025-07-01,2025-07-07,445.37,EUR,OTA,False
BK01252,Esposito Priya,2025-07-01,2025-07-02,450.69,EUR,OTA,True
BK01253,Laura Marino,2025-07-01,2025-07-06,367.23,EUR,direct,False
BK01254,Pierre Novak,2025-07-01,2025-07-03,419.84,EUR,direct,False
BK01255,LAYLA KUMAR,2025-07-01,2025-07-05,422.61,EUR,direct,False
BK01256,Olivia Kumar,2025-07-01,2025-07-05,355.0,EUR,direct,False
BK01257,Andrea Bianchi,2025-07-02,2025-07-06,422.11,EUR,OTA,False
BK01258,giorgia bianchi,2025-07-02,2025-07-06,486.02,EUR,OTA,False
BK01259,hans martinez,2025-07-02,2025-07-05,419.37,EUR,direct,False
BK01260,nikolai lefevre,2025-07-02,2025-07-06,373.08,EUR,OTA,False
BK01261,amelia moreau,2025-07-02,2025-07-03,380.55,EUR,direct,False
BK01262,  Priya Dubois  ,2025-07-02,2025-07-06,488.12,EUR,direct,False
BK01263,OMAR WATANABE,2025-07-02,2025-07-05,447.48,EUR,OTA,False
BK01264,GIORGIA SILVA,2025-07-02,2025-07-06,399.79,EUR,OTA,False
BK01265,  Marie Watanabe  ,2025-07-02,2025-07-05,486.58,EUR,OTA,False
BK01266,Olga Kim,2025-07-02,2025-07-04,448.5,EUR,OTA,False
BK01267,DIEGO JOHNSON,2025-07-02,2025-07-05,374.84,USD,OTA,False
BK01268,  Fatima Patel  ,2025-07-02,2025-07-05,441.42,EUR,direct,False
BK01269,GIORGIA ESPOSITO,2025-07-02,2025-07-04,441.94,EUR,OTA,False
BK01270,FEDERICA TANAKA,2025-07-03,2025-07-08,450.21,EUR,OTA,False
BK01271,Kenji Wagner,2025-07-03,2025-07-12,364.55,USD,OTA,True
BK01272,anna sharma,2025-07-03,2025-07-07,350.9,USD,direct,False
BK01273,  John Fischer  ,2025-07-03,2025-07-06,432.09,USD,OTA,False
BK01274,kenji suzuki,2025-07-03,2025-07-07,351.25,USD,direct,False
BK01275,ANANYA SOKOLOV,2025-07-03,2025-07-05,422.32,USD,direct,False
BK01276,Laura Petrov,2025-07-03,2025-07-05,379.81,EUR,direct,False
BK01277,Carlos Popov,2025-07-03,2025-07-07,431.04,EUR,OTA,False
BK01278,FEDERICA SILVA,2025-07-03,2025-07-05,397.16,EUR,direct,False
BK01279,Giulia Bernard,2025-07-04,2025-07-08,393.24,EUR,direct,False
BK01280,chiara fernandez,2025-07-04,2025-07-06,423.61,EUR,OTA,False
BK01281,AMELIA AL-RASHID,2025-07-04,2025-07-08,380.41,EUR,direct,False
BK01282,giulia al-farsi,2025-07-04,2025-07-09,446.86,USD,direct,False
BK01283,  Yuki Klein  ,2025-07-04,2025-07-08,459.6,EUR,OTA,False
BK01284,maria novak,2025-07-04,2025-07-08,411.66,EUR,direct,False
BK01285,Patricia Suzuki,2025-07-04,2025-07-06,441.44,EUR,OTA,False
BK01286,Schmidt Fatima,2025-07-04,2025-07-13,486.51,EUR,direct,False
BK01287,layla dubois,2025-07-05,2025-07-08,405.79,EUR,direct,False
BK01288,  Andrea Al-Farsi  ,2025-07-05,2025-07-10,444.88,EUR,OTA,False
BK01289,  Lucia Fischer  ,2025-07-05,2025-07-07,363.23,EUR,OTA,False
BK01290,henri greco,2025-07-05,2025-07-08,466.96,EUR,OTA,False
BK01291,INGRID LEFEVRE,2025-07-06,2025-07-08,387.31,EUR,direct,False
BK01292,Hans Bruno,2025-07-06,2025-07-09,454.82,EUR,direct,True
BK01293,VALENTINA BIANCHI,2025-07-06,2025-07-09,440.82,EUR,OTA,False
BK01294,PATRICIA MULLER,2025-07-06,2025-07-09,414.49,EUR,OTA,False
BK01295,Tanaka James,2025-07-06,2025-07-08,503.61,EUR,OTA,False
BK01296,  Silvia Nilsson  ,2025-07-07,2025-07-12,400.31,EUR,OTA,False
BK01297,  Emma Popov  ,2025-07-07,2025-07-11,337.96,EUR,OTA,False
BK01298,matteo klein,2025-07-07,2025-07-14,394.86,EUR,OTA,False
BK01299,WILLIAM KIM,2025-07-07,2025-07-09,441.67,EUR,direct,False
BK01300,klaus watanabe,2025-07-07,2025-07-11,450.48,EUR,OTA,False
BK01301,YUKI GARCIA,2025-07-08,2025-07-12,359.92,EUR,direct,True
BK01302,  Federica Chen  ,2025-07-08,2025-07-11,450.78,EUR,OTA,False
BK01303,charlotte martinez,2025-07-08,2025-07-12,416.55,EUR,OTA,True
BK01304,DAVID KIM,2025-07-08,2025-07-12,395.25,EUR,direct,True
BK01305,maria chen,2025-07-08,2025-07-15,441.57,EUR,OTA,False
BK01306,  Yuki Watanabe  ,2025-07-08,2025-07-09,405.36,EUR,OTA,False
BK01307,ASTRID LEFEVRE,2025-07-09,2025-07-12,442.57,USD,OTA,False
BK01308,  Pierre Nowak  ,2025-07-09,2025-07-11,451.27,EUR,direct,False
BK01309,KENJI KACZMAREK,2025-07-09,2025-07-11,325.47,USD,direct,True
BK01310,paolo moreau,2025-07-09,2025-07-13,515.18,EUR,direct,False
BK01311,SIMONE WATANABE,2025-07-09,2025-07-11,399.54,USD,OTA,False
BK01312,francesco schmidt,2025-07-09,2025-07-12,416.73,EUR,direct,False
BK01313,andrea kowalski,2025-07-10,2025-07-12,396.06,EUR,direct,False
BK01314,omar esposito,2025-07-10,2025-07-15,431.33,EUR,OTA,True
BK01315,  Maria Martinez  ,2025-07-10,2025-07-12,419.08,EUR,OTA,False
BK01316,FATIMA RICCI,2025-07-10,2025-07-12,408.84,EUR,direct,False
BK01317,patricia ferreira,2025-07-10,2025-07-12,458.22,USD,direct,False
BK01318,Valentina Ferreira,2025-07-10,2025-07-14,429.34,EUR,OTA,False
BK01319,andrea lopez,2025-07-10,2025-07-14,446.59,EUR,OTA,False
BK01320,Federica Hassan,2025-07-10,2025-07-14,419.56,EUR,OTA,False
BK01321,laura novak,2025-07-11,2025-07-19,384.23,EUR,direct,False
BK01322,  Carlos Fernandez  ,2025-07-11,2025-07-16,430.55,EUR,OTA,False
BK01323,Patel Ahmed,2025-07-11,2025-07-14,485.69,EUR,OTA,False
BK01324,Isabella Singh,2025-07-11,2025-07-13,425.52,EUR,direct,False
BK01325,thomas dubois,2025-07-11,2025-07-18,413.37,EUR,OTA,False
BK01326,ELENA KOWALSKI,2025-07-11,2025-07-15,398.64,USD,OTA,True
BK01327,ekaterina muller,2025-07-12,2025-07-16,393.8,EUR,OTA,False
BK01328,Dubois Erik,2025-07-12,2025-07-15,445.52,EUR,OTA,False
BK01329,Francesco Sokolov,2025-07-12,2025-07-14,446.99,USD,direct,False
BK01330,Bianchi Alessandro,2025-07-12,2025-07-14,421.82,EUR,OTA,False
BK01331,ROBERT TANAKA,2025-07-12,2025-07-14,384.89,EUR,OTA,False
BK01332,  Hans Kim  ,2025-07-12,2025-07-14,448.43,EUR,direct,False
BK01333,Charlotte Costa,2025-07-12,2025-07-13,467.28,EUR,OTA,False
BK01334,Patricia Kaczmarek,2025-07-13,2025-07-15,415.05,EUR,OTA,False
BK01335,Nikolai Kobayashi,2025-07-13,2025-07-15,457.62,USD,OTA,False
BK01336,erik schmidt,2025-07-13,2025-07-15,438.16,EUR,OTA,False
BK01337,carlos greco,2025-07-13,2025-07-16,419.7,EUR,OTA,False
BK01338,emma ibrahim,2025-07-13,2025-07-17,392.0,EUR,OTA,True
BK01339,pierre patel,2025-07-13,2025-07-15,481.34,EUR,OTA,False
BK01340,  Ekaterina Bruno  ,2025-07-13,2025-07-17,424.4,EUR,direct,False
BK01341,laura andersen,2025-07-13,2025-07-15,390.09,EUR,direct,False
BK01342,Youssef Wagner,2025-07-14,2025-07-17,387.14,USD,direct,False
BK01343,james leroy,2025-07-14,2025-07-16,461.86,USD,OTA,False
BK01344,  Nikolai Kowalski  ,2025-07-14,2025-07-16,452.05,USD,OTA,False
BK01345,MARIA CONTI,2025-07-14,2025-07-16,396.7,EUR,OTA,False
BK01346,henri watanabe,2025-07-14,2025-07-17,417.19,EUR,OTA,True
BK01347,Andrea Fernandez,2025-07-15,2025-07-17,388.69,USD,OTA,False
BK01348,  Fatima Sokolov  ,2025-07-15,2025-07-16,403.18,EUR,direct,False
BK01349,Camille Greco,2025-07-15,2025-07-22,453.82,EUR,direct,False
BK01350,Matteo Girard,2025-07-15,2025-07-18,391.52,EUR,direct,False
BK01351,EMMA SCHMIDT,2025-07-15,2025-07-21,428.08,EUR,OTA,False
BK01352,PATRICIA PARK,2025-07-15,2025-07-17,448.9,EUR,direct,False
BK01353,carlos marino,2025-07-16,2025-07-20,374.28,EUR,direct,False
BK01354,Giulia Wagner,2025-07-16,2025-07-18,438.69,EUR,OTA,False
BK01355,Olga Nakamura,2025-07-16,2025-07-17,465.23,EUR,OTA,False
BK01356,marco suzuki,2025-07-16,2025-07-18,442.35,USD,OTA,False
BK01357,WILLIAM IVANOV,2025-07-16,2025-07-20,455.79,EUR,direct,False
BK01358,LAURA SUZUKI,2025-07-16,2025-07-16,411.41,EUR,OTA,False
BK01359,Weber Elena,2025-07-16,2025-07-19,456.5,EUR,OTA,False
BK01360,John Greco,2025-07-16,2025-07-18,356.57,USD,direct,False
BK01361,John Lopez,2025-07-17,2025-07-21,383.49,EUR,direct,True
BK01362,anna bernard,2025-07-17,2025-07-22,441.52,EUR,direct,False
BK01363,  Charlotte Schmidt  ,2025-07-17,2025-07-20,407.9,EUR,direct,False
BK01364,KENJI MOREAU,2025-07-17,2025-07-19,497.96,EUR,OTA,False
BK01365,AHMED ROMANO,2025-07-17,2025-07-22,359.72,EUR,OTA,False
BK01366,NIKOLAI LEROY,2025-07-17,2025-07-19,471.22,EUR,OTA,False
BK01367,Anna Greco,2025-07-17,2025-07-20,372.63,EUR,OTA,False
BK01368,Amelia Johnson,2025-07-17,2025-07-21,442.13,EUR,direct,False
BK01369,marie novak,2025-07-17,2025-07-22,457.94,EUR,OTA,False
BK01370,simone lopez,2025-07-17,2025-07-19,416.06,EUR,OTA,False
BK01371,CHARLOTTE LOPEZ,2025-07-17,2025-07-21,451.47,USD,OTA,False
BK01372,Federica Popov,2025-07-18,2025-07-21,385.73,USD,direct,False
BK01373,KLAUS ANDERSEN,2025-07-18,2025-07-22,412.73,EUR,OTA,False
BK01374,hans weber,2025-07-18,2025-07-21,381.65,EUR,direct,False
BK01375,VALENTINA SOKOLOV,2025-07-18,2025-07-24,407.29,EUR,OTA,False
BK01376,  Ahmed Meyer  ,2025-07-18,2025-07-26,478.02,USD,OTA,False
BK01377,ISABELLA HASSAN,2025-07-18,2025-07-21,448.78,USD,OTA,False
BK01378,JEAN FERNANDEZ,2025-07-18,2025-07-21,407.58,EUR,direct,False
BK01379,Francesco Yamamoto,2025-07-18,2025-07-20,406.5,USD,direct,False
BK01380,  Andrea Klein  ,2025-07-18,2025-07-19,442.62,EUR,OTA,True
BK01381,OLIVIA SUZUKI,2025-07-19,2025-07-22,427.83,EUR,direct,True
BK01382,  Valentina Singh  ,2025-07-19,2025-07-22,466.18,USD,direct,False
BK01383,Nilsson Elena,2025-07-19,2025-07-24,400.95,EUR,direct,False
BK01384,SARA PARK,2025-07-20,2025-07-22,377.5,EUR,OTA,False
BK01385,thomas kumar,2025-07-20,2025-07-24,494.96,EUR,OTA,False
BK01386,Patel Isabella,2025-07-20,2025-07-22,420.97,EUR,direct,False
BK01387,PIERRE IVANOV,2025-07-20,2025-07-25,395.11,USD,OTA,False
BK01388,Bernard Chiara,2025-07-20,2025-07-23,425.65,EUR,OTA,False
BK01389,Anna Ivanov,2025-07-20,2025-07-26,442.74,EUR,OTA,False
BK01390,Henri Rossi,2025-07-20,2025-07-23,371.29,EUR,OTA,False
BK01391,Chiara Nilsson,2025-07-20,2025-07-26,371.53,EUR,direct,False
BK01392,Smith Francesco,2025-07-20,2025-07-24,418.33,EUR,OTA,False
BK01393,Chiara Leroy,2025-07-21,2025-07-24,390.89,EUR,OTA,False
BK01394,layla al-farsi,2025-07-21,2025-07-24,490.75,EUR,OTA,False
BK01395,CHARLOTTE KLEIN,2025-07-21,2025-07-25,442.2,EUR,direct,False
BK01396,ISABELLA COSTA,2025-07-21,2025-07-23,545.94,USD,OTA,False
BK01397,chiara ferrari,2025-07-21,2025-07-25,515.03,EUR,OTA,False
BK01398,  Marco Yamamoto  ,2025-07-21,2025-07-28,428.85,EUR,direct,False
BK01399,CARLOS CHEN,2025-07-22,2025-07-26,430.28,EUR,direct,True
BK01400,  Yuki Kaczmarek  ,2025-07-22,2025-07-24,416.4,EUR,OTA,False
BK01401,Ekaterina Johnson,2025-07-22,2025-07-26,352.82,USD,OTA,False
BK01402,  Priya Tanaka  ,2025-07-22,2025-07-27,337.16,EUR,direct,False
BK01403,ahmed fischer,2025-07-22,2025-07-25,408.55,USD,direct,False
BK01404,ekaterina lefevre,2025-07-23,2025-07-26,401.05,EUR,direct,False
BK01405,DAVID IVANOV,2025-07-23,2025-07-28,435.6,EUR,direct,False
BK01406,DMITRI ROMANO,2025-07-23,2025-07-25,432.0,EUR,OTA,False
BK01407,  John Muller  ,2025-07-23,2025-07-24,416.77,EUR,OTA,False
BK01408,ekaterina kim,2025-07-23,2025-07-25,348.22,EUR,direct,False
BK01409,PRIYA KLEIN,2025-07-23,2025-07-27,548.13,EUR,direct,False
BK01410,Lucia Bianchi,2025-07-24,2025-07-28,520.93,EUR,direct,False
BK01411,PAOLO KUMAR,2025-07-24,2025-07-27,457.37,EUR,direct,False
BK01412,Youssef Weber,2025-07-24,2025-07-27,453.87,EUR,direct,False
BK01413,Giorgia Wagner,2025-07-24,2025-07-26,413.8,EUR,direct,False
BK01414,Maria Yamamoto,2025-07-24,2025-07-28,524.74,EUR,direct,False
BK01415,Erik Popov,2025-07-24,2025-07-26,429.26,USD,OTA,False
BK01416,Leroy Simone,2025-07-24,2025-07-25,490.36,USD,OTA,True
BK01417,Camille Suzuki,2025-07-24,2025-07-28,482.14,USD,direct,False
BK01418,sophie fernandez,2025-07-24,2025-07-28,447.53,EUR,OTA,False
BK01419,Amelia Marino,2025-07-24,2025-07-29,366.09,EUR,direct,False
BK01420,Elena Popov,2025-07-25,2025-07-28,443.86,EUR,OTA,True
BK01421,DMITRI KIM,2025-07-25,2025-07-30,414.2,EUR,OTA,False
BK01422,CHIARA MOREAU,2025-07-25,2025-07-29,333.61,USD,direct,False
BK01423,Arjun Suzuki,2025-07-25,2025-07-27,410.49,EUR,direct,False
BK01424,Al-Rashid Matteo,2025-07-25,2025-07-28,370.79,USD,OTA,False
BK01425,diego fischer,2025-07-25,2025-07-28,457.77,USD,OTA,False
BK01426,silvia dubois,2025-07-26,2025-07-29,519.34,USD,direct,False
BK01427,laura weber,2025-07-26,2025-07-28,453.39,EUR,OTA,False
BK01428,  Luca Costa  ,2025-07-26,2025-07-27,440.71,EUR,OTA,True
BK01429,HANS SINGH,2025-07-26,2025-08-04,421.94,EUR,direct,False
BK01430,ROBERT ROMANO,2025-07-27,2025-07-29,422.16,EUR,direct,False
BK01431,ALESSANDRO RICCI,2025-07-27,2025-07-29,500.49,EUR,OTA,False
BK01432,Henri Singh,2025-07-27,2025-07-30,429.15,EUR,direct,False
BK01433,Federica Ricci,2025-07-28,2025-07-30,319.21,USD,OTA,False
BK01434,Youssef Sharma,2025-07-28,2025-07-31,484.58,EUR,OTA,False
BK01435,JOHN JOHNSON,2025-07-28,2025-07-30,422.24,EUR,direct,False
BK01436,Thomas Nakamura,2025-07-28,2025-08-05,492.29,EUR,direct,False
BK01437,  Matteo Novak  ,2025-07-29,2025-07-28,384.79,EUR,OTA,True
BK01438,henri ferreira,2025-07-29,2025-08-01,498.7,USD,OTA,False
BK01439,JAMES KOWALSKI,2025-07-29,2025-08-03,374.1,EUR,direct,False
BK01440,Luca Kaczmarek,2025-07-30,2025-08-03,443.25,EUR,direct,False
BK01441,CAMILLE YAMAMOTO,2025-07-30,2025-08-02,349.24,EUR,direct,True
BK01442,Jean Lefevre,2025-07-30,2025-08-02,405.78,USD,direct,False
BK01443,luca suzuki,2025-07-30,2025-08-04,443.01,EUR,direct,False
BK01444,Hassan Priya,2025-07-30,2025-08-01,367.01,EUR,direct,False
BK01445,  William Park  ,2025-07-30,2025-08-03,472.44,EUR,OTA,False
BK01446,  Yuki Park  ,2025-07-30,2025-08-02,474.64,USD,direct,False
BK01447,  Erik Bruno  ,2025-07-30,2025-08-03,400.29,USD,direct,True
BK01448,ananya weber,2025-07-30,2025-08-03,463.43,EUR,OTA,False
BK01449,  James Singh  ,2025-07-30,2025-08-03,410.41,EUR,OTA,False
BK01450,  Andrea Wagner  ,2025-07-30,2025-08-02,378.11,USD,direct,True
BK01451,ANANYA KIM,2025-07-31,2025-08-05,405.3,EUR,direct,False
BK01452,simone nowak,2025-07-31,2025-08-03,416.03,EUR,OTA,False
BK01453,Nilsson Layla,2025-07-31,2025-08-04,410.91,EUR,OTA,False
BK01454,Sara Nowak,2025-07-31,2025-08-04,459.55,EUR,OTA,False
BK01455,ANDREA PARK,2025-07-31,2025-08-11,407.97,USD,OTA,False
BK01456,Astrid Smith,2025-08-01,2025-08-04,421.67,EUR,direct,False
BK01457,hans ferrari,2025-08-01,2025-08-04,419.03,EUR,direct,False
BK01458,PRIYA PARK,2025-08-01,2025-08-04,449.71,EUR,OTA,False
BK01459,Federica Ferrari,2025-08-01,2025-08-05,446.29,USD,OTA,False
BK01460,Federica Park,2025-08-01,2025-08-02,421.04,EUR,direct,False
BK01461,PRIYA NOWAK,2025-08-01,2025-08-10,408.61,EUR,direct,False
BK01462,Arjun Silva,2025-08-02,2025-08-06,440.24,EUR,direct,False
BK01463,elena ferreira,2025-08-02,2025-08-08,377.6,EUR,OTA,False
BK01464,JAMES KLEIN,2025-08-02,2025-08-05,356.5,EUR,direct,False
BK01465,HANS ANDERSEN,2025-08-02,2025-08-06,498.38,EUR,OTA,False
BK01466,Isabella Kobayashi,2025-08-02,2025-08-06,423.3,EUR,OTA,False
BK01467,olivia al-farsi,2025-08-02,2025-08-05,401.22,EUR,OTA,False
BK01468,VALENTINA IVANOV,2025-08-03,2025-08-09,463.69,EUR,OTA,False
BK01469,Camille Bruno,2025-08-03,2025-08-07,494.64,USD,OTA,False
BK01470,DAVID SINGH,2025-08-03,2025-08-06,374.27,EUR,direct,False
BK01471,Diego Fernandez,2025-08-03,2025-08-06,489.27,EUR,OTA,False
BK01472,Emma Muller,2025-08-03,2025-08-07,359.04,USD,OTA,False
BK01473,ALESSANDRO AL-FARSI,2025-08-03,2025-08-05,433.16,EUR,OTA,False
BK01474,AIKO CHEN,2025-08-03,2025-08-07,474.48,USD,OTA,False
BK01475,Astrid Costa,2025-08-03,2025-08-06,427.97,EUR,direct,False
BK01476,Erik Klein,2025-08-03,2025-08-07,451.29,EUR,direct,False
BK01477,David Greco,2025-08-03,2025-08-05,382.47,USD,direct,False
BK01478,JEAN IBRAHIM,2025-08-03,2025-08-04,440.16,EUR,direct,False
BK01479,  Hans Hassan  ,2025-08-03,2025-08-08,514.1,USD,direct,False
BK01480,LAYLA ANDERSEN,2025-08-03,2025-08-07,479.58,EUR,OTA,False
BK01481,  John Nilsson  ,2025-08-04,2025-08-06,472.84,USD,OTA,False
BK01482,  Carlos Bernard  ,2025-08-04,2025-08-07,459.22,EUR,direct,False
BK01483,Andrea Leroy,2025-08-04,2025-08-09,482.86,EUR,direct,False
BK01484,Garcia Elena,2025-08-04,2025-08-07,431.28,EUR,direct,False
BK01485,Jean Rossi,2025-08-04,2025-08-08,415.64,EUR,direct,False
BK01486,Dmitri Watanabe,2025-08-05,2025-08-07,444.18,EUR,OTA,True
BK01487,james petrov,2025-08-05,2025-08-08,467.99,EUR,OTA,False
BK01488,ekaterina park,2025-08-05,2025-08-07,362.36,USD,OTA,False
BK01489,Youssef Park,2025-08-05,2025-08-07,381.17,EUR,OTA,False
BK01490,  Luca Park  ,2025-08-05,2025-08-08,425.45,EUR,OTA,False
BK01491,Sara Singh,2025-08-05,2025-08-10,421.1,USD,OTA,False
BK01492,Kobayashi Kenji,2025-08-05,2025-08-09,455.76,USD,direct,True
BK01493,Colombo Giorgia,2025-08-05,2025-08-06,453.83,EUR,OTA,False
BK01494,pierre andersen,2025-08-05,2025-08-07,408.85,USD,direct,False
BK01495,  Anna Ricci  ,2025-08-05,2025-08-12,344.38,USD,direct,False
BK01496,EMMA LEROY,2025-08-05,2025-08-08,406.28,EUR,direct,True
BK01497,DMITRI SUZUKI,2025-08-05,2025-08-08,403.02,EUR,direct,False
BK01498,elena lefevre,2025-08-06,2025-08-09,471.39,EUR,direct,False
BK01499,Andrea Meyer,2025-08-06,2025-08-10,389.67,EUR,OTA,False
BK01500,Anna Al-Rashid,2025-08-06,2025-08-08,409.13,USD,OTA,False
BK01501,OMAR SCHMIDT,2025-08-06,2025-08-09,389.37,USD,direct,False
BK01502,  Priya Al-Farsi  ,2025-08-06,2025-08-08,463.85,EUR,OTA,False
BK01503,Martinez Olga,2025-08-06,2025-08-08,425.12,EUR,OTA,False
BK01504,Kim Anna,2025-08-06,2025-08-12,442.39,USD,OTA,False
BK01505,Silvia Colombo,2025-08-06,2025-08-11,384.28,EUR,direct,False
BK01506,  Klaus Rossi  ,2025-08-06,2025-08-15,423.36,USD,direct,False
BK01507,JEAN KIM,2025-08-06,2025-08-09,422.47,EUR,direct,False
BK01508,Federica Sokolov,2025-08-06,2025-08-08,452.72,EUR,OTA,False
BK01509,John Hassan,2025-08-07,2025-08-10,461.05,EUR,direct,False
BK01510,Martinez Fatima,2025-08-07,2025-08-10,409.96,EUR,direct,False
BK01511,CHARLOTTE NAKAMURA,2025-08-07,2025-08-10,468.07,EUR,OTA,False
BK01512,LAURA COLOMBO,2025-08-07,2025-08-10,419.66,EUR,direct,False
BK01513,HANS ROMANO,2025-08-07,2025-08-11,469.0,EUR,direct,False
BK01514,CHARLOTTE GIRARD,2025-08-07,2025-08-10,348.26,EUR,direct,False
BK01515,Thomas Fischer,2025-08-07,2025-08-09,368.48,USD,direct,True
BK01516,sophie hassan,2025-08-07,2025-08-11,393.26,EUR,direct,False
BK01517,omar watanabe,2025-08-07,2025-08-13,395.66,EUR,direct,False
BK01518,Sophie Klein,2025-08-08,2025-08-09,370.8,EUR,direct,False
BK01519,Layla Ricci,2025-08-08,2025-08-10,478.84,EUR,OTA,False
BK01520,OLGA RICCI,2025-08-08,2025-08-09,417.99,EUR,direct,False
BK01521,Giulia Rossi,2025-08-08,2025-08-10,363.92,EUR,direct,False
BK01522,Aiko Lefevre,2025-08-08,2025-08-11,398.59,EUR,OTA,True
BK01523,Giulia Costa,2025-08-09,2025-08-13,389.75,EUR,OTA,False
BK01524,  Paolo Schmidt  ,2025-08-09,2025-08-12,500.72,USD,OTA,False
BK01525,andrea sharma,2025-08-09,2025-08-12,353.42,EUR,OTA,False
BK01526,Sokolov Paolo,2025-08-09,2025-08-12,452.01,EUR,OTA,False
BK01527,Girard Emma,2025-08-09,2025-08-12,406.36,USD,direct,False
BK01528,Nowak Sophie,2025-08-10,2025-08-12,433.38,EUR,OTA,False
BK01529,lucia smith,2025-08-10,2025-08-13,425.86,USD,direct,True
BK01530,Ahmed Garcia,2025-08-10,2025-08-15,350.43,EUR,direct,False
BK01531,william kobayashi,2025-08-10,2025-08-12,390.22,EUR,direct,False
BK01532,  Klaus Klein  ,2025-08-10,2025-08-14,384.29,EUR,OTA,False
BK01533,Leroy Carlos,2025-08-10,2025-08-13,447.27,EUR,OTA,False
BK01534,ahmed smith,2025-08-10,2025-08-15,382.49,EUR,direct,False
BK01535,HANS CHEN,2025-08-11,2025-08-12,397.17,EUR,direct,False
BK01536,amelia esposito,2025-08-11,2025-08-15,437.27,USD,OTA,False
BK01537,Aiko Ferreira,2025-08-11,2025-08-13,441.67,EUR,OTA,True
BK01538,Martinez Paolo,2025-08-11,2025-08-15,461.58,EUR,OTA,False
BK01539,Chiara Ivanov,2025-08-11,2025-08-18,387.43,EUR,direct,False
BK01540,CAMILLE BIANCHI,2025-08-11,2025-08-14,441.77,EUR,direct,False
BK01541,Sara Ivanov,2025-08-11,2025-08-16,406.53,EUR,direct,False
BK01542,THOMAS ROSSI,2025-08-11,2025-08-14,358.33,EUR,direct,False
BK01543,isabella kumar,2025-08-11,2025-08-14,469.43,EUR,OTA,False
BK01544,Hassan Robert,2025-08-12,2025-08-17,397.68,EUR,OTA,False
BK01545,Giulia Patel,2025-08-12,2025-08-13,400.59,EUR,OTA,False
BK01546,  Sara Petrov  ,2025-08-12,2025-08-15,435.99,EUR,OTA,False
BK01547,dmitri ibrahim,2025-08-12,2025-08-15,526.91,EUR,direct,False
BK01548,ANANYA HASSAN,2025-08-13,2025-08-18,401.03,EUR,direct,False
BK01549,omar yamamoto,2025-08-13,2025-08-15,388.53,EUR,direct,False
BK01550,aiko costa,2025-08-14,2025-08-15,350.33,EUR,direct,False
BK01551,Isabella Novak,2025-08-14,2025-08-18,449.94,USD,OTA,False
BK01552,MARIE IVANOV,2025-08-14,2025-08-17,407.67,EUR,direct,False
BK01553,Patricia Ferreira,2025-08-14,2025-08-16,398.2,EUR,direct,False
BK01554,OLGA WEBER,2025-08-14,2025-08-18,413.3,EUR,direct,False
BK01555,Luca Schmidt,2025-08-14,2025-08-16,400.65,USD,direct,True
BK01556,PATRICIA FERREIRA,2025-08-15,2025-08-19,503.69,EUR,OTA,False
BK01557,SIMONE MULLER,2025-08-15,2025-08-18,472.68,EUR,direct,False
BK01558,Schmidt Sara,2025-08-15,2025-08-18,443.08,EUR,OTA,False
BK01559,elena kumar,2025-08-15,2025-08-16,406.82,EUR,direct,False
BK01560,YOUSSEF HASSAN,2025-08-15,2025-08-20,471.81,EUR,OTA,False
BK01561,  Astrid Greco  ,2025-08-15,2025-08-18,415.6,EUR,OTA,False
BK01562,AMELIA SUZUKI,2025-08-15,2025-08-24,401.78,USD,OTA,False
BK01563,amelia nakamura,2025-08-15,2025-08-23,373.44,EUR,direct,False
BK01564,Meyer Valentina,2025-08-16,2025-08-21,437.34,EUR,direct,False
BK01565,LUCIA DUBOIS,2025-08-16,2025-08-20,443.58,EUR,OTA,True
BK01566,Ahmed Singh,2025-08-16,2025-08-16,423.95,EUR,OTA,False
BK01567,Youssef Kowalski,2025-08-16,2025-08-19,467.38,EUR,OTA,False
BK01568,  Aiko Ibrahim  ,2025-08-16,2025-08-23,425.72,EUR,OTA,False
BK01569,DMITRI FISCHER,2025-08-16,2025-08-21,449.14,EUR,OTA,False
BK01570,Luca Dubois,2025-08-16,2025-08-19,422.38,EUR,direct,False
BK01571,  Chiara Kim  ,2025-08-16,2025-08-19,423.44,EUR,OTA,False
BK01572,Arjun Bernard,2025-08-17,2025-08-22,415.96,EUR,OTA,False
BK01573,  Patricia Smith  ,2025-08-17,2025-08-19,418.81,EUR,OTA,False
BK01574,PRIYA PATEL,2025-08-17,2025-08-20,427.32,EUR,direct,False
BK01575,Priya Kumar,2025-08-17,2025-08-22,431.47,EUR,direct,False
BK01576,jean kaczmarek,2025-08-17,2025-08-19,358.51,EUR,direct,False
BK01577,  Amelia Ferrari  ,2025-08-18,2025-08-29,498.08,EUR,OTA,True
BK01578,Charlotte Romano,2025-08-18,2025-08-23,429.15,USD,OTA,False
BK01579,lucia ferreira,2025-08-18,2025-08-20,435.68,EUR,direct,False
BK01580,Klein Giorgia,2025-08-18,2025-08-20,467.45,USD,direct,False
BK01581,emma sokolov,2025-08-18,2025-08-24,446.62,USD,OTA,False
BK01582,  David Conti  ,2025-08-18,2025-08-25,428.62,EUR,OTA,False
BK01583,marco ivanov,2025-08-18,2025-08-22,392.85,USD,OTA,False
BK01584,ISABELLA SILVA,2025-08-18,2025-08-20,435.44,USD,OTA,False
BK01585,Marie Chen,2025-08-18,2025-08-26,384.34,EUR,OTA,False
BK01586,JEAN PETROV,2025-08-19,2025-08-22,464.54,EUR,OTA,False
BK01587,Conti Sara,2025-08-19,2025-08-22,397.79,USD,direct,False
BK01588,aiko muller,2025-08-19,2025-08-22,472.59,EUR,direct,False
BK01589,Chen Amelia,2025-08-19,2025-08-22,470.06,EUR,direct,False
BK01590,Nowak John,2025-08-19,2025-08-22,500.36,EUR,OTA,False
BK01591,Ferreira Maria,2025-08-19,2025-08-22,496.17,EUR,OTA,False
BK01592,  Erik Conti  ,2025-08-19,2025-08-21,392.17,EUR,direct,False
BK01593,SOPHIE ROMANO,2025-08-19,2025-08-21,463.08,EUR,direct,False
BK01594,Isabella Petrov,2025-08-20,2025-08-24,424.04,EUR,OTA,False
BK01595,fatima bruno,2025-08-20,2025-08-22,399.65,EUR,direct,False
BK01596,  Paolo Klein  ,2025-08-20,2025-08-26,342.92,EUR,OTA,False
BK01597,MARIE WEBER,2025-08-21,2025-08-25,412.51,EUR,direct,False
BK01598,DMITRI TANAKA,2025-08-21,2025-08-25,472.53,USD,OTA,False
BK01599,INGRID BRUNO,2025-08-21,2025-08-25,400.4,USD,OTA,False
BK01600,carlos lefevre,2025-08-21,2025-08-23,454.84,EUR,OTA,False
BK01601,ISABELLA BIANCHI,2025-08-22,2025-08-25,361.59,EUR,direct,False
BK01602,  Diego Muller  ,2025-08-22,2025-08-24,421.01,EUR,OTA,False
BK01603,Silvia Fernandez,2025-08-22,2025-08-24,500.19,EUR,direct,False
BK01604,INGRID WEBER,2025-08-22,2025-08-25,471.54,EUR,OTA,False
BK01605,KENJI FISCHER,2025-08-22,2025-08-25,515.27,USD,OTA,False
BK01606,Elena Kobayashi,2025-08-22,2025-08-30,356.12,USD,OTA,False
BK01607,Isabella Smith,2025-08-22,2025-08-24,481.68,EUR,OTA,False
BK01608,  Sophie Lopez  ,2025-08-22,2025-08-25,435.15,USD,direct,False
BK01609,  Camille Kobayashi  ,2025-08-23,2025-08-25,353.19,USD,OTA,False
BK01610,  Amelia Nowak  ,2025-08-23,2025-08-27,454.42,EUR,OTA,False
BK01611,Girard John,2025-08-23,2025-08-27,467.41,EUR,OTA,False
BK01612,william martinez,2025-08-23,2025-08-29,464.51,EUR,OTA,False
BK01613,Camille Wagner,2025-08-23,2025-08-30,456.16,EUR,direct,False
BK01614,FATIMA TANAKA,2025-08-23,2025-08-26,440.12,EUR,OTA,False
BK01615,  Paolo Yamamoto  ,2025-08-23,2025-08-26,424.84,EUR,OTA,False
BK01616,Matteo Sokolov,2025-08-23,2025-08-27,447.03,EUR,OTA,False
BK01617,  Ingrid Yamamoto  ,2025-08-24,2025-08-27,503.85,EUR,OTA,False
BK01618,ingrid al-farsi,2025-08-24,2025-08-27,357.99,EUR,direct,False
BK01619,  Klaus Meyer  ,2025-08-24,2025-08-27,405.94,USD,OTA,False
BK01620,Jean Hassan,2025-08-24,2025-08-29,434.01,EUR,direct,False
BK01621,Anna Smith,2025-08-24,2025-08-26,421.36,EUR,OTA,False
BK01622,Isabella Smith,2025-08-25,2025-08-30,431.26,EUR,OTA,False
BK01623,  Astrid Klein  ,2025-08-25,2025-09-01,434.05,EUR,OTA,False
BK01624,FEDERICA NAKAMURA,2025-08-25,2025-08-28,454.19,EUR,direct,False
BK01625,PIERRE KUMAR,2025-08-25,2025-08-27,409.34,USD,OTA,False
BK01626,Paolo Al-Farsi,2025-08-25,2025-08-28,399.13,EUR,direct,False
BK01627,THOMAS MARTINEZ,2025-08-25,2025-08-27,475.84,EUR,OTA,False
BK01628,OMAR BERNARD,2025-08-25,2025-09-03,431.43,USD,OTA,False
BK01629,  Diego Ivanov  ,2025-08-25,2025-08-30,344.91,EUR,direct,False
BK01630,Olivia Marino,2025-08-25,2025-08-28,488.46,USD,OTA,False
BK01631,SILVIA SINGH,2025-08-25,2025-08-27,415.69,EUR,direct,False
BK01632,AHMED WEBER,2025-08-25,2025-08-30,451.61,EUR,OTA,False
BK01633,  William Greco  ,2025-08-25,2025-08-28,449.81,EUR,OTA,True
BK01634,Watanabe Carlos,2025-08-26,2025-08-31,359.34,EUR,OTA,False
BK01635,charlotte marino,2025-08-26,2025-08-31,524.13,EUR,OTA,False
BK01636,Chiara Muller,2025-08-26,2025-08-28,369.27,EUR,direct,False
BK01637,Fatima Kobayashi,2025-08-26,2025-09-01,397.27,EUR,OTA,False
BK01638,  Sophie Fischer  ,2025-08-26,2025-08-29,385.28,EUR,direct,False
BK01639,Ferreira Omar,2025-08-26,2025-08-30,400.08,EUR,direct,False
BK01640,Martinez Dmitri,2025-08-26,2025-08-27,429.12,EUR,direct,False
BK01641,OMAR NOWAK,2025-08-26,2025-08-29,349.69,EUR,OTA,False
BK01642,Emma Tanaka,2025-08-26,2025-09-02,377.32,EUR,direct,False
BK01643,Marie Ivanov,2025-08-26,2025-08-31,419.59,EUR,direct,False
BK01644,Amelia Lopez,2025-08-26,2025-08-29,399.83,EUR,OTA,False
BK01645,James Patel,2025-08-27,2025-08-29,444.15,EUR,OTA,False
BK01646,Federica Romano,2025-08-27,2025-08-30,443.07,EUR,direct,True
BK01647,FEDERICA CONTI,2025-08-27,2025-08-29,406.87,EUR,OTA,False
BK01648,Suzuki Paolo,2025-08-27,2025-08-30,413.77,EUR,OTA,False
BK01649,Yuki Ferreira,2025-08-27,2025-09-04,409.72,EUR,OTA,False
BK01650,  Andrea Bianchi  ,2025-08-27,2025-08-30,460.88,USD,direct,False
BK01651,olivia park,2025-08-27,2025-08-30,409.67,EUR,OTA,True
BK01652,Olivia Bianchi,2025-08-27,2025-08-31,404.94,USD,OTA,True
BK01653,ekaterina dubois,2025-08-28,2025-08-31,358.69,USD,direct,False
BK01654,LAYLA WAGNER,2025-08-28,2025-09-03,372.69,USD,direct,False
BK01655,luca ivanov,2025-08-28,2025-08-30,412.32,EUR,direct,False
BK01656,Jean Wagner,2025-08-28,2025-08-31,444.35,EUR,direct,False
BK01657,Diego Ferreira,2025-08-28,2025-09-02,385.04,EUR,OTA,False
BK01658,MARIE BIANCHI,2025-08-29,2025-08-31,391.83,EUR,direct,True
BK01659,Bruno Ekaterina,2025-08-29,2025-09-02,455.58,EUR,OTA,False
BK01660,  Sophie Kobayashi  ,2025-08-29,2025-09-02,469.01,EUR,direct,False
BK01661,jean suzuki,2025-08-29,2025-09-04,467.06,EUR,OTA,False
BK01662,  William Klein  ,2025-08-29,2025-08-31,369.44,USD,direct,False
BK01663,Diego Moreau,2025-08-29,2025-09-02,403.97,EUR,OTA,False
BK01664,Lopez Olivia,2025-08-29,2025-09-05,411.55,EUR,direct,False
BK01665,William Bernard,2025-08-29,2025-09-03,470.6,EUR,OTA,False
BK01666,Sara Ferrari,2025-08-30,2025-09-05,494.76,EUR,OTA,False
BK01667,VALENTINA GRECO,2025-08-30,2025-08-29,438.42,EUR,OTA,False
BK01668,sophie ferrari,2025-08-30,2025-09-02,443.88,EUR,OTA,True
BK01669,Anna Bruno,2025-08-30,2025-09-02,476.39,EUR,OTA,False
BK01670,Kumar Andrea,2025-08-30,2025-09-03,402.66,USD,OTA,False
BK01671,charlotte bernard,2025-08-31,2025-09-06,463.22,EUR,OTA,False
BK01672,Lefevre Maria,2025-08-31,2025-09-04,309.57,USD,OTA,False
BK01673,FEDERICA KACZMAREK,2025-08-31,2025-09-04,478.07,EUR,OTA,False
BK01674,arjun moreau,2025-08-31,2025-09-03,431.31,EUR,OTA,False
BK01675,CAMILLE ANDERSEN,2025-08-31,2025-09-02,413.68,EUR,direct,False
BK01676,sara smith,2025-08-31,2025-09-04,536.92,EUR,OTA,True
BK01677,OMAR LOPEZ,2025-08-31,2025-09-05,383.93,EUR,direct,False
BK01678,arjun bruno,2025-09-01,2025-09-03,382.21,EUR,OTA,False
BK01679,GIORGIA WAGNER,2025-09-01,2025-09-04,425.89,EUR,direct,False
BK01680,Patricia Ivanov,2025-09-01,2025-09-05,426.21,EUR,direct,False
BK01681,Patricia Tanaka,2025-09-01,2025-09-05,489.8,EUR,OTA,False
BK01682,GIULIA RICCI,2025-09-02,2025-09-05,437.28,EUR,direct,True
BK01683,Olga Park,2025-09-02,2025-09-05,417.7,EUR,OTA,False
BK01684,EMMA LOPEZ,2025-09-02,2025-09-07,399.67,EUR,direct,True
BK01685,Weber Nikolai,2025-09-02,2025-09-05,464.94,EUR,OTA,False
BK01686,CARLOS ESPOSITO,2025-09-02,2025-09-04,368.73,EUR,direct,False
BK01687,ERIK FERNANDEZ,2025-09-02,2025-09-05,420.13,EUR,OTA,False
BK01688,Youssef Conti,2025-09-02,2025-09-04,427.74,EUR,OTA,True
BK01689,Sophie Suzuki,2025-09-02,2025-09-05,403.12,USD,OTA,True
BK01690,Sophie Park,2025-09-02,2025-09-04,504.8,EUR,OTA,False
BK01691,EMMA MEYER,2025-09-03,2025-09-07,454.23,EUR,direct,False
BK01692,Andersen Francesco,2025-09-03,2025-09-05,516.33,EUR,OTA,False
BK01693,klaus kumar,2025-09-03,2025-09-08,503.26,EUR,OTA,True
BK01694,dmitri esposito,2025-09-03,2025-09-07,442.76,EUR,OTA,False
BK01695,Maria Bernard,2025-09-03,2025-09-07,385.11,EUR,direct,False
BK01696,  Priya Fernandez  ,2025-09-03,2025-09-07,447.82,EUR,direct,False
BK01697,david kumar,2025-09-03,2025-09-07,453.38,EUR,OTA,False
BK01698,  Patricia Bernard  ,2025-09-03,2025-09-08,392.53,USD,OTA,False
BK01699,Matteo Bruno,2025-09-03,2025-09-08,493.04,USD,OTA,False
BK01700,Chiara Smith,2025-09-03,2025-09-07,473.66,EUR,OTA,False
BK01701,omar silva,2025-09-03,2025-09-09,449.73,EUR,direct,False
BK01702,Yuki Lopez,2025-09-03,2025-09-05,438.13,EUR,direct,False
BK01703,John Fernandez,2025-09-04,2025-09-06,347.05,EUR,direct,False
BK01704,MATTEO POPOV,2025-09-04,2025-09-06,404.63,EUR,OTA,False
BK01705,lucia lopez,2025-09-04,2025-09-07,375.43,EUR,direct,False
BK01706,  Fatima Johnson  ,2025-09-04,2025-09-10,460.12,EUR,OTA,False
BK01707,Romano Kenji,2025-09-04,2025-09-09,428.46,USD,direct,False
BK01708,  Alessandro Kumar  ,2025-09-04,2025-09-09,500.63,EUR,OTA,False
BK01709,Dmitri Bruno,2025-09-05,2025-09-08,450.65,EUR,direct,False
BK01710,Weber Andrea,2025-09-05,2025-09-09,440.6,EUR,OTA,False
BK01711,LUCIA NAKAMURA,2025-09-05,2025-09-08,360.04,EUR,direct,False
BK01712,CAMILLE NOWAK,2025-09-05,2025-09-08,367.56,EUR,OTA,False
BK01713,federica bernard,2025-09-05,2025-09-06,361.18,USD,direct,False
BK01714,matteo leroy,2025-09-05,2025-09-12,349.13,EUR,direct,False
BK01715,DMITRI SMITH,2025-09-06,2025-09-11,467.16,EUR,OTA,False
BK01716,amelia sharma,2025-09-06,2025-09-14,363.54,EUR,OTA,False
BK01717,  James Silva  ,2025-09-06,2025-09-09,411.57,USD,OTA,True
BK01718,Matteo Weber,2025-09-06,2025-09-10,461.63,EUR,OTA,False
BK01719,PATRICIA KOBAYASHI,2025-09-06,2025-09-07,378.16,EUR,OTA,False
BK01720,Ananya Andersen,2025-09-06,2025-09-13,433.53,EUR,OTA,False
BK01721,Youssef Ferreira,2025-09-06,2025-09-10,438.8,USD,direct,False
BK01722,Patricia Leroy,2025-09-07,2025-09-12,406.86,EUR,direct,False
BK01723,nikolai schmidt,2025-09-07,2025-09-10,363.56,USD,direct,False
BK01724,Andersen Isabella,2025-09-07,2025-09-09,463.26,USD,OTA,False
BK01725,andrea marino,2025-09-07,2025-09-09,428.75,EUR,direct,False
BK01726,  Marie Silva  ,2025-09-07,2025-09-09,475.61,EUR,OTA,False
BK01727,  Erik Kobayashi  ,2025-09-08,2025-09-10,405.15,EUR,OTA,False
BK01728,david tanaka,2025-09-08,2025-09-11,458.15,EUR,OTA,False
BK01729,Diego Schmidt,2025-09-08,2025-09-11,447.07,USD,OTA,False
BK01730,marco al-farsi,2025-09-08,2025-09-12,478.61,EUR,OTA,False
BK01731,Andrea Nowak,2025-09-08,2025-09-13,436.48,EUR,OTA,False
BK01732,FATIMA LOPEZ,2025-09-08,2025-09-11,366.48,EUR,OTA,False
BK01733,  Klaus Nowak  ,2025-09-08,2025-09-10,472.92,USD,OTA,False
BK01734,MATTEO PATEL,2025-09-08,2025-09-11,430.56,USD,direct,False
BK01735,EKATERINA SUZUKI,2025-09-08,2025-09-10,407.11,EUR,direct,False
BK01736,Olga Dubois,2025-09-08,2025-09-14,445.95,EUR,OTA,False
BK01737,ROBERT NAKAMURA,2025-09-08,2025-09-13,460.19,EUR,OTA,False
BK01738,william girard,2025-09-08,2025-09-11,475.26,USD,direct,False
BK01739,SARA TANAKA,2025-09-08,2025-09-12,411.71,USD,direct,False
BK01740,  David Kobayashi  ,2025-09-08,2025-09-13,446.23,EUR,direct,False
BK01741,Silva Dmitri,2025-09-09,2025-09-15,506.94,EUR,OTA,False
BK01742,giulia colombo,2025-09-09,2025-09-12,370.47,EUR,direct,False
BK01743,  Robert Singh  ,2025-09-09,2025-09-11,486.26,EUR,OTA,False
BK01744,Robert Smith,2025-09-09,2025-09-15,448.79,EUR,OTA,False
BK01745,Alessandro Marino,2025-09-09,2025-09-12,359.25,EUR,direct,False
BK01746,Amelia Bernard,2025-09-09,2025-09-14,441.57,USD,OTA,False
BK01747,Layla Ferrari,2025-09-09,2025-09-12,427.19,EUR,OTA,False
BK01748,Giorgia Yamamoto,2025-09-09,2025-09-11,492.56,EUR,direct,False
BK01749,Giorgia Marino,2025-09-10,2025-09-13,391.03,EUR,OTA,False
BK01750,giulia bruno,2025-09-10,2025-09-14,495.79,USD,direct,False
BK01751,Ahmed Suzuki,2025-09-10,2025-09-11,377.07,EUR,direct,False
BK01752,SOPHIE RICCI,2025-09-10,2025-09-13,385.36,EUR,OTA,False
BK01753,Costa Anna,2025-09-10,2025-09-20,465.54,EUR,direct,False
BK01754,Charlotte Kaczmarek,2025-09-10,2025-09-13,456.09,USD,OTA,False
BK01755,GIORGIA SUZUKI,2025-09-10,2025-09-13,401.64,EUR,OTA,False
BK01756,Yamamoto Anna,2025-09-10,2025-09-14,412.58,EUR,direct,False
BK01757,VALENTINA ANDERSEN,2025-09-10,2025-09-11,383.29,EUR,direct,False
BK01758,INGRID MEYER,2025-09-10,2025-09-13,387.65,EUR,direct,False
BK01759,Johnson Lucia,2025-09-11,2025-09-16,416.99,USD,OTA,False
BK01760,Anna Nakamura,2025-09-11,2025-09-15,438.21,EUR,OTA,False
BK01761,Colombo Carlos,2025-09-11,2025-09-14,427.28,EUR,OTA,True
BK01762,  Jean Sokolov  ,2025-09-11,2025-09-18,448.25,EUR,OTA,False
BK01763,  Ingrid Bianchi  ,2025-09-12,2025-09-15,407.33,EUR,direct,False
BK01764,Schmidt Klaus,2025-09-12,2025-09-19,329.91,EUR,direct,False
BK01765,chiara ferreira,2025-09-12,2025-09-17,418.48,USD,direct,False
BK01766,EMMA KOWALSKI,2025-09-12,2025-09-14,383.93,USD,OTA,False
BK01767,OLGA BIANCHI,2025-09-13,2025-09-20,427.67,EUR,OTA,False
BK01768,Ahmed Nowak,2025-09-13,2025-09-18,383.33,EUR,direct,False
BK01769,andrea ricci,2025-09-13,2025-09-16,354.58,EUR,direct,False
BK01770,amelia andersen,2025-09-13,2025-09-21,389.72,EUR,direct,False
BK01771,  Maria Weber  ,2025-09-13,2025-09-18,418.19,EUR,direct,False
BK01772,robert bruno,2025-09-13,2025-09-16,433.86,EUR,direct,False
BK01773,  Henri Silva  ,2025-09-13,2025-09-15,323.12,EUR,OTA,False
BK01774,Sophie Kowalski,2025-09-13,2025-09-17,481.24,EUR,direct,False
BK01775,marie marino,2025-09-13,2025-09-18,360.91,USD,direct,True
BK01776,Amelia Kaczmarek,2025-09-13,2025-09-16,422.81,EUR,OTA,False
BK01777,alessandro suzuki,2025-09-13,2025-09-18,476.78,EUR,OTA,False
BK01778,hans yamamoto,2025-09-14,2025-09-17,413.92,EUR,OTA,False
BK01779,Lucia Fischer,2025-09-14,2025-09-16,395.72,EUR,direct,False
BK01780,ARJUN NAKAMURA,2025-09-14,2025-09-17,416.63,EUR,OTA,True
BK01781,Camille Klein,2025-09-14,2025-09-19,465.96,EUR,OTA,False
BK01782,Priya Ivanov,2025-09-14,2025-09-17,419.3,EUR,direct,False
BK01783,Maria Meyer,2025-09-14,2025-09-16,458.91,EUR,OTA,True
BK01784,Ahmed Greco,2025-09-14,2025-09-17,434.99,EUR,OTA,False
BK01785,SOPHIE YAMAMOTO,2025-09-14,2025-09-18,406.41,EUR,direct,False
BK01786,Yuki Patel,2025-09-14,2025-09-17,496.53,EUR,OTA,False
BK01787,ekaterina kaczmarek,2025-09-14,2025-09-18,400.94,EUR,OTA,False
BK01788,marco bruno,2025-09-14,2025-09-16,405.55,EUR,direct,False
BK01789,Simone Ricci,2025-09-15,2025-09-18,393.74,EUR,OTA,False
BK01790,paolo sharma,2025-09-15,2025-09-19,450.37,EUR,OTA,False
BK01791,KENJI NILSSON,2025-09-15,2025-09-18,371.25,EUR,direct,False
BK01792,elena sharma,2025-09-15,2025-09-19,350.46,EUR,direct,False
BK01793,LAYLA WEBER,2025-09-15,2025-09-18,467.13,EUR,OTA,False
BK01794,Kobayashi Omar,2025-09-15,2025-09-21,394.33,EUR,OTA,True
BK01795,LUCA KOWALSKI,2025-09-15,2025-09-19,426.16,EUR,direct,False
BK01796,Nilsson William,2025-09-15,2025-09-16,401.32,USD,OTA,False
BK01797,  Sara Meyer  ,2025-09-15,2025-09-20,412.56,EUR,OTA,False
BK01798,James Costa,2025-09-16,2025-09-21,441.94,EUR,OTA,False
BK01799,Bernard Alessandro,2025-09-16,2025-09-19,426.89,EUR,OTA,False
BK01800,layla sokolov,2025-09-16,2025-09-17,465.83,USD,OTA,False
BK01801,SILVIA SMITH,2025-09-16,2025-09-19,423.52,EUR,OTA,False
BK01802,Sara Sokolov,2025-09-16,2025-09-21,403.54,EUR,direct,False
BK01803,Olga Al-Farsi,2025-09-16,2025-09-19,412.77,EUR,OTA,False
BK01804,Fatima Silva,2025-09-16,2025-09-20,420.13,USD,OTA,False
BK01805,Fatima Nakamura,2025-09-16,2025-09-21,433.27,EUR,direct,False
BK01806,CARLOS NOWAK,2025-09-17,2025-09-21,457.7,EUR,OTA,False
BK01807,THOMAS CHEN,2025-09-17,2025-09-19,379.85,EUR,direct,False
BK01808,  Simone Kumar  ,2025-09-17,2025-09-20,390.61,EUR,direct,False
BK01809,Dmitri Colombo,2025-09-17,2025-09-21,466.79,EUR,OTA,False
BK01810,FEDERICA WAGNER,2025-09-17,2025-09-20,448.25,EUR,OTA,False
BK01811,arjun marino,2025-09-17,2025-09-20,454.9,USD,OTA,False
BK01812,  Olga Lopez  ,2025-09-17,2025-09-20,398.28,EUR,direct,False
BK01813,Ananya Nilsson,2025-09-17,2025-09-19,389.06,USD,OTA,False
BK01814,Sophie Andersen,2025-09-17,2025-09-20,484.2,EUR,OTA,False
BK01815,ananya kobayashi,2025-09-17,2025-09-19,445.41,EUR,direct,False
BK01816,Ricci Isabella,2025-09-18,2025-09-22,398.93,USD,OTA,False
BK01817,camille singh,2025-09-18,2025-09-20,390.91,EUR,OTA,False
BK01818,  Chiara Moreau  ,2025-09-18,2025-09-22,386.11,EUR,direct,False
BK01819,Giulia Andersen,2025-09-18,2025-09-22,389.13,EUR,OTA,False
BK01820,OLGA JOHNSON,2025-09-18,2025-09-26,428.9,EUR,direct,False
BK01821,simone al-farsi,2025-09-18,2025-09-20,350.96,EUR,direct,False
BK01822,PAOLO COLOMBO,2025-09-18,2025-09-24,456.93,USD,OTA,False
BK01823,Amelia Girard,2025-09-18,2025-09-20,356.55,EUR,direct,False
BK01824,Andersen Diego,2025-09-18,2025-09-24,438.01,EUR,direct,False
BK01825,David Meyer,2025-09-19,2025-10-03,428.91,EUR,direct,False
BK01826,laura bruno,2025-09-19,2025-09-23,534.37,EUR,OTA,False
BK01827,Silva Jean,2025-09-19,2025-09-23,448.74,EUR,direct,False
BK01828,HANS MEYER,2025-09-19,2025-09-21,422.09,EUR,OTA,False
BK01829,valentina sharma,2025-09-19,2025-09-26,379.84,EUR,direct,False
BK01830,maria muller,2025-09-19,2025-09-24,414.15,EUR,OTA,False
BK01831,Marie Lefevre,2025-09-19,2025-09-26,380.24,EUR,OTA,False
BK01832,isabella ibrahim,2025-09-19,2025-09-21,390.57,USD,OTA,False
BK01833,EKATERINA IBRAHIM,2025-09-19,2025-09-22,423.76,EUR,OTA,False
BK01834,Greco Marie,2025-09-19,2025-09-23,387.38,USD,direct,False
BK01835,  Luca Andersen  ,2025-09-19,2025-09-20,378.69,USD,direct,False
BK01836,  Fatima Kumar  ,2025-09-19,2025-09-21,352.6,USD,direct,False
BK01837,  Maria Andersen  ,2025-09-19,2025-09-22,358.88,EUR,direct,False
BK01838,Giulia Suzuki,2025-09-19,2025-09-25,454.01,USD,OTA,False
BK01839,Hassan Olivia,2025-09-19,2025-09-22,437.05,USD,direct,False
BK01840,youssef chen,2025-09-19,2025-09-22,436.99,EUR,direct,True
BK01841,Laura Park,2025-09-19,2025-09-21,420.31,EUR,OTA,False
BK01842,Bruno Priya,2025-09-19,2025-09-24,371.98,EUR,direct,False
BK01843,robert sokolov,2025-09-19,2025-09-22,500.16,EUR,OTA,False
BK01844,Olga Greco,2025-09-20,2025-09-20,442.77,EUR,OTA,False
BK01845,Pierre Ferrari,2025-09-20,2025-09-26,394.97,EUR,direct,False
BK01846,ANNA FISCHER,2025-09-20,2025-09-22,366.48,EUR,direct,False
BK01847,robert ibrahim,2025-09-20,2025-09-29,456.05,USD,OTA,False
BK01848,marie yamamoto,2025-09-20,2025-09-28,398.51,EUR,OTA,False
BK01849,LAURA KOWALSKI,2025-09-20,2025-09-22,439.66,EUR,direct,False
BK01850,Francesco Fischer,2025-09-20,2025-09-24,355.97,USD,direct,False
BK01851,ROBERT KIM,2025-09-20,2025-09-25,438.94,EUR,direct,False
BK01852,PRIYA COLOMBO,2025-09-21,2025-09-24,437.57,EUR,OTA,True
BK01853,Romano Omar,2025-09-21,2025-09-25,337.3,EUR,direct,False
BK01854,Silvia Singh,2025-09-21,2025-09-26,395.86,EUR,direct,False
BK01855,aiko watanabe,2025-09-21,2025-09-23,416.8,EUR,direct,False
BK01856,  Lucia Weber  ,2025-09-21,2025-09-24,422.93,EUR,OTA,False
BK01857,YUKI IBRAHIM,2025-09-21,2025-09-23,480.6,EUR,OTA,True
BK01858,ANNA MARTINEZ,2025-09-21,2025-09-25,461.59,EUR,OTA,False
BK01859,OLGA COLOMBO,2025-09-21,2025-09-23,468.4,EUR,OTA,False
BK01860,PAOLO NOVAK,2025-09-21,2025-09-24,420.55,EUR,OTA,False
BK01861,Paolo Garcia,2025-09-22,2025-09-26,427.39,EUR,OTA,False
BK01862,andrea girard,2025-09-22,2025-09-25,453.99,EUR,OTA,False
BK01863,paolo rossi,2025-09-22,2025-09-28,476.16,EUR,direct,False
BK01864,Astrid Bianchi,2025-09-22,2025-09-25,476.32,USD,OTA,False
BK01865,Sophie Kumar,2025-09-22,2025-09-25,441.25,EUR,direct,False
BK01866,Silvia Kim,2025-09-22,2025-09-26,408.45,EUR,direct,False
BK01867,  Chiara Girard  ,2025-09-22,2025-09-25,446.35,EUR,direct,True
BK01868,CARLOS SINGH,2025-09-23,2025-09-26,431.25,USD,OTA,False
BK01869,  Thomas Bernard  ,2025-09-23,2025-09-26,441.16,USD,direct,False
BK01870,JEAN ROMANO,2025-09-23,2025-09-25,367.54,EUR,OTA,False
BK01871,Ibrahim Amelia,2025-09-23,2025-09-29,369.38,EUR,direct,False
BK01872,  Robert Andersen  ,2025-09-23,2025-09-28,416.87,EUR,OTA,False
BK01873,Astrid Kowalski,2025-09-23,2025-09-26,409.45,EUR,OTA,False
BK01874,thomas lopez,2025-09-23,2025-09-25,418.21,EUR,OTA,False
BK01875,Kenji Klein,2025-09-23,2025-09-26,415.97,EUR,OTA,False
BK01876,FEDERICA PATEL,2025-09-23,2025-09-27,410.25,EUR,OTA,False
BK01877,matteo kaczmarek,2025-09-23,2025-09-26,447.17,EUR,OTA,False
BK01878,James Klein,2025-09-24,2025-09-30,435.2,EUR,OTA,True
BK01879,SIMONE PETROV,2025-09-24,2025-09-28,432.69,EUR,direct,False
BK01880,KENJI RICCI,2025-09-24,2025-09-27,463.36,EUR,OTA,False
BK01881,LUCA AL-RASHID,2025-09-24,2025-09-26,468.49,EUR,OTA,False
BK01882,YOUSSEF YAMAMOTO,2025-09-24,2025-09-29,520.36,EUR,direct,False
BK01883,  Ekaterina Ivanov  ,2025-09-25,2025-09-27,461.83,EUR,direct,False
BK01884,Ananya Smith,2025-09-25,2025-09-29,399.01,EUR,direct,False
BK01885,Olga Popov,2025-09-25,2025-10-03,383.39,EUR,direct,False
BK01886,sara girard,2025-09-25,2025-09-26,446.89,EUR,OTA,False
BK01887,  Yuki Muller  ,2025-09-25,2025-09-27,445.5,EUR,OTA,False
BK01888,alessandro al-farsi,2025-09-25,2025-09-27,373.42,EUR,direct,False
BK01889,  Charlotte Ibrahim  ,2025-09-25,2025-09-28,383.38,EUR,OTA,False
BK01890,federica al-farsi,2025-09-25,2025-09-28,483.97,EUR,OTA,False
BK01891,DIEGO WAGNER,2025-09-26,2025-09-28,458.53,EUR,OTA,False
BK01892,Bruno Ananya,2025-09-26,2025-09-29,406.91,EUR,OTA,False
BK01893,KLAUS WATANABE,2025-09-26,2025-09-28,413.4,EUR,OTA,False
BK01894,John Kumar,2025-09-26,2025-09-28,380.2,EUR,OTA,False
BK01895,  Simone Chen  ,2025-09-26,2025-09-30,434.59,USD,OTA,False
BK01896,  Aiko Al-Rashid  ,2025-09-26,2025-09-28,519.61,EUR,direct,False
BK01897,  Ahmed Wagner  ,2025-09-26,2025-10-03,414.82,EUR,direct,False
BK01898,Marie Esposito,2025-09-26,2025-09-28,410.53,EUR,OTA,False
BK01899,Jean Leroy,2025-09-26,2025-09-29,379.69,USD,OTA,False
BK01900,Patricia Rossi,2025-09-26,2025-09-28,425.08,EUR,direct,False
BK01901,PATRICIA ANDERSEN,2025-09-27,2025-10-04,401.64,EUR,direct,False
BK01902,  Diego Al-Farsi  ,2025-09-27,2025-10-01,446.42,EUR,OTA,True
BK01903,YOUSSEF PETROV,2025-09-27,2025-10-01,410.36,EUR,OTA,False
BK01904,Elena Klein,2025-09-28,2025-09-30,399.11,USD,direct,True
BK01905,  Paolo Esposito  ,2025-09-28,2025-09-30,453.4,USD,OTA,False
BK01906,  James Lopez  ,2025-09-28,2025-10-01,412.3,EUR,OTA,False
BK01907,Dubois Pierre,2025-09-29,2025-10-02,407.39,EUR,OTA,False
BK01908,priya patel,2025-09-29,2025-10-05,447.59,EUR,direct,True
BK01909,HENRI WEBER,2025-09-29,2025-10-01,410.74,EUR,OTA,False
BK01910,Al-Rashid Henri,2025-09-29,2025-10-01,534.13,USD,OTA,False
BK01911,PATRICIA FISCHER,2025-09-29,2025-10-01,413.16,EUR,OTA,False
BK01912,OLGA FERNANDEZ,2025-09-29,2025-09-30,429.53,EUR,OTA,False
BK01913,JEAN TANAKA,2025-09-30,2025-10-03,398.53,USD,direct,False
BK01914,GIULIA LEROY,2025-09-30,2025-10-03,436.51,EUR,OTA,False
BK01915,EMMA FERREIRA,2025-09-30,2025-10-01,356.27,EUR,direct,False
BK01916,  Hans Fischer  ,2025-09-30,2025-10-03,430.08,EUR,OTA,False
BK01917,Wagner Marie,2025-09-30,2025-10-02,483.03,EUR,direct,False
BK01918,James Lefevre,2025-10-01,2025-10-02,269.81,EUR,OTA,False
BK01919,Luca Sharma,2025-10-01,2025-10-02,278.79,EUR,OTA,False
BK01920,federica nilsson,2025-10-01,2025-10-02,221.13,EUR,direct,False
BK01921,AIKO SUZUKI,2025-10-02,2025-10-04,215.8,EUR,OTA,False
BK01922,  Giorgia Lefevre  ,2025-10-02,2025-10-04,226.76,EUR,direct,False
BK01923,DAVID AL-RASHID,2025-10-02,2025-10-03,235.01,EUR,direct,False
BK01924,amelia wagner,2025-10-02,2025-10-05,221.41,EUR,OTA,False
BK01925,Leroy Hans,2025-10-02,2025-10-04,238.91,EUR,direct,False
BK01926,JOHN LEFEVRE,2025-10-02,2025-10-04,263.67,EUR,OTA,False
BK01927,MARIE MEYER,2025-10-03,2025-10-11,259.92,EUR,direct,True
BK01928,Esposito Ingrid,2025-10-03,2025-10-07,254.95,EUR,OTA,False
BK01929,John Costa,2025-10-03,2025-10-04,251.12,USD,direct,False
BK01930,Layla Nakamura,2025-10-04,2025-10-05,165.74,EUR,direct,False
BK01931,Thomas Moreau,2025-10-04,2025-10-07,286.72,EUR,OTA,True
BK01932,  Kenji Schmidt  ,2025-10-05,2025-10-08,257.4,EUR,OTA,False
BK01933,sara moreau,2025-10-05,2025-10-07,300.16,EUR,OTA,False
BK01934,DMITRI KIM,2025-10-06,2025-10-07,263.65,USD,OTA,False
BK01935,MARIE RICCI,2025-10-06,2025-10-07,209.72,EUR,direct,False
BK01936,Laura Meyer,2025-10-06,2025-10-08,225.46,EUR,OTA,False
BK01937,Luca Leroy,2025-10-07,2025-10-10,221.55,EUR,OTA,False
BK01938,Moreau Alessandro,2025-10-07,2025-10-08,255.67,EUR,OTA,False
BK01939,  Layla Moreau  ,2025-10-07,2025-10-09,226.56,EUR,OTA,False
BK01940,  Olivia Dubois  ,2025-10-07,2025-10-09,251.95,EUR,OTA,False
BK01941,  Hans Lefevre  ,2025-10-08,2025-10-11,226.24,EUR,direct,False
BK01942,GIULIA WATANABE,2025-10-08,2025-10-10,186.93,EUR,OTA,False
BK01943,sophie ibrahim,2025-10-08,2025-10-11,261.13,EUR,OTA,False
BK01944,Aiko Moreau,2025-10-08,2025-10-11,264.08,USD,OTA,False
BK01945,Hassan Camille,2025-10-08,2025-10-10,210.61,EUR,direct,False
BK01946,klaus colombo,2025-10-09,2025-10-10,252.92,USD,OTA,True
BK01947,AHMED FISCHER,2025-10-09,2025-10-14,218.0,EUR,OTA,False
BK01948,  Amelia Leroy  ,2025-10-09,2025-10-15,220.57,EUR,direct,True
BK01949,paolo meyer,2025-10-09,2025-10-10,238.59,EUR,direct,False
BK01950,THOMAS NOVAK,2025-10-10,2025-10-12,209.27,EUR,OTA,False
BK01951,fatima al-rashid,2025-10-10,2025-10-13,222.42,EUR,OTA,False
BK01952,  Yuki Klein  ,2025-10-10,2025-10-12,244.51,EUR,OTA,False
BK01953,WILLIAM MEYER,2025-10-11,2025-10-13,295.31,EUR,OTA,False
BK01954,OLGA NAKAMURA,2025-10-12,2025-10-13,215.89,USD,OTA,False
BK01955,  Laura Ferreira  ,2025-10-12,2025-10-19,256.8,EUR,OTA,False
BK01956,Priya Nilsson,2025-10-12,2025-10-14,184.44,EUR,OTA,False
BK01957,LAYLA PARK,2025-10-12,2025-10-13,285.02,EUR,OTA,False
BK01958,SARA SMITH,2025-10-13,2025-10-16,234.42,EUR,OTA,False
BK01959,james yamamoto,2025-10-15,2025-10-19,234.85,EUR,OTA,True
BK01960,  Sara Kim  ,2025-10-15,2025-10-18,236.08,USD,OTA,False
BK01961,Laura Girard,2025-10-15,2025-10-17,227.13,USD,OTA,False
BK01962,Hans Ibrahim,2025-10-15,2025-10-16,173.12,EUR,OTA,True
BK01963,Giorgia Ibrahim,2025-10-15,2025-10-16,290.21,EUR,OTA,False
BK01964,omar hassan,2025-10-15,2025-10-21,319.67,USD,OTA,False
BK01965,luca hassan,2025-10-15,2025-10-18,244.25,EUR,OTA,False
BK01966,JOHN AL-FARSI,2025-10-16,2025-10-19,243.89,EUR,direct,False
BK01967,OMAR KLEIN,2025-10-16,2025-10-21,228.84,EUR,direct,False
BK01968,Ananya Patel,2025-10-16,2025-10-17,240.35,EUR,OTA,True
BK01969,CHARLOTTE SILVA,2025-10-16,2025-10-20,275.24,USD,OTA,False
BK01970,Costa Klaus,2025-10-16,2025-10-19,252.14,EUR,OTA,False
BK01971,Robert Sharma,2025-10-17,2025-10-21,300.83,USD,OTA,False
BK01972,JAMES ROMANO,2025-10-17,2025-10-19,293.21,EUR,OTA,False
BK01973,Olga Rossi,2025-10-17,2025-10-18,246.8,EUR,OTA,False
BK01974,Yamamoto Ananya,2025-10-18,2025-10-20,184.7,EUR,direct,False
BK01975,kenji smith,2025-10-18,2025-10-20,219.65,EUR,OTA,False
BK01976,ananya ivanov,2025-10-18,2025-10-19,272.13,EUR,OTA,False
BK01977,Chiara Park,2025-10-19,2025-10-21,253.19,EUR,OTA,False
BK01978,GIORGIA FERRARI,2025-10-20,2025-10-23,282.24,USD,OTA,False
BK01979,ROBERT IVANOV,2025-10-20,2025-10-24,212.9,EUR,OTA,False
BK01980,Marie Singh,2025-10-20,2025-10-25,246.19,EUR,OTA,True
BK01981,Chiara Klein,2025-10-21,2025-10-22,217.34,EUR,OTA,False
BK01982,Klein Giulia,2025-10-21,2025-10-23,204.71,EUR,OTA,True
BK01983,patricia sharma,2025-10-21,2025-10-25,272.55,EUR,OTA,False
BK01984,Layla Nakamura,2025-10-21,2025-10-24,226.01,EUR,OTA,False
BK01985,DMITRI GARCIA,2025-10-21,2025-10-22,220.03,EUR,OTA,False
BK01986,Astrid Esposito,2025-10-21,2025-10-25,273.2,EUR,OTA,False
BK01987,Sophie Patel,2025-10-21,2025-10-22,206.24,EUR,OTA,False
BK01988,OLIVIA KIM,2025-10-21,2025-10-24,246.78,USD,direct,False
BK01989,luca garcia,2025-10-22,2025-10-24,178.56,EUR,OTA,True
BK01990,ROBERT CONTI,2025-10-22,2025-10-24,189.23,EUR,OTA,True
BK01991,DMITRI ESPOSITO,2025-10-22,2025-10-21,264.82,EUR,OTA,False
BK01992,Matteo Popov,2025-10-22,2025-10-23,225.24,EUR,OTA,False
BK01993,ALESSANDRO COSTA,2025-10-22,2025-10-24,255.78,USD,OTA,False
BK01994,Andrea Lopez,2025-10-23,2025-10-24,268.94,EUR,OTA,False
BK01995,Patricia Garcia,2025-10-23,2025-10-25,210.74,EUR,direct,False
BK01996,Sophie Bruno,2025-10-23,2025-10-25,307.85,EUR,OTA,False
BK01997,Lucia Colombo,2025-10-23,2025-10-24,220.75,EUR,direct,False
BK01998,MARIE MEYER,2025-10-24,2025-10-25,272.65,EUR,OTA,False
BK01999,  Olivia Conti  ,2025-10-24,2025-10-28,212.13,EUR,direct,False
BK02000,Ibrahim Luca,2025-10-24,2025-10-25,217.61,EUR,OTA,False
BK02001,Yuki Popov,2025-10-24,2025-10-25,214.75,EUR,OTA,True
BK02002,Ahmed Ferrari,2025-10-25,2025-10-27,189.22,EUR,OTA,False
BK02003,Popov Marco,2025-10-25,2025-10-27,222.61,USD,OTA,True
BK02004,Amelia Meyer,2025-10-26,2025-10-28,271.51,EUR,OTA,False
BK02005,  Arjun Silva  ,2025-10-26,2025-10-31,241.31,EUR,direct,False
BK02006,kenji ivanov,2025-10-26,2025-10-27,262.05,EUR,OTA,False
BK02007,  Lucia Singh  ,2025-10-26,2025-10-27,217.55,EUR,OTA,False
BK02008,ELENA TANAKA,2025-10-26,2025-10-29,277.46,EUR,OTA,True
BK02009,  Ahmed Kumar  ,2025-10-26,2025-10-27,255.9,EUR,OTA,False
BK02010,SARA IVANOV,2025-10-26,2025-10-30,222.01,EUR,OTA,False
BK02011,JOHN GRECO,2025-10-27,2025-10-28,175.67,EUR,direct,False
BK02012,sophie tanaka,2025-10-27,2025-10-30,192.7,USD,OTA,False
BK02013,kenji yamamoto,2025-10-28,2025-10-29,278.88,EUR,direct,False
BK02014,amelia conti,2025-10-29,2025-11-02,234.27,EUR,OTA,False
BK02015,  Pierre Hassan  ,2025-10-29,2025-10-30,240.11,EUR,OTA,False
BK02016,Lopez Kenji,2025-10-29,2025-11-02,235.34,EUR,direct,True
BK02017,Carlos Andersen,2025-10-30,2025-10-31,235.38,EUR,OTA,False
BK02018,Silvia Tanaka,2025-10-30,2025-11-01,254.87,USD,OTA,False
BK02019,layla al-rashid,2025-10-30,2025-11-02,225.86,EUR,OTA,False
BK02020,EMMA GRECO,2025-10-31,2025-11-02,251.95,EUR,direct,False
BK02021,Nikolai Conti,2025-10-31,2025-11-01,204.07,EUR,OTA,False
BK02022,Klaus Rossi,2025-10-31,2025-11-03,228.03,EUR,direct,False
BK02023,YOUSSEF KOBAYASHI,2025-10-31,2025-11-01,242.38,EUR,OTA,False
BK02024,VALENTINA WATANABE,2025-11-01,2025-11-04,266.59,EUR,OTA,False
BK02025,Marco Fischer,2025-11-01,2025-11-02,231.4,USD,OTA,False
BK02026,Charlotte Costa,2025-11-01,2025-11-02,204.21,EUR,OTA,False
BK02027,Meyer Nikolai,2025-11-01,2025-11-03,205.4,EUR,direct,False
BK02028,yuki meyer,2025-11-02,2025-11-04,192.59,USD,OTA,False
BK02029,Klein Ananya,2025-11-02,2025-11-07,236.75,EUR,direct,False
BK02030,Dubois Ananya,2025-11-03,2025-11-04,222.0,EUR,OTA,False
BK02031,Bianchi Jean,2025-11-03,2025-11-04,246.7,EUR,OTA,False
BK02032,  Valentina Johnson  ,2025-11-03,2025-11-06,174.46,USD,direct,False
BK02033,YUKI FERRARI,2025-11-03,2025-11-07,232.65,EUR,OTA,False
BK02034,Priya Romano,2025-11-03,2025-11-06,261.08,EUR,direct,False
BK02035,Sophie Petrov,2025-11-04,2025-11-06,275.49,EUR,OTA,False
BK02036,William Watanabe,2025-11-04,2025-11-09,264.63,USD,direct,False
BK02037,  Layla Muller  ,2025-11-04,2025-11-06,229.69,EUR,OTA,False
BK02038,valentina garcia,2025-11-04,2025-11-06,255.94,EUR,OTA,False
BK02039,erik novak,2025-11-04,2025-11-09,286.89,EUR,OTA,False
BK02040,FATIMA ROSSI,2025-11-04,2025-11-07,169.1,EUR,OTA,False
BK02041,LAURA HASSAN,2025-11-05,2025-11-08,271.0,USD,OTA,False
BK02042,Ekaterina Greco,2025-11-05,2025-11-06,202.1,EUR,OTA,False
BK02043,Silva Laura,2025-11-06,2025-11-08,218.79,EUR,OTA,False
BK02044,  Klaus Park  ,2025-11-07,2025-11-08,285.13,EUR,OTA,False
BK02045,Diego Martinez,2025-11-07,2025-11-11,222.89,EUR,direct,False
BK02046,Kobayashi Hans,2025-11-07,2025-11-08,176.09,EUR,OTA,False
BK02047,DAVID ROMANO,2025-11-08,2025-11-10,234.96,EUR,direct,False
BK02048,Hans Johnson,2025-11-08,2025-11-11,245.23,EUR,OTA,False
BK02049,olivia sharma,2025-11-08,2025-11-09,219.89,EUR,OTA,False
BK02050,CARLOS PARK,2025-11-08,2025-11-09,178.96,EUR,OTA,False
BK02051,Novak John,2025-11-08,2025-11-10,268.65,EUR,OTA,False
BK02052,AIKO RICCI,2025-11-09,2025-11-11,213.36,EUR,OTA,False
BK02053,MARIA SHARMA,2025-11-09,2025-11-10,223.54,EUR,direct,False
BK02054,Aiko Martinez,2025-11-09,2025-11-10,241.51,EUR,OTA,False
BK02055,nikolai esposito,2025-11-09,2025-11-12,228.66,EUR,OTA,False
BK02056,Layla Petrov,2025-11-09,2025-11-11,191.78,USD,direct,False
BK02057,David Sokolov,2025-11-09,2025-11-12,283.21,EUR,OTA,False
BK02058,HENRI NOVAK,2025-11-09,2025-11-11,266.93,USD,OTA,False
BK02059,Laura Greco,2025-11-09,2025-11-10,298.36,EUR,OTA,False
BK02060,VALENTINA MULLER,2025-11-10,2025-11-12,200.52,EUR,OTA,False
BK02061,Ekaterina Kobayashi,2025-11-10,2025-11-11,224.16,EUR,OTA,False
BK02062,Elena Esposito,2025-11-10,2025-11-12,218.65,EUR,direct,False
BK02063,isabella kowalski,2025-11-10,2025-11-11,220.98,EUR,direct,False
BK02064,  Henri Martinez  ,2025-11-11,2025-11-12,246.06,USD,OTA,False
BK02065,  Olivia Garcia  ,2025-11-11,2025-11-13,245.23,USD,OTA,True
BK02066,Watanabe Patricia,2025-11-11,2025-11-13,252.82,EUR,direct,False
BK02067,Smith Dmitri,2025-11-12,2025-11-13,273.64,EUR,OTA,False
BK02068,Jean Smith,2025-11-12,2025-11-13,251.13,EUR,OTA,False
BK02069,Park Ananya,2025-11-12,2025-11-15,251.27,EUR,OTA,False
BK02070,marco ferrari,2025-11-12,2025-11-14,258.6,USD,OTA,False
BK02071,  Alessandro Marino  ,2025-11-12,2025-11-14,272.47,EUR,OTA,False
BK02072,Pierre Weber,2025-11-12,2025-11-14,251.72,EUR,OTA,False
BK02073,andrea klein,2025-11-12,2025-11-13,243.32,USD,OTA,False
BK02074,Andrea Kowalski,2025-11-13,2025-11-16,256.67,EUR,direct,False
BK02075,  Giulia Wagner  ,2025-11-13,2025-11-16,247.23,USD,OTA,False
BK02076,Maria Costa,2025-11-14,2025-11-18,220.01,EUR,OTA,False
BK02077,carlos hassan,2025-11-14,2025-11-15,256.29,EUR,direct,False
BK02078,ISABELLA MULLER,2025-11-15,2025-11-19,239.69,EUR,direct,False
BK02079,Layla Rossi,2025-11-15,2025-11-17,198.85,USD,OTA,False
BK02080,Aiko Sharma,2025-11-15,2025-11-20,269.31,USD,direct,False
BK02081,Suzuki Maria,2025-11-16,2025-11-18,246.73,USD,direct,False
BK02082,Patel Marie,2025-11-16,2025-11-19,266.62,EUR,OTA,False
BK02083,Ekaterina Moreau,2025-11-16,2025-11-18,258.91,EUR,direct,False
BK02084,giulia ricci,2025-11-16,2025-11-20,282.14,EUR,OTA,False
BK02085,giorgia nakamura,2025-11-16,2025-11-17,278.13,USD,OTA,False
BK02086,ANANYA ESPOSITO,2025-11-16,2025-11-17,270.87,EUR,OTA,False
BK02087,valentina lefevre,2025-11-17,2025-11-19,276.3,EUR,direct,False
BK02088,James Novak,2025-11-17,2025-11-19,241.3,EUR,direct,False
BK02089,aiko yamamoto,2025-11-17,2025-11-22,219.63,EUR,OTA,False
BK02090,Hans Ivanov,2025-11-17,2025-11-20,225.49,EUR,OTA,False
BK02091,  Laura Sharma  ,2025-11-17,2025-11-18,220.08,USD,OTA,False
BK02092,DAVID FERRARI,2025-11-18,2025-11-21,250.61,EUR,OTA,False
BK02093,fatima tanaka,2025-11-18,2025-11-19,180.41,EUR,direct,False
BK02094,Sokolov Ekaterina,2025-11-18,2025-11-19,309.36,EUR,OTA,False
BK02095,chiara popov,2025-11-19,2025-11-20,226.91,EUR,OTA,False
BK02096,Pierre Tanaka,2025-11-19,2025-11-20,260.76,USD,OTA,False
BK02097,Rossi Omar,2025-11-19,2025-11-20,267.8,USD,OTA,False
BK02098,DMITRI JOHNSON,2025-11-20,2025-11-21,246.34,EUR,OTA,False
BK02099,  Priya Suzuki  ,2025-11-20,2025-11-22,260.07,EUR,OTA,False
BK02100,sophie lefevre,2025-11-21,2025-11-23,247.56,EUR,direct,False
BK02101,Pierre Nakamura,2025-11-21,2025-11-22,235.31,EUR,OTA,False
BK02102,Francesco Costa,2025-11-22,2025-11-25,261.26,EUR,OTA,True
BK02103,DIEGO KOWALSKI,2025-11-22,2025-11-24,204.47,EUR,OTA,False
BK02104,OMAR RICCI,2025-11-22,2025-11-23,220.38,EUR,direct,False
BK02105,ARJUN MULLER,2025-11-22,2025-11-24,250.76,EUR,OTA,False
BK02106,Ferrari Ingrid,2025-11-22,2025-11-26,257.09,EUR,OTA,False
BK02107,ROBERT BIANCHI,2025-11-23,2025-11-24,239.32,EUR,OTA,False
BK02108,JOHN MARINO,2025-11-23,2025-11-25,235.97,EUR,OTA,True
BK02109,SIMONE YAMAMOTO,2025-11-24,2025-11-26,242.42,EUR,OTA,False
BK02110,YUKI CHEN,2025-11-24,2025-11-28,225.76,EUR,OTA,True
BK02111,john ivanov,2025-11-24,2025-11-26,212.38,EUR,direct,False
BK02112,federica silva,2025-11-24,2025-11-26,216.9,EUR,OTA,False
BK02113,  Astrid Kobayashi  ,2025-11-25,2025-11-29,236.61,EUR,OTA,False
BK02114,Chen Valentina,2025-11-25,2025-11-26,194.01,USD,OTA,False
BK02115,  Marie Conti  ,2025-11-25,2025-11-28,224.65,EUR,OTA,False
BK02116,LAYLA NILSSON,2025-11-25,2025-11-26,208.51,EUR,direct,False
BK02117,PAOLO BERNARD,2025-11-26,2025-11-27,219.89,USD,OTA,False
BK02118,INGRID ROSSI,2025-11-26,2025-11-29,213.91,EUR,OTA,False
BK02119,Giulia Patel,2025-11-26,2025-11-27,228.69,EUR,OTA,False
BK02120,CARLOS SILVA,2025-11-27,2025-11-28,269.57,USD,OTA,False
BK02121,Matteo Al-Farsi,2025-11-27,2025-11-28,280.67,EUR,OTA,False
BK02122,Schmidt Pierre,2025-11-27,2025-11-28,252.79,USD,OTA,False
BK02123,NIKOLAI CHEN,2025-11-27,2025-11-28,234.46,EUR,direct,False
BK02124,GIULIA MARTINEZ,2025-11-27,2025-11-28,291.16,EUR,OTA,False
BK02125,Aiko Watanabe,2025-11-28,2025-11-29,208.09,EUR,OTA,False
BK02126,AHMED BERNARD,2025-11-28,2025-11-29,287.03,EUR,OTA,True
BK02127,YUKI AL-RASHID,2025-11-28,2025-12-02,244.91,USD,OTA,False
BK02128,Sophie Romano,2025-11-28,2025-12-02,233.04,USD,direct,False
BK02129,ANNA ANDERSEN,2025-11-29,2025-12-02,255.5,USD,direct,False
BK02130,Arjun Nilsson,2025-11-29,2025-12-01,209.95,EUR,OTA,False
BK02131,VALENTINA HASSAN,2025-11-29,2025-12-01,248.93,EUR,OTA,False
BK02132,YUKI KOBAYASHI,2025-11-29,2025-12-01,253.9,EUR,OTA,False
BK02133,Giulia Meyer,2025-11-30,2025-12-04,240.07,EUR,OTA,False
BK02134,Lopez Anna,2025-11-30,2025-12-02,170.81,EUR,direct,False
BK02135,HENRI PETROV,2025-11-30,2025-12-01,257.57,USD,OTA,False
BK02136,THOMAS NILSSON,2025-11-30,2025-12-02,178.48,USD,direct,False
BK02137,Elena Muller,2025-12-01,2025-12-03,359.0,EUR,direct,False
BK02138,Ahmed Al-Rashid,2025-12-01,2025-12-05,413.79,EUR,direct,False
BK02139,Youssef Marino,2025-12-01,2025-12-02,376.62,USD,direct,False
BK02140,  Isabella Wagner  ,2025-12-01,2025-12-05,489.11,EUR,OTA,False
BK02141,Luca Bianchi,2025-12-01,2025-12-03,467.94,EUR,OTA,False
BK02142,  Olivia Nowak  ,2025-12-02,2025-12-07,437.17,EUR,OTA,False
BK02143,robert nowak,2025-12-02,2025-12-08,426.91,EUR,OTA,False
BK02144,sophie martinez,2025-12-02,2025-12-05,435.9,USD,direct,False
BK02145,marco nakamura,2025-12-02,2025-12-08,440.91,EUR,OTA,True
BK02146,AHMED KOWALSKI,2025-12-02,2025-12-09,504.1,EUR,OTA,False
BK02147,Marco Popov,2025-12-02,2025-12-04,436.21,EUR,OTA,False
BK02148,  Chiara Kobayashi  ,2025-12-02,2025-12-10,453.61,EUR,direct,False
BK02149,  Silvia Kowalski  ,2025-12-03,2025-12-05,378.54,EUR,direct,False
BK02150,William Garcia,2025-12-03,2025-12-06,384.76,EUR,direct,False
BK02151,  Elena Costa  ,2025-12-03,2025-12-08,502.17,EUR,OTA,False
BK02152,Giulia Watanabe,2025-12-03,2025-12-07,376.31,USD,direct,False
BK02153,  Layla Lopez  ,2025-12-03,2025-12-05,408.75,EUR,OTA,False
BK02154,SARA WAGNER,2025-12-04,2025-12-05,481.71,EUR,OTA,False
BK02155,GIORGIA PETROV,2025-12-04,2025-12-09,393.89,USD,OTA,False
BK02156,Patricia Marino,2025-12-04,2025-12-06,400.02,EUR,direct,False
BK02157,FEDERICA FERRARI,2025-12-04,2025-12-12,454.05,EUR,OTA,False
BK02158,Chiara Lefevre,2025-12-04,2025-12-12,369.03,EUR,direct,False
BK02159,ELENA AL-FARSI,2025-12-04,2025-12-08,398.4,USD,OTA,False
BK02160,Amelia Al-Farsi,2025-12-04,2025-12-08,394.92,EUR,direct,False
BK02161,chiara bianchi,2025-12-04,2025-12-05,406.76,EUR,OTA,False
BK02162,  Simone Colombo  ,2025-12-04,2025-12-10,427.18,EUR,OTA,False
BK02163,amelia kumar,2025-12-05,2025-12-06,434.85,USD,direct,False
BK02164,elena bernard,2025-12-05,2025-12-08,436.11,EUR,OTA,False
BK02165,NIKOLAI MARTINEZ,2025-12-05,2025-12-07,502.53,USD,OTA,True
BK02166,ARJUN DUBOIS,2025-12-05,2025-12-07,453.0,EUR,OTA,False
BK02167,Nikolai Ibrahim,2025-12-05,2025-12-08,520.25,EUR,OTA,False
BK02168,sophie girard,2025-12-05,2025-12-08,330.79,EUR,OTA,False
BK02169,arjun ricci,2025-12-05,2025-12-10,442.1,EUR,direct,False
BK02170,ASTRID BERNARD,2025-12-05,2025-12-09,426.85,EUR,direct,False
BK02171,David Smith,2025-12-05,2025-12-10,413.73,EUR,OTA,False
BK02172,  Simone Kobayashi  ,2025-12-05,2025-12-08,393.24,EUR,OTA,False
BK02173,David Park,2025-12-06,2025-12-11,403.28,EUR,direct,False
BK02174,MATTEO PARK,2025-12-06,2025-12-08,424.2,EUR,OTA,False
BK02175,OLIVIA MEYER,2025-12-06,2025-12-11,363.35,EUR,OTA,False
BK02176,Ingrid Bernard,2025-12-06,2025-12-12,410.61,USD,OTA,False
BK02177,FATIMA IVANOV,2025-12-06,2025-12-08,437.37,EUR,OTA,False
BK02178,LUCA FERREIRA,2025-12-06,2025-12-09,339.34,EUR,direct,False
BK02179,Yuki Greco,2025-12-06,2025-12-12,447.44,USD,direct,False
BK02180,HANS PATEL,2025-12-06,2025-12-09,510.86,USD,OTA,False
BK02181,Silvia Nowak,2025-12-06,2025-12-11,476.01,EUR,OTA,False
BK02182,Suzuki Matteo,2025-12-06,2025-12-08,425.09,USD,direct,False
BK02183,ingrid girard,2025-12-06,2025-12-09,462.94,EUR,OTA,False
BK02184,FRANCESCO MEYER,2025-12-06,2025-12-08,438.49,EUR,OTA,False
BK02185,Maria Silva,2025-12-07,2025-12-11,416.48,EUR,OTA,False
BK02186,  Carlos Bernard  ,2025-12-07,2025-12-09,389.82,EUR,direct,False
BK02187,kenji park,2025-12-07,2025-12-11,405.79,EUR,direct,False
BK02188,Giorgia Patel,2025-12-07,2025-12-10,492.87,EUR,OTA,False
BK02189,robert yamamoto,2025-12-07,2025-12-08,463.81,EUR,OTA,False
BK02190,ANDREA BIANCHI,2025-12-07,2025-12-10,436.66,EUR,OTA,False
BK02191,  Jean Dubois  ,2025-12-07,2025-12-10,442.45,EUR,OTA,False
BK02192,Nikolai Wagner,2025-12-07,2025-12-09,404.5,EUR,OTA,False
BK02193,Silva Anna,2025-12-07,2025-12-09,424.75,EUR,direct,False
BK02194,Popov Ingrid,2025-12-07,2025-12-11,454.77,EUR,OTA,False
BK02195,arjun rossi,2025-12-08,2025-12-12,425.31,EUR,direct,False
BK02196,giorgia smith,2025-12-08,2025-12-12,386.8,EUR,OTA,False
BK02197,nikolai al-rashid,2025-12-08,2025-12-09,456.41,USD,OTA,False
BK02198,omar popov,2025-12-08,2025-12-13,363.01,EUR,direct,False
BK02199,Marino Klaus,2025-12-08,2025-12-10,416.59,USD,direct,False
BK02200,  Robert Park  ,2025-12-08,2025-12-11,346.99,EUR,direct,True
BK02201,sara watanabe,2025-12-08,2025-12-11,307.23,USD,direct,False
BK02202,  Olga Petrov  ,2025-12-08,2025-12-10,420.53,EUR,OTA,False
BK02203,LUCA FERRARI,2025-12-08,2025-12-13,447.71,EUR,OTA,False
BK02204,  Ananya Lopez  ,2025-12-08,2025-12-13,312.17,EUR,direct,False
BK02205,Schmidt Isabella,2025-12-08,2025-12-09,442.42,EUR,direct,False
BK02206,Aiko Ivanov,2025-12-08,2025-12-17,434.04,EUR,OTA,False
BK02207,Hans Chen,2025-12-08,2025-12-12,436.63,EUR,OTA,False
BK02208,William Ferreira,2025-12-09,2025-12-12,500.33,USD,direct,False
BK02209,Patricia Moreau,2025-12-09,2025-12-15,400.04,EUR,OTA,False
BK02210,astrid ibrahim,2025-12-09,2025-12-11,502.69,EUR,OTA,False
BK02211,ASTRID LOPEZ,2025-12-09,2025-12-18,359.84,EUR,OTA,False
BK02212,PRIYA FERREIRA,2025-12-09,2025-12-13,389.54,EUR,OTA,False
BK02213,OMAR MARINO,2025-12-10,2025-12-13,403.21,USD,OTA,False
BK02214,patricia greco,2025-12-10,2025-12-11,476.62,USD,direct,False
BK02215,john moreau,2025-12-10,2025-12-13,393.17,EUR,OTA,True
BK02216,simone sokolov,2025-12-10,2025-12-13,469.17,EUR,direct,False
BK02217,david andersen,2025-12-10,2025-12-12,463.15,USD,OTA,False
BK02218,Fatima Yamamoto,2025-12-10,2025-12-13,400.49,EUR,OTA,False
BK02219,aiko novak,2025-12-10,2025-12-13,444.17,EUR,OTA,True
BK02220,laura schmidt,2025-12-10,2025-12-15,425.93,EUR,direct,False
BK02221,ERIK LEROY,2025-12-10,2025-12-14,464.15,EUR,OTA,False
BK02222,Andrea Kaczmarek,2025-12-11,2025-12-13,483.14,EUR,direct,True
BK02223,  Ahmed Suzuki  ,2025-12-11,2025-12-14,405.79,USD,OTA,False
BK02224,JAMES NILSSON,2025-12-11,2025-12-14,437.49,USD,direct,False
BK02225,william meyer,2025-12-11,2025-12-16,425.05,USD,OTA,False
BK02226,AMELIA MARINO,2025-12-12,2025-12-13,467.96,USD,OTA,False
BK02227,Anna Kowalski,2025-12-12,2025-12-15,461.55,EUR,direct,False
BK02228,Youssef Muller,2025-12-12,2025-12-16,433.49,EUR,OTA,False
BK02229,Conti Sophie,2025-12-12,2025-12-17,413.11,EUR,direct,False
BK02230,  David Kowalski  ,2025-12-12,2025-12-14,469.28,EUR,OTA,False
BK02231,pierre chen,2025-12-12,2025-12-15,360.99,EUR,OTA,False
BK02232,Charlotte Leroy,2025-12-12,2025-12-16,382.05,EUR,OTA,False
BK02233,Valentina Leroy,2025-12-13,2025-12-18,447.54,EUR,OTA,True
BK02234,MARCO HASSAN,2025-12-13,2025-12-14,437.13,EUR,OTA,False
BK02235,KENJI BIANCHI,2025-12-13,2025-12-17,463.12,EUR,OTA,False
BK02236,CAMILLE RICCI,2025-12-13,2025-12-17,489.56,EUR,OTA,False
BK02237,  Ananya Smith  ,2025-12-13,2025-12-17,364.89,USD,OTA,False
BK02238,Petrov Layla,2025-12-13,2025-12-16,355.74,EUR,direct,False
BK02239,  Anna Suzuki  ,2025-12-13,2025-12-17,422.98,EUR,OTA,True
BK02240,ROBERT ESPOSITO,2025-12-13,2025-12-16,412.65,EUR,direct,True
BK02241,  Patricia Al-Farsi  ,2025-12-14,2025-12-19,322.27,EUR,direct,False
BK02242,Layla Garcia,2025-12-14,2025-12-19,429.26,EUR,direct,False
BK02243,Valentina Nowak,2025-12-14,2025-12-17,412.71,EUR,direct,False
BK02244,Yamamoto Patricia,2025-12-14,2025-12-15,458.42,EUR,direct,False
BK02245,giulia hassan,2025-12-14,2025-12-17,449.84,EUR,OTA,False
BK02246,aiko park,2025-12-14,2025-12-17,405.29,USD,direct,False
BK02247,SILVIA FISCHER,2025-12-14,2025-12-20,487.91,EUR,OTA,False
BK02248,Tanaka Ahmed,2025-12-14,2025-12-18,516.94,EUR,OTA,False
BK02249,priya novak,2025-12-14,2025-12-16,349.25,EUR,direct,False
BK02250,elena meyer,2025-12-14,2025-12-17,456.45,EUR,direct,False
BK02251,luca romano,2025-12-14,2025-12-16,429.23,USD,OTA,False
BK02252,andrea nilsson,2025-12-15,2025-12-18,415.77,EUR,OTA,True
BK02253,GIORGIA BERNARD,2025-12-15,2025-12-21,416.88,EUR,OTA,False
BK02254,WILLIAM CHEN,2025-12-15,2025-12-18,411.37,USD,OTA,False
BK02255,ARJUN GRECO,2025-12-15,2025-12-18,494.12,EUR,OTA,False
BK02256,  Patricia Ferrari  ,2025-12-15,2025-12-18,481.12,EUR,OTA,False
BK02257,ALESSANDRO GARCIA,2025-12-15,2025-12-18,474.66,EUR,OTA,False
BK02258,JEAN ROMANO,2025-12-16,2025-12-20,467.37,EUR,OTA,True
BK02259,MATTEO SHARMA,2025-12-16,2025-12-22,447.18,EUR,direct,False
BK02260,Bruno Nikolai,2025-12-16,2025-12-19,487.33,USD,direct,False
BK02261,Giulia Rossi,2025-12-16,2025-12-18,443.15,EUR,direct,False
BK02262,ELENA COLOMBO,2025-12-16,2025-12-19,549.82,EUR,OTA,False
BK02263,Kowalski Ingrid,2025-12-16,2025-12-20,546.81,EUR,direct,True
BK02264,SARA AL-RASHID,2025-12-16,2025-12-20,488.83,EUR,OTA,False
BK02265,  Amelia Watanabe  ,2025-12-16,2025-12-19,444.57,EUR,direct,True
BK02266,Lucia Moreau,2025-12-16,2025-12-20,399.18,EUR,OTA,False
BK02267,  Chiara Dubois  ,2025-12-17,2025-12-18,430.8,EUR,OTA,False
BK02268,Erik Suzuki,2025-12-17,2025-12-19,437.68,EUR,OTA,True
BK02269,GIORGIA NOVAK,2025-12-17,2025-12-19,342.72,EUR,OTA,False
BK02270,MARCO KIM,2025-12-17,2025-12-23,435.31,EUR,OTA,False
BK02271,ingrid patel,2025-12-17,2025-12-21,415.93,EUR,direct,False
BK02272,Youssef Dubois,2025-12-17,2025-12-22,366.89,EUR,OTA,False
BK02273,thomas moreau,2025-12-17,2025-12-20,516.98,EUR,OTA,True
BK02274,Astrid Popov,2025-12-17,2025-12-19,342.82,EUR,direct,False
BK02275,  Fatima Watanabe  ,2025-12-17,2025-12-16,440.24,EUR,OTA,True
BK02276,SARA CHEN,2025-12-18,2025-12-20,394.07,EUR,direct,False
BK02277,David Muller,2025-12-18,2025-12-24,377.68,USD,direct,False
BK02278,GIULIA LEROY,2025-12-18,2025-12-22,421.04,EUR,direct,True
BK02279,lucia al-farsi,2025-12-18,2025-12-22,420.27,EUR,direct,True
BK02280,ARJUN DUBOIS,2025-12-18,2025-12-22,478.37,EUR,direct,True
BK02281,elena lopez,2025-12-19,2025-12-23,419.18,EUR,direct,False
BK02282,paolo smith,2025-12-19,2025-12-22,435.68,USD,direct,False
BK02283,  Klaus Garcia  ,2025-12-19,2025-12-22,479.76,EUR,OTA,False
BK02284,  Marco Bianchi  ,2025-12-19,2025-12-21,464.74,EUR,OTA,True
BK02285,anna kobayashi,2025-12-19,2025-12-21,446.18,EUR,OTA,False
BK02286,Patricia Moreau,2025-12-19,2025-12-21,459.71,USD,direct,False
BK02287,diego garcia,2025-12-19,2025-12-21,371.97,EUR,direct,False
BK02288,Nakamura Emma,2025-12-19,2025-12-21,381.32,EUR,OTA,False
BK02289,federica singh,2025-12-19,2025-12-25,468.3,EUR,OTA,False
BK02290,PIERRE MARINO,2025-12-19,2025-12-20,405.97,EUR,direct,False
BK02291,  Carlos Moreau  ,2025-12-19,2025-12-21,300.09,EUR,direct,False
BK02292,Patricia Wagner,2025-12-19,2025-12-21,413.68,EUR,direct,False
BK02293,KLAUS PATEL,2025-12-20,2025-12-23,414.06,EUR,OTA,False
BK02294,ELENA FISCHER,2025-12-20,2025-12-25,341.47,USD,direct,True
BK02295,pierre hassan,2025-12-20,2025-12-22,491.89,EUR,OTA,False
BK02296,erik martinez,2025-12-20,2025-12-25,414.71,EUR,OTA,False
BK02297,ALESSANDRO NOVAK,2025-12-20,2025-12-22,353.15,EUR,direct,False
BK02298,  Elena Kim  ,2025-12-20,2025-12-23,452.77,EUR,direct,False
BK02299,giorgia fischer,2025-12-20,2025-12-22,404.64,EUR,direct,False
BK02300,  Giulia Garcia  ,2025-12-20,2025-12-28,491.1,EUR,OTA,False
BK02301,Ivanov Federica,2025-12-21,2025-12-23,408.62,EUR,OTA,True
BK02302,yuki singh,2025-12-21,2025-12-26,427.25,EUR,OTA,False
BK02303,  Hans Klein  ,2025-12-21,2025-12-24,369.85,EUR,OTA,False
BK02304,CAMILLE CHEN,2025-12-21,2025-12-23,364.26,EUR,OTA,True
BK02305,olga kumar,2025-12-21,2025-12-24,376.1,EUR,OTA,False
BK02306,LUCA NOVAK,2025-12-21,2025-12-23,412.19,EUR,direct,False
BK02307,NIKOLAI AL-FARSI,2025-12-21,2025-12-24,376.12,EUR,OTA,False
BK02308,Olga Schmidt,2025-12-21,2025-12-26,420.3,EUR,direct,False
BK02309,HENRI BIANCHI,2025-12-21,2025-12-25,409.86,USD,OTA,False
BK02310,Hans Fischer,2025-12-22,2025-12-31,421.69,EUR,OTA,False
BK02311,laura girard,2025-12-22,2025-12-27,509.75,EUR,direct,False
BK02312,Alessandro Marino,2025-12-23,2025-12-29,398.84,EUR,direct,False
BK02313,astrid al-rashid,2025-12-23,2025-12-24,451.78,EUR,OTA,False
BK02314,Al-Farsi Sara,2025-12-23,2025-12-25,432.24,EUR,OTA,False
BK02315,Patricia Weber,2025-12-23,2025-12-27,406.39,EUR,OTA,False
BK02316,Pierre Ferreira,2025-12-23,2025-12-25,493.95,EUR,OTA,False
BK02317,Andersen Andrea,2025-12-23,2025-12-25,435.81,EUR,direct,False
BK02318,Park Ekaterina,2025-12-23,2025-12-24,428.9,USD,direct,False
BK02319,  Elena Patel  ,2025-12-23,2025-12-26,428.69,USD,OTA,False
BK02320,marco conti,2025-12-23,2025-12-26,408.36,EUR,OTA,False
BK02321,NIKOLAI NOWAK,2025-12-23,2025-12-26,404.51,USD,OTA,False
BK02322,layla schmidt,2025-12-24,2025-12-27,455.03,EUR,OTA,False
BK02323,  Maria Leroy  ,2025-12-24,2025-12-28,457.02,EUR,direct,False
BK02324,Olga Sharma,2025-12-24,2025-12-28,451.01,EUR,OTA,True
BK02325,Kowalski Matteo,2025-12-24,2025-12-25,436.12,EUR,direct,False
BK02326,yuki schmidt,2025-12-24,2025-12-27,459.74,EUR,direct,False
BK02327,  Ahmed Wagner  ,2025-12-24,2025-12-27,420.19,EUR,OTA,False
BK02328,Klein Federica,2025-12-24,2025-12-27,491.44,EUR,OTA,False
BK02329,  Robert Schmidt  ,2025-12-25,2025-12-28,421.99,USD,OTA,False
BK02330,Popov Hans,2025-12-25,2025-12-30,414.66,EUR,direct,False
BK02331,Lefevre Marco,2025-12-25,2025-12-27,496.55,EUR,direct,False
BK02332,Marie Muller,2025-12-25,2025-12-28,410.66,EUR,OTA,False
BK02333,charlotte novak,2025-12-25,2025-12-27,504.04,EUR,direct,False
BK02334,simone muller,2025-12-25,2025-12-28,437.98,EUR,OTA,False
BK02335,Federica Garcia,2025-12-25,2025-12-30,504.61,USD,OTA,False
BK02336,olivia andersen,2025-12-25,2025-12-27,419.7,EUR,OTA,False
BK02337,sophie yamamoto,2025-12-25,2025-12-27,453.76,EUR,OTA,False
BK02338,PRIYA LEROY,2025-12-26,2025-12-30,357.69,USD,OTA,False
BK02339,isabella ferrari,2025-12-26,2025-12-30,336.53,EUR,direct,False
BK02340,PRIYA YAMAMOTO,2025-12-26,2025-12-30,399.67,USD,OTA,False
BK02341,diego klein,2025-12-26,2025-12-29,447.35,EUR,OTA,False
BK02342,THOMAS NOWAK,2025-12-26,2025-12-31,491.35,EUR,OTA,False
BK02343,Thomas Andersen,2025-12-26,2025-12-30,397.99,EUR,direct,False
BK02344,  Robert Martinez  ,2025-12-26,2025-12-30,424.65,EUR,direct,True
BK02345,MARIE MARINO,2025-12-27,2025-12-31,468.67,EUR,OTA,True
BK02346,JEAN ESPOSITO,2025-12-27,2025-12-30,407.9,USD,direct,False
BK02347,MARCO SMITH,2025-12-27,2025-12-29,349.32,USD,OTA,False
BK02348,Silvia Conti,2025-12-27,2025-12-29,423.84,EUR,direct,False
BK02349,  Chiara Sharma  ,2025-12-27,2025-12-29,415.9,EUR,direct,False
BK02350,Weber Anna,2025-12-27,2025-12-28,348.14,EUR,direct,False
BK02351,Suzuki Laura,2025-12-27,2025-12-31,349.21,EUR,OTA,False
BK02352,giulia conti,2025-12-28,2025-12-30,410.1,EUR,OTA,False
BK02353,Bruno Astrid,2025-12-28,2026-01-01,400.38,EUR,OTA,False
BK02354,Sokolov Laura,2025-12-28,2026-01-01,366.63,EUR,OTA,False
BK02355,laura popov,2025-12-28,2025-12-30,436.05,EUR,OTA,False
BK02356,charlotte park,2025-12-28,2026-01-02,426.76,EUR,direct,False
BK02357,CARLOS JOHNSON,2025-12-28,2025-12-31,385.94,EUR,direct,False
BK02358,francesco novak,2025-12-28,2025-12-31,417.73,EUR,direct,True
BK02359,matteo ibrahim,2025-12-28,2026-01-02,387.98,EUR,direct,False
BK02360,AIKO POPOV,2025-12-28,2026-01-03,360.24,EUR,direct,False
BK02361,FRANCESCO POPOV,2025-12-28,2025-12-29,395.82,EUR,direct,False
BK02362,  Valentina Schmidt  ,2025-12-28,2026-01-03,425.73,USD,direct,False
BK02363,Simone Suzuki,2025-12-28,2026-01-01,362.36,EUR,direct,False
BK02364,Erik Weber,2025-12-29,2025-12-31,429.84,USD,OTA,True
BK02365,YUKI SUZUKI,2025-12-29,2025-12-31,405.52,EUR,direct,False
BK02366,VALENTINA CHEN,2025-12-29,2026-01-06,416.02,EUR,direct,False
BK02367,Francesco Marino,2025-12-29,2026-01-03,445.6,USD,direct,False
BK02368,Youssef Andersen,2025-12-29,2026-01-01,428.35,EUR,OTA,True
BK02369,Dubois Aiko,2025-12-29,2025-12-31,470.65,EUR,OTA,True
BK02370,Kenji Marino,2025-12-29,2026-01-01,396.96,USD,direct,False
BK02371,HENRI PATEL,2025-12-29,2026-01-01,418.39,EUR,OTA,False
BK02372,Charlotte Sokolov,2025-12-29,2026-01-01,357.9,EUR,OTA,False
BK02373,Astrid Meyer,2025-12-30,2026-01-02,326.65,EUR,direct,False
BK02374,lucia nowak,2025-12-30,2025-12-31,391.44,EUR,direct,True
BK02375,marie al-rashid,2025-12-30,2025-12-31,435.25,USD,OTA,False
BK02376,Anna Muller,2025-12-30,2026-01-01,419.86,EUR,OTA,False
BK02377,MARIA FERNANDEZ,2025-12-30,2026-01-02,403.04,EUR,direct,False
BK02378,FATIMA NOWAK,2025-12-30,2026-01-02,439.55,EUR,OTA,False
BK02379,JOHN NAKAMURA,2025-12-30,2026-01-02,481.37,EUR,OTA,False
BK02380,Amelia Sokolov,2025-12-31,2026-01-05,360.59,EUR,OTA,False
BK02381,Moreau Elena,2025-12-31,2026-01-02,400.96,EUR,OTA,False
BK02382,Kumar Maria,2025-12-31,2026-01-03,468.47,EUR,direct,True
BK02383,klaus chen,2025-12-31,2026-01-02,417.49,EUR,OTA,False
BK02384,Suzuki Nikolai,2025-12-31,2026-01-02,352.56,EUR,direct,False
BK02385,KLAUS FERNANDEZ,2025-12-31,2026-01-04,417.06,EUR,direct,True
BK02386,ISABELLA ESPOSITO,2026-01-01,2026-01-04,216.08,EUR,OTA,False
BK02387,JOHN IBRAHIM,2026-01-01,2026-01-07,310.97,EUR,OTA,False
BK02388,Matteo Nowak,2026-01-01,2026-01-02,208.03,EUR,OTA,True
BK02389,  Astrid Martinez  ,2026-01-01,2026-01-04,226.07,EUR,direct,False
BK02390,  Maria Suzuki  ,2026-01-02,2026-01-05,237.46,EUR,OTA,False
BK02391,Johnson Layla,2026-01-02,2026-01-03,237.77,EUR,OTA,False
BK02392,Giulia Fernandez,2026-01-02,2026-01-06,219.99,EUR,OTA,False
BK02393,ANANYA GRECO,2026-01-02,2026-01-03,269.75,EUR,OTA,False
BK02394,Marco Greco,2026-01-03,2026-01-04,277.12,EUR,OTA,False
BK02395,MATTEO WATANABE,2026-01-03,2026-01-04,256.97,EUR,direct,False
BK02396,AMELIA NILSSON,2026-01-03,2026-01-06,192.74,EUR,OTA,False
BK02397,  Matteo Dubois  ,2026-01-04,2026-01-05,289.72,EUR,direct,False
BK02398,  Sophie Al-Rashid  ,2026-01-05,2026-01-07,224.69,EUR,direct,False
BK02399,HENRI IBRAHIM,2026-01-05,2026-01-06,254.78,EUR,OTA,False
BK02400,valentina colombo,2026-01-05,2026-01-07,227.28,USD,OTA,False
BK02401,EMMA IBRAHIM,2026-01-06,2026-01-07,201.35,EUR,OTA,False
BK02402,  Simone Petrov  ,2026-01-06,2026-01-08,224.73,EUR,OTA,False
BK02403,HANS NAKAMURA,2026-01-06,2026-01-08,209.96,EUR,OTA,False
BK02404,ELENA GRECO,2026-01-06,2026-01-07,237.7,EUR,OTA,False
BK02405,luca meyer,2026-01-06,2026-01-06,223.6,EUR,OTA,False
BK02406,AMELIA MULLER,2026-01-07,2026-01-10,276.01,USD,OTA,True
BK02407,Patricia Leroy,2026-01-07,2026-01-08,240.4,EUR,OTA,False
BK02408,AHMED RICCI,2026-01-08,2026-01-09,261.36,USD,OTA,False
BK02409,olga conti,2026-01-08,2026-01-10,266.39,EUR,direct,False
BK02410,Valentina Girard,2026-01-08,2026-01-10,259.35,EUR,OTA,False
BK02411,Costa Luca,2026-01-09,2026-01-13,240.95,EUR,direct,False
BK02412,FATIMA PARK,2026-01-09,2026-01-11,241.34,EUR,OTA,False
BK02413,Bernard Francesco,2026-01-09,2026-01-10,292.77,USD,OTA,False
BK02414,aiko kobayashi,2026-01-10,2026-01-11,252.98,EUR,OTA,False
BK02415,layla fischer,2026-01-10,2026-01-11,226.69,USD,OTA,False
BK02416,  Federica Conti  ,2026-01-10,2026-01-13,234.92,USD,OTA,False
BK02417,  Hans Novak  ,2026-01-10,2026-01-14,238.01,USD,OTA,False
BK02418,OLIVIA WEBER,2026-01-10,2026-01-12,245.32,EUR,OTA,False
BK02419,marie sokolov,2026-01-10,2026-01-12,250.21,EUR,OTA,False
BK02420,KLAUS LEROY,2026-01-10,2026-01-11,267.31,USD,OTA,False
BK02421,Moreau Hans,2026-01-11,2026-01-15,223.25,USD,OTA,False
BK02422,ARJUN WAGNER,2026-01-11,2026-01-14,217.39,EUR,direct,False
BK02423,Dubois Giorgia,2026-01-11,2026-01-14,233.24,EUR,direct,True
BK02424,VALENTINA WEBER,2026-01-11,2026-01-13,212.71,EUR,OTA,False
BK02425,Sophie Greco,2026-01-11,2026-01-12,266.23,EUR,OTA,False
BK02426,valentina ferreira,2026-01-12,2026-01-15,241.66,EUR,OTA,False
BK02427,  Federica Bianchi  ,2026-01-12,2026-01-13,210.84,EUR,OTA,False
BK02428,ANDREA MULLER,2026-01-12,2026-01-15,205.98,USD,direct,True
BK02429,Kenji Popov,2026-01-12,2026-01-13,229.49,EUR,direct,False
BK02430,sara kobayashi,2026-01-13,2026-01-18,308.69,EUR,OTA,False
BK02431,Henri Kowalski,2026-01-13,2026-01-15,187.73,EUR,OTA,True
BK02432,AHMED GARCIA,2026-01-13,2026-01-14,242.44,EUR,OTA,False
BK02433,ANDREA BRUNO,2026-01-13,2026-01-16,246.41,EUR,direct,True
BK02434,LUCA LOPEZ,2026-01-13,2026-01-14,242.64,EUR,direct,False
BK02435,  Emma Klein  ,2026-01-14,2026-01-15,252.17,EUR,OTA,False
BK02436,LAURA CHEN,2026-01-14,2026-01-17,233.62,EUR,direct,False
BK02437,ANDREA BERNARD,2026-01-15,2026-01-17,217.83,EUR,direct,False
BK02438,Thomas Hassan,2026-01-16,2026-01-19,258.29,EUR,OTA,False
BK02439,John Romano,2026-01-16,2026-01-18,209.33,EUR,direct,False
BK02440,AMELIA AL-RASHID,2026-01-16,2026-01-19,209.92,EUR,OTA,True
BK02441,Henri Watanabe,2026-01-16,2026-01-17,221.68,EUR,OTA,True
BK02442,Giorgia Kowalski,2026-01-16,2026-01-17,264.61,EUR,OTA,False
BK02443,luca singh,2026-01-16,2026-01-18,240.19,EUR,OTA,True
BK02444,  Silvia Popov  ,2026-01-16,2026-01-19,251.07,EUR,OTA,False
BK02445,federica watanabe,2026-01-17,2026-01-20,231.56,EUR,OTA,False
BK02446,MATTEO KUMAR,2026-01-17,2026-01-18,210.02,USD,OTA,True
BK02447,Kenji Silva,2026-01-17,2026-01-19,174.39,EUR,OTA,False
BK02448,Astrid Johnson,2026-01-17,2026-01-20,269.46,EUR,OTA,False
BK02449,CHARLOTTE KUMAR,2026-01-17,2026-01-19,216.68,USD,OTA,False
BK02450,Kim Aiko,2026-01-17,2026-01-18,216.63,USD,OTA,False
BK02451,ANANYA KUMAR,2026-01-18,2026-01-20,238.28,USD,OTA,True
BK02452,Pierre Nilsson,2026-01-18,2026-01-19,211.08,EUR,OTA,False
BK02453,Ingrid Johnson,2026-01-18,2026-01-21,226.51,EUR,OTA,False
BK02454,Chiara Patel,2026-01-18,2026-01-19,232.69,EUR,direct,False
BK02455,Yuki Bianchi,2026-01-19,2026-01-21,222.46,EUR,OTA,False
BK02456,Giulia Muller,2026-01-19,2026-01-22,186.37,EUR,direct,False
BK02457,Federica Fischer,2026-01-19,2026-01-20,241.89,EUR,OTA,False
BK02458,matteo bianchi,2026-01-19,2026-01-20,242.23,EUR,OTA,False
BK02459,Marie Fernandez,2026-01-20,2026-01-21,281.62,EUR,OTA,False
BK02460,  Simone Lefevre  ,2026-01-20,2026-01-24,229.33,EUR,OTA,False
BK02461,Astrid Sharma,2026-01-20,2026-01-23,244.4,EUR,OTA,False
BK02462,CARLOS KIM,2026-01-20,2026-01-21,267.64,EUR,direct,False
BK02463,  Robert Muller  ,2026-01-20,2026-01-21,282.73,EUR,OTA,False
BK02464,DMITRI SOKOLOV,2026-01-21,2026-01-26,187.38,EUR,OTA,True
BK02465,Ananya Tanaka,2026-01-21,2026-01-22,277.34,EUR,OTA,False
BK02466,chiara conti,2026-01-21,2026-01-23,218.78,EUR,OTA,False
BK02467,Giulia Weber,2026-01-21,2026-01-23,178.15,EUR,direct,True
BK02468,PRIYA LEFEVRE,2026-01-21,2026-01-24,204.87,EUR,direct,False
BK02469,robert nowak,2026-01-21,2026-01-25,196.44,EUR,OTA,False
BK02470,silvia suzuki,2026-01-22,2026-01-25,252.62,USD,OTA,False
BK02471,SILVIA POPOV,2026-01-22,2026-01-24,245.02,EUR,OTA,False
BK02472,CAMILLE MARTINEZ,2026-01-23,2026-01-24,203.57,EUR,OTA,False
BK02473,Charlotte Kim,2026-01-23,2026-01-24,224.68,EUR,direct,False
BK02474,  William Nakamura  ,2026-01-23,2026-01-28,247.72,EUR,OTA,False
BK02475,  Giulia Yamamoto  ,2026-01-24,2026-01-28,207.18,EUR,OTA,False
BK02476,INGRID DUBOIS,2026-01-24,2026-01-25,267.13,EUR,OTA,False
BK02477,Charlotte Lopez,2026-01-24,2026-01-25,233.23,EUR,OTA,False
BK02478,CAMILLE PARK,2026-01-24,2026-01-26,207.9,USD,direct,False
BK02479,pierre bianchi,2026-01-25,2026-01-27,274.33,EUR,OTA,False
BK02480,simone ferreira,2026-01-25,2026-01-29,283.09,EUR,OTA,False
BK02481,Jean Muller,2026-01-25,2026-01-26,295.43,EUR,OTA,False
BK02482,  Henri Muller  ,2026-01-25,2026-01-27,241.57,EUR,OTA,False
BK02483,Erik Patel,2026-01-26,2026-01-27,232.81,EUR,OTA,False
BK02484,Jean Kowalski,2026-01-26,2026-01-29,193.46,EUR,direct,False
BK02485,  Robert Bruno  ,2026-01-26,2026-01-28,249.65,EUR,OTA,False
BK02486,Petrov Camille,2026-01-26,2026-01-29,245.2,EUR,OTA,False
BK02487,Nilsson Isabella,2026-01-26,2026-01-28,235.36,EUR,OTA,False
BK02488,Luca Greco,2026-01-26,2026-02-05,327.68,EUR,OTA,False
BK02489,Omar Fischer,2026-01-26,2026-01-28,233.06,USD,direct,True
BK02490,Thomas Watanabe,2026-01-26,2026-01-28,194.96,EUR,OTA,True
BK02491,Ahmed Nilsson,2026-01-27,2026-01-28,248.11,EUR,direct,False
BK02492,ANANYA SOKOLOV,2026-01-27,2026-01-29,239.09,EUR,OTA,False
BK02493,PRIYA ROSSI,2026-01-27,2026-01-29,196.27,EUR,OTA,False
BK02494,federica kobayashi,2026-01-27,2026-01-29,272.08,EUR,OTA,False
BK02495,aiko popov,2026-01-27,2026-02-01,224.02,EUR,OTA,True
BK02496,  Simone Al-Farsi  ,2026-01-27,2026-01-29,247.64,EUR,OTA,False
BK02497,Kenji Wagner,2026-01-28,2026-01-29,223.05,EUR,OTA,False
BK02498,  Astrid Park  ,2026-01-29,2026-01-31,290.94,USD,OTA,False
BK02499,matteo fernandez,2026-01-29,2026-01-30,294.13,EUR,OTA,False
BK02500,Leroy Francesco,2026-01-29,2026-02-05,272.24,USD,OTA,False
BK02501,ELENA BRUNO,2026-01-29,2026-02-05,271.63,USD,OTA,False
BK02502,OMAR COSTA,2026-01-30,2026-02-02,207.17,EUR,OTA,False
BK02503,Martinez Yuki,2026-01-30,2026-02-03,258.77,EUR,OTA,False
BK02504,federica romano,2026-01-30,2026-01-31,248.15,EUR,direct,False
BK02505,priya al-farsi,2026-01-30,2026-02-03,252.3,USD,direct,False
BK02506,jean silva,2026-01-30,2026-02-01,273.87,EUR,OTA,False
BK02507,Pierre Conti,2026-01-30,2026-02-01,264.79,EUR,OTA,False
BK02508,ananya kim,2026-01-30,2026-02-01,285.91,EUR,OTA,False
BK02509,giulia romano,2026-01-31,2026-02-02,262.74,EUR,OTA,False
BK02510,Giorgia Ricci,2026-02-01,2026-02-02,224.35,EUR,OTA,False
BK02511,kenji al-farsi,2026-02-01,2026-02-03,220.15,EUR,direct,False
BK02512,dmitri sharma,2026-02-01,2026-02-02,283.02,USD,OTA,False
BK02513,Astrid Kumar,2026-02-01,2026-02-03,249.69,EUR,OTA,False
BK02514,Fatima Lefevre,2026-02-02,2026-02-03,194.45,EUR,OTA,False
BK02515,DIEGO ANDERSEN,2026-02-02,2026-02-05,251.15,USD,OTA,False
BK02516,marco chen,2026-02-02,2026-02-03,260.74,EUR,OTA,False
BK02517,Klaus Nowak,2026-02-02,2026-02-05,234.24,EUR,OTA,False
BK02518,  Jean Klein  ,2026-02-03,2026-02-05,232.89,EUR,OTA,False
BK02519,Isabella Popov,2026-02-03,2026-02-09,218.9,EUR,OTA,False
BK02520,alessandro kowalski,2026-02-03,2026-02-04,240.51,EUR,OTA,False
BK02521,John Popov,2026-02-03,2026-02-04,253.17,EUR,OTA,False
BK02522,  Silvia Park  ,2026-02-03,2026-02-07,299.34,EUR,direct,False
BK02523,  Lucia Kobayashi  ,2026-02-03,2026-02-04,274.47,EUR,OTA,False
BK02524,JOHN PARK,2026-02-03,2026-02-08,204.05,EUR,direct,False
BK02525,Carlos Al-Farsi,2026-02-03,2026-02-05,266.37,EUR,direct,False
BK02526,francesco ferrari,2026-02-04,2026-02-07,290.34,USD,OTA,False
BK02527,isabella meyer,2026-02-04,2026-02-06,205.14,EUR,OTA,True
BK02528,Nilsson Anna,2026-02-04,2026-02-06,242.69,EUR,OTA,False
BK02529,Carlos Moreau,2026-02-04,2026-02-05,238.61,EUR,OTA,False
BK02530,Emma Chen,2026-02-05,2026-02-07,247.63,EUR,OTA,True
BK02531,GIULIA FISCHER,2026-02-05,2026-02-06,229.51,USD,direct,False
BK02532,sara kaczmarek,2026-02-05,2026-02-07,223.47,EUR,OTA,False
BK02533,  Isabella Lopez  ,2026-02-05,2026-02-07,187.97,EUR,direct,True
BK02534,ekaterina conti,2026-02-06,2026-02-10,230.25,EUR,direct,False
BK02535,Dmitri Greco,2026-02-06,2026-02-07,236.03,EUR,OTA,False
BK02536,INGRID IBRAHIM,2026-02-06,2026-02-09,225.25,EUR,OTA,False
BK02537,Klaus Kim,2026-02-06,2026-02-07,256.41,EUR,OTA,False
BK02538,Luca Kobayashi,2026-02-06,2026-02-07,278.79,EUR,OTA,False
BK02539,Chen Maria,2026-02-06,2026-02-10,198.5,EUR,OTA,False
BK02540,ingrid lefevre,2026-02-06,2026-02-08,206.78,EUR,OTA,False
BK02541,  Luca Watanabe  ,2026-02-06,2026-02-10,223.29,EUR,OTA,False
BK02542,Giulia Conti,2026-02-08,2026-02-13,277.03,EUR,OTA,False
BK02543,Ahmed Ivanov,2026-02-08,2026-02-10,242.72,EUR,OTA,False
BK02544,ERIK COLOMBO,2026-02-08,2026-02-10,244.32,EUR,OTA,False
BK02545,david schmidt,2026-02-08,2026-02-09,283.93,USD,OTA,False
BK02546,HANS KACZMAREK,2026-02-09,2026-02-12,250.28,EUR,OTA,False
BK02547,ANDREA GRECO,2026-02-09,2026-02-10,291.4,USD,OTA,False
BK02548,FRANCESCO AL-RASHID,2026-02-09,2026-02-11,211.73,EUR,OTA,False
BK02549,Erik Kaczmarek,2026-02-09,2026-02-12,187.72,USD,OTA,False
BK02550,Sophie Garcia,2026-02-09,2026-02-12,210.59,USD,direct,False
BK02551,Giulia Nilsson,2026-02-09,2026-02-15,284.64,USD,OTA,False
BK02552,Tanaka Marco,2026-02-10,2026-02-11,248.22,EUR,OTA,True
BK02553,ARJUN AL-RASHID,2026-02-10,2026-02-12,263.65,EUR,OTA,False
BK02554,DIEGO JOHNSON,2026-02-10,2026-02-15,236.27,EUR,OTA,False
BK02555,Valentina Fischer,2026-02-10,2026-02-12,280.33,EUR,OTA,False
BK02556,Erik Nowak,2026-02-11,2026-02-12,237.78,EUR,OTA,False
BK02557,  Henri Wagner  ,2026-02-11,2026-02-13,236.85,EUR,OTA,False
BK02558,OMAR MARTINEZ,2026-02-11,2026-02-12,232.37,EUR,OTA,False
BK02559,  Sophie Sharma  ,2026-02-11,2026-02-12,301.22,EUR,OTA,False
BK02560,Conti Laura,2026-02-11,2026-02-12,233.92,EUR,OTA,False
BK02561,  Erik Sharma  ,2026-02-12,2026-02-13,231.44,EUR,OTA,False
BK02562,  Emma Lopez  ,2026-02-12,2026-02-13,260.19,EUR,OTA,False
BK02563,KLAUS CONTI,2026-02-12,2026-02-14,245.47,EUR,direct,False
BK02564,Laura Yamamoto,2026-02-12,2026-02-13,225.62,USD,OTA,False
BK02565,paolo dubois,2026-02-12,2026-02-13,256.86,EUR,OTA,True
BK02566,LUCIA POPOV,2026-02-12,2026-02-14,199.89,EUR,OTA,False
BK02567,Paolo Ferreira,2026-02-12,2026-02-14,230.38,EUR,OTA,False
BK02568,MARIE BERNARD,2026-02-12,2026-02-14,214.31,EUR,OTA,False
BK02569,CHARLOTTE WAGNER,2026-02-13,2026-02-14,269.64,EUR,OTA,False
BK02570,  Elena Girard  ,2026-02-14,2026-02-16,208.86,USD,direct,False
BK02571,AMELIA IVANOV,2026-02-14,2026-02-16,227.78,EUR,OTA,False
BK02572,  Diego Esposito  ,2026-02-14,2026-02-15,227.21,EUR,OTA,False
BK02573,maria sokolov,2026-02-14,2026-02-17,212.34,EUR,OTA,False
BK02574,ALESSANDRO WATANABE,2026-02-15,2026-02-17,280.22,EUR,OTA,False
BK02575,AHMED COSTA,2026-02-15,2026-02-17,185.02,EUR,OTA,False
BK02576,  Youssef Nilsson  ,2026-02-16,2026-02-17,231.36,EUR,OTA,False
BK02577,  Astrid Rossi  ,2026-02-16,2026-02-18,253.97,EUR,OTA,False
BK02578,Patricia Schmidt,2026-02-16,2026-02-18,244.75,EUR,OTA,False
BK02579,JAMES LOPEZ,2026-02-16,2026-02-22,200.49,EUR,OTA,True
BK02580,  Ahmed Martinez  ,2026-02-16,2026-02-23,252.62,EUR,OTA,True
BK02581,OLGA GARCIA,2026-02-16,2026-02-18,206.66,USD,OTA,False
BK02582,valentina smith,2026-02-16,2026-02-19,225.74,EUR,OTA,False
BK02583,Erik Singh,2026-02-16,2026-02-21,258.21,EUR,direct,False
BK02584,matteo girard,2026-02-17,2026-02-18,245.2,EUR,OTA,False
BK02585,Lucia Ivanov,2026-02-17,2026-02-18,192.72,EUR,OTA,False
BK02586,Meyer Priya,2026-02-17,2026-02-18,222.86,EUR,OTA,False
BK02587,PATRICIA FERRARI,2026-02-17,2026-02-21,263.72,USD,direct,False
BK02588,DAVID DUBOIS,2026-02-17,2026-02-20,224.47,EUR,OTA,False
BK02589,Paolo Fischer,2026-02-17,2026-02-18,234.02,EUR,OTA,True
BK02590,dmitri kobayashi,2026-02-17,2026-02-20,137.44,EUR,OTA,False
BK02591,GIULIA FERRARI,2026-02-17,2026-02-20,229.93,EUR,OTA,False
BK02592,  Thomas Popov  ,2026-02-17,2026-02-22,217.88,USD,OTA,False
BK02593,  Layla Popov  ,2026-02-18,2026-02-22,239.98,EUR,OTA,False
BK02594,Charlotte Smith,2026-02-18,2026-02-20,217.98,EUR,direct,False
BK02595,Simone Tanaka,2026-02-18,2026-02-21,305.18,EUR,OTA,False
BK02596,Olga Bruno,2026-02-18,2026-02-20,283.88,EUR,OTA,False
BK02597,alessandro rossi,2026-02-18,2026-02-20,202.41,EUR,OTA,False
BK02598,Emma Dubois,2026-02-19,2026-02-24,243.89,EUR,OTA,False
BK02599,  Marco Kobayashi  ,2026-02-19,2026-02-22,264.3,EUR,OTA,False
BK02600,THOMAS LEFEVRE,2026-02-19,2026-02-22,224.14,EUR,OTA,False
BK02601,William Klein,2026-02-19,2026-02-20,256.54,EUR,OTA,False
BK02602,  Charlotte Lefevre  ,2026-02-19,2026-02-21,267.07,USD,OTA,False
BK02603,Aiko Ricci,2026-02-20,2026-02-21,255.49,USD,OTA,False
BK02604,Sara Sharma,2026-02-20,2026-02-24,265.9,USD,OTA,False
BK02605,ANNA DUBOIS,2026-02-20,2026-02-22,290.47,EUR,OTA,False
BK02606,Giulia Lefevre,2026-02-20,2026-02-21,216.73,EUR,direct,False
BK02607,jean bernard,2026-02-20,2026-02-23,196.63,EUR,OTA,False
BK02608,Arjun Leroy,2026-02-20,2026-02-21,247.91,EUR,OTA,True
BK02609,Romano Dmitri,2026-02-20,2026-02-23,258.42,EUR,direct,False
BK02610,Nikolai Klein,2026-02-20,2026-02-23,229.61,EUR,OTA,False
BK02611,Andrea Petrov,2026-02-20,2026-02-21,227.3,EUR,OTA,False
BK02612,Ingrid Singh,2026-02-20,2026-02-22,192.84,EUR,OTA,False
BK02613,ANANYA GARCIA,2026-02-21,2026-02-25,231.21,EUR,OTA,False
BK02614,Ferrari Dmitri,2026-02-21,2026-02-22,217.72,EUR,OTA,False
BK02615,Pierre Costa,2026-02-22,2026-02-26,246.82,EUR,direct,False
BK02616,AMELIA POPOV,2026-02-22,2026-02-23,223.08,EUR,OTA,True
BK02617,James Dubois,2026-02-23,2026-02-25,279.28,EUR,OTA,False
BK02618,Luca Andersen,2026-02-23,2026-02-25,274.45,EUR,OTA,False
BK02619,Thomas Kowalski,2026-02-23,2026-02-24,253.88,EUR,OTA,False
BK02620,  Ananya Rossi  ,2026-02-23,2026-02-25,206.9,EUR,direct,False
BK02621,Nilsson Olivia,2026-02-24,2026-02-26,233.86,EUR,OTA,False
BK02622,AMELIA KIM,2026-02-24,2026-02-27,226.2,USD,OTA,False
BK02623,THOMAS GARCIA,2026-02-24,2026-02-27,274.79,EUR,OTA,False
BK02624,ahmed schmidt,2026-02-24,2026-02-26,217.33,EUR,direct,False
BK02625,  Ekaterina Klein  ,2026-02-24,2026-02-25,226.12,EUR,direct,False
BK02626,Emma Nilsson,2026-02-24,2026-02-26,221.85,EUR,direct,True
BK02627,AIKO KLEIN,2026-02-24,2026-02-27,288.06,EUR,OTA,False
BK02628,Giorgia Tanaka,2026-02-24,2026-02-26,221.92,EUR,OTA,False
BK02629,  Isabella Ferreira  ,2026-02-24,2026-02-27,209.56,EUR,direct,False
BK02630,ANDREA GARCIA,2026-02-25,2026-03-01,256.67,EUR,OTA,False
BK02631,Nilsson Matteo,2026-02-25,2026-02-28,226.36,EUR,OTA,False
BK02632,  Arjun Park  ,2026-02-25,2026-02-26,239.9,EUR,direct,False
BK02633,LUCIA BRUNO,2026-02-25,2026-02-28,247.26,EUR,OTA,False
BK02634,Matteo Costa,2026-02-25,2026-03-01,232.46,EUR,OTA,False
BK02635,Marco Lopez,2026-02-26,2026-03-04,212.73,EUR,OTA,False
BK02636,  Giorgia Leroy  ,2026-02-26,2026-02-28,223.59,EUR,OTA,False
BK02637,Laura Klein,2026-02-26,2026-02-28,318.54,EUR,direct,False
BK02638,DMITRI TANAKA,2026-02-26,2026-03-01,246.02,EUR,OTA,False
BK02639,astrid lopez,2026-02-26,2026-03-02,217.63,EUR,OTA,True
BK02640,thomas andersen,2026-02-27,2026-02-28,280.21,USD,OTA,False
BK02641,Patricia Chen,2026-02-27,2026-03-02,250.67,EUR,OTA,False
BK02642,VALENTINA KOBAYASHI,2026-02-27,2026-03-03,227.06,EUR,OTA,False
BK02643,LUCA LOPEZ,2026-02-27,2026-02-28,200.56,EUR,OTA,False
BK02644,arjun nowak,2026-02-28,2026-03-04,300.36,EUR,OTA,False
BK02645,Andrea Esposito,2026-02-28,2026-03-01,203.18,EUR,OTA,False
BK02646,  Omar Suzuki  ,2026-02-28,2026-03-01,197.24,USD,OTA,False
BK02647,Henri Andersen,2026-03-01,2026-03-04,219.48,EUR,direct,False
BK02648,olga lefevre,2026-03-01,2026-03-02,192.77,USD,OTA,False
BK02649,Francesco Watanabe,2026-03-01,2026-03-03,243.84,EUR,OTA,False
BK02650,olivia muller,2026-03-02,2026-03-05,219.2,EUR,OTA,True
BK02651,Fatima Suzuki,2026-03-02,2026-03-04,202.24,EUR,OTA,False
BK02652,  Carlos Silva  ,2026-03-02,2026-03-03,252.32,EUR,OTA,False
BK02653,Kenji Sharma,2026-03-03,2026-03-04,238.29,EUR,OTA,False
BK02654,EKATERINA BIANCHI,2026-03-03,2026-03-05,194.75,EUR,OTA,False
BK02655,ANDREA SILVA,2026-03-03,2026-03-04,261.16,USD,OTA,False
BK02656,Sharma Pierre,2026-03-03,2026-03-05,249.26,USD,direct,False
BK02657,Hans Al-Farsi,2026-03-03,2026-03-06,229.97,USD,OTA,False
BK02658,Dubois Sara,2026-03-03,2026-03-05,268.86,EUR,OTA,False
BK02659,Fischer Francesco,2026-03-03,2026-03-06,203.76,EUR,direct,False
BK02660,carlos kowalski,2026-03-04,2026-03-06,246.29,EUR,direct,False
BK02661,Olga Watanabe,2026-03-04,2026-03-07,270.12,EUR,OTA,False
BK02662,Alessandro Ferreira,2026-03-04,2026-03-07,221.48,USD,direct,False
BK02663,Singh Olga,2026-03-04,2026-03-08,240.72,EUR,direct,False
BK02664,kenji nowak,2026-03-04,2026-03-04,278.79,EUR,direct,False
BK02665,JAMES FERREIRA,2026-03-04,2026-03-05,221.31,EUR,OTA,False
BK02666,Colombo Astrid,2026-03-04,2026-03-09,193.59,EUR,OTA,False
BK02667,Erik Ivanov,2026-03-04,2026-03-06,226.33,EUR,direct,False
BK02668,Olivia Chen,2026-03-05,2026-03-10,247.21,EUR,OTA,False
BK02669,JAMES GRECO,2026-03-05,2026-03-10,264.72,EUR,OTA,False
BK02670,Elena Nowak,2026-03-05,2026-03-06,183.24,EUR,OTA,False
BK02671,ANANYA IBRAHIM,2026-03-05,2026-03-06,232.07,EUR,OTA,False
BK02672,Ananya Lefevre,2026-03-05,2026-03-07,264.36,EUR,OTA,False
BK02673,Omar Garcia,2026-03-06,2026-03-08,188.73,EUR,direct,False
BK02674,OLIVIA MARTINEZ,2026-03-06,2026-03-10,260.1,USD,OTA,False
BK02675,laura johnson,2026-03-07,2026-03-12,231.4,EUR,OTA,False
BK02676,Carlos Ricci,2026-03-07,2026-03-12,165.65,EUR,OTA,False
BK02677,Giorgia Park,2026-03-07,2026-03-09,241.97,EUR,OTA,False
BK02678,Wagner Fatima,2026-03-07,2026-03-08,223.35,EUR,OTA,False
BK02679,John Smith,2026-03-07,2026-03-12,300.05,EUR,OTA,False
BK02680,Kenji Kim,2026-03-07,2026-03-08,297.33,USD,OTA,False
BK02681,ISABELLA BRUNO,2026-03-08,2026-03-10,257.74,EUR,OTA,False
BK02682,  Andrea Moreau  ,2026-03-08,2026-03-09,200.08,EUR,OTA,False
BK02683,  Pierre Johnson  ,2026-03-08,2026-03-10,258.79,USD,OTA,False
BK02684,Arjun Petrov,2026-03-08,2026-03-09,245.74,EUR,OTA,True
BK02685,  Lucia Watanabe  ,2026-03-08,2026-03-11,242.63,EUR,OTA,False
BK02686,Marco Dubois,2026-03-09,2026-03-12,196.07,EUR,direct,True
BK02687,Sharma Diego,2026-03-09,2026-03-11,222.06,EUR,direct,False
BK02688,FEDERICA MEYER,2026-03-09,2026-03-13,213.26,USD,OTA,True
BK02689,EKATERINA SILVA,2026-03-09,2026-03-10,249.46,EUR,OTA,False
BK02690,  Pierre Martinez  ,2026-03-09,2026-03-12,231.34,EUR,OTA,False
BK02691,  James Fischer  ,2026-03-09,2026-03-11,270.82,EUR,OTA,False
BK02692,Matteo Muller,2026-03-09,2026-03-12,199.22,USD,OTA,False
BK02693,  David Park  ,2026-03-09,2026-03-10,244.2,EUR,OTA,False
BK02694,  Layla Novak  ,2026-03-10,2026-03-14,173.99,EUR,direct,False
BK02695,Youssef Bernard,2026-03-10,2026-03-12,272.48,EUR,OTA,False
BK02696,Popov Camille,2026-03-11,2026-03-15,224.76,EUR,direct,False
BK02697,Novak Ahmed,2026-03-11,2026-03-14,252.12,USD,OTA,False
BK02698,Robert Johnson,2026-03-11,2026-03-13,163.94,EUR,direct,False
BK02699,Patricia Suzuki,2026-03-11,2026-03-13,245.56,USD,OTA,False
BK02700,Dmitri Weber,2026-03-11,2026-03-12,223.86,EUR,OTA,True
BK02701,CHIARA SOKOLOV,2026-03-12,2026-03-13,264.41,EUR,direct,False
BK02702,sophie klein,2026-03-12,2026-03-14,251.41,EUR,OTA,False
BK02703,  Camille Ferrari  ,2026-03-12,2026-03-13,220.96,EUR,direct,False
BK02704,Nikolai Hassan,2026-03-12,2026-03-13,279.83,EUR,OTA,False
BK02705,Simone Wagner,2026-03-12,2026-03-14,177.97,EUR,direct,False
BK02706,GIULIA KOBAYASHI,2026-03-12,2026-03-14,212.7,EUR,OTA,True
BK02707,  Alessandro Patel  ,2026-03-12,2026-03-16,279.47,USD,OTA,False
BK02708,omar chen,2026-03-13,2026-03-15,179.48,EUR,direct,False
BK02709,Nowak Giorgia,2026-03-13,2026-03-15,272.24,EUR,OTA,False
BK02710,kenji kobayashi,2026-03-13,2026-03-15,258.63,EUR,OTA,False
BK02711,  Layla Esposito  ,2026-03-13,2026-03-14,272.46,EUR,OTA,False
BK02712,Omar Patel,2026-03-13,2026-03-15,247.08,USD,OTA,False
BK02713,Emma Smith,2026-03-13,2026-03-15,257.78,EUR,OTA,False
BK02714,JOHN MARTINEZ,2026-03-13,2026-03-19,215.53,EUR,OTA,False
BK02715,Silva Astrid,2026-03-13,2026-03-14,216.4,EUR,OTA,False
BK02716,anna ibrahim,2026-03-14,2026-03-15,256.04,EUR,OTA,False
BK02717,youssef johnson,2026-03-14,2026-03-17,242.81,EUR,OTA,True
BK02718,Youssef Chen,2026-03-14,2026-03-18,256.65,EUR,OTA,False
BK02719,valentina meyer,2026-03-15,2026-03-16,275.61,EUR,direct,False
BK02720,SARA BERNARD,2026-03-15,2026-03-16,201.19,EUR,OTA,False
BK02721,Weber Giorgia,2026-03-15,2026-03-19,202.08,EUR,OTA,True
BK02722,JEAN PATEL,2026-03-15,2026-03-16,226.55,USD,OTA,False
BK02723,Aiko Wagner,2026-03-15,2026-03-16,217.17,EUR,direct,False
BK02724,Laura Weber,2026-03-15,2026-03-17,263.09,EUR,OTA,False
BK02725,diego kaczmarek,2026-03-16,2026-03-16,231.14,EUR,OTA,False
BK02726,GIULIA BIANCHI,2026-03-16,2026-03-17,203.65,EUR,OTA,False
BK02727,Matteo Dubois,2026-03-17,2026-03-18,223.14,USD,OTA,False
BK02728,Dubois Nikolai,2026-03-17,2026-03-19,209.17,EUR,OTA,False
BK02729,Priya Hassan,2026-03-17,2026-03-18,210.57,EUR,direct,False
BK02730,OLIVIA COLOMBO,2026-03-18,2026-03-19,272.22,EUR,OTA,False
BK02731,Erik Smith,2026-03-19,2026-03-20,221.1,EUR,OTA,False
BK02732,MARIE LEROY,2026-03-19,2026-03-20,215.44,EUR,direct,False
BK02733,ANANYA FERNANDEZ,2026-03-19,2026-03-21,213.25,EUR,OTA,False
BK02734,THOMAS PARK,2026-03-20,2026-03-27,254.11,EUR,OTA,False
BK02735,LUCIA ROSSI,2026-03-20,2026-03-22,229.39,EUR,direct,False
BK02736,PIERRE ROSSI,2026-03-20,2026-03-22,215.31,EUR,OTA,False
BK02737,marco watanabe,2026-03-20,2026-03-22,232.01,EUR,OTA,False
BK02738,federica yamamoto,2026-03-21,2026-03-27,217.23,EUR,OTA,False
BK02739,isabella garcia,2026-03-21,2026-03-23,198.6,EUR,OTA,False
BK02740,ROBERT MOREAU,2026-03-21,2026-03-23,273.68,EUR,direct,False
BK02741,  Omar Greco  ,2026-03-21,2026-03-22,249.87,EUR,direct,False
BK02742,Sara Bruno,2026-03-22,2026-03-24,223.29,USD,OTA,False
BK02743,giulia leroy,2026-03-22,2026-03-24,216.16,USD,OTA,False
BK02744,  Arjun Rossi  ,2026-03-22,2026-03-25,254.25,USD,direct,False
BK02745,  Marco Nakamura  ,2026-03-22,2026-03-23,239.43,USD,OTA,False
BK02746,SIMONE CHEN,2026-03-23,2026-03-24,227.97,EUR,OTA,False
BK02747,ASTRID SILVA,2026-03-23,2026-03-27,212.03,EUR,OTA,False
BK02748,Schmidt Lucia,2026-03-23,2026-03-24,213.91,EUR,OTA,False
BK02749,Laura Dubois,2026-03-23,2026-03-27,257.32,EUR,OTA,False
BK02750,Sokolov John,2026-03-24,2026-03-28,249.39,EUR,OTA,True
BK02751,aiko marino,2026-03-24,2026-03-28,267.46,EUR,direct,False
BK02752,Ekaterina Kowalski,2026-03-24,2026-03-26,243.27,EUR,OTA,False
BK02753,Priya Nowak,2026-03-24,2026-03-27,260.17,EUR,OTA,False
BK02754,  Robert Muller  ,2026-03-25,2026-03-26,216.6,EUR,direct,False
BK02755,  Henri Nowak  ,2026-03-25,2026-03-28,246.23,EUR,OTA,False
BK02756,olga novak,2026-03-25,2026-03-27,317.06,EUR,OTA,False
BK02757,Valentina Ibrahim,2026-03-25,2026-03-27,200.36,EUR,OTA,False
BK02758,ekaterina kim,2026-03-25,2026-03-28,218.02,EUR,OTA,False
BK02759,  Thomas Kobayashi  ,2026-03-25,2026-04-08,211.04,EUR,direct,False
BK02760,Dmitri Hassan,2026-03-26,2026-03-27,262.36,EUR,OTA,False
BK02761,SARA ROSSI,2026-03-26,2026-03-29,262.52,EUR,OTA,False
BK02762,  Luca Garcia  ,2026-03-26,2026-03-27,254.41,USD,OTA,False
BK02763,  Layla Conti  ,2026-03-26,2026-03-27,223.8,USD,OTA,False
BK02764,Matteo Hassan,2026-03-26,2026-03-27,215.57,EUR,OTA,False
BK02765,Ingrid Meyer,2026-03-26,2026-03-28,308.43,USD,OTA,False
BK02766,  Chiara Kowalski  ,2026-03-26,2026-03-28,225.83,EUR,OTA,False
BK02767,OMAR IBRAHIM,2026-03-26,2026-03-28,267.99,EUR,OTA,False
BK02768,henri smith,2026-03-27,2026-03-29,286.36,EUR,OTA,False
BK02769,Ingrid Kumar,2026-03-27,2026-03-28,238.01,EUR,OTA,True
BK02770,Henri Girard,2026-03-27,2026-03-28,219.27,EUR,OTA,False
BK02771,ANANYA FISCHER,2026-03-27,2026-03-29,234.03,EUR,OTA,False
BK02772,Silvia Romano,2026-03-28,2026-03-30,179.84,USD,OTA,False
BK02773,William Sokolov,2026-03-28,2026-03-29,221.71,USD,OTA,False
BK02774,Yuki Fernandez,2026-03-29,2026-04-01,233.01,EUR,direct,False
BK02775,Anna Singh,2026-03-29,2026-03-30,277.2,EUR,OTA,True
BK02776,Andrea Al-Farsi,2026-03-29,2026-03-30,232.97,EUR,OTA,False
BK02777,  Silvia Meyer  ,2026-03-29,2026-04-01,248.15,EUR,OTA,False
BK02778,YOUSSEF RICCI,2026-03-30,2026-04-02,223.98,USD,OTA,False
BK02779,  Erik Al-Rashid  ,2026-03-30,2026-03-31,254.44,EUR,OTA,False
BK02780,erik ferrari,2026-03-30,2026-03-31,196.85,EUR,direct,False
BK02781,  Jean Schmidt  ,2026-03-30,2026-04-01,194.5,USD,OTA,False
BK02782,Fatima Dubois,2026-03-31,2026-04-02,276.39,EUR,OTA,False
BK02783,  Fatima Nilsson  ,2026-03-31,2026-04-01,245.29,EUR,direct,False
BK02784,Paolo Hassan,2026-03-31,2026-04-01,262.0,EUR,direct,True
BK02785,Kumar Nikolai,2026-04-01,2026-04-02,227.22,EUR,OTA,False
BK02786,  Marie Nowak  ,2026-04-01,2026-04-05,186.16,USD,OTA,False
BK02787,klaus schmidt,2026-04-01,2026-04-03,269.82,EUR,OTA,False
BK02788,Emma Silva,2026-04-02,2026-04-06,208.77,EUR,direct,False
BK02789,MARCO PATEL,2026-04-02,2026-04-03,312.47,USD,OTA,False
BK02790,Amelia Chen,2026-04-02,2026-04-04,245.93,EUR,OTA,False
BK02791,Patel Valentina,2026-04-03,2026-04-05,245.75,USD,direct,False
BK02792,LAYLA BERNARD,2026-04-03,2026-04-04,252.85,EUR,OTA,False
BK02793,  Omar Al-Farsi  ,2026-04-03,2026-04-06,198.84,EUR,OTA,False
BK02794,Anna Klein,2026-04-03,2026-04-05,219.85,EUR,OTA,False
BK02795,MATTEO GRECO,2026-04-03,2026-04-05,237.25,USD,OTA,False
BK02796,Nowak Francesco,2026-04-03,2026-04-04,227.27,USD,direct,False
BK02797,  Robert Ivanov  ,2026-04-03,2026-04-05,280.69,EUR,OTA,True
BK02798,SIMONE DUBOIS,2026-04-03,2026-04-04,233.94,EUR,OTA,False
BK02799,OLGA HASSAN,2026-04-04,2026-04-08,249.15,EUR,direct,False
BK02800,Wagner Anna,2026-04-04,2026-04-05,280.96,EUR,OTA,False
BK02801,  Ekaterina Ivanov  ,2026-04-05,2026-04-09,277.28,EUR,OTA,False
BK02802,jean tanaka,2026-04-05,2026-04-11,245.21,EUR,direct,False
BK02803,silvia watanabe,2026-04-05,2026-04-10,205.85,EUR,direct,False
BK02804,AMELIA COSTA,2026-04-05,2026-04-06,181.15,USD,direct,True
BK02805,  Elena Ibrahim  ,2026-04-05,2026-04-08,203.95,EUR,direct,False
BK02806,Arjun Garcia,2026-04-06,2026-04-12,229.23,EUR,direct,True
BK02807,Arjun Costa,2026-04-06,2026-04-07,241.49,USD,OTA,False
BK02808,silvia kobayashi,2026-04-07,2026-04-11,223.37,EUR,direct,False
BK02809,priya klein,2026-04-07,2026-04-10,199.02,USD,direct,False
BK02810,Layla Lopez,2026-04-07,2026-04-11,215.49,EUR,OTA,False
BK02811,giorgia al-rashid,2026-04-07,2026-04-09,232.93,EUR,OTA,False
BK02812,  Chiara Muller  ,2026-04-08,2026-04-10,242.36,EUR,OTA,False
BK02813,Costa Ahmed,2026-04-08,2026-04-10,261.11,EUR,OTA,False
BK02814,Dmitri Muller,2026-04-08,2026-04-12,220.42,EUR,direct,False
BK02815,Sophie Rossi,2026-04-08,2026-04-09,237.38,USD,direct,False
BK02816,Bernard Diego,2026-04-09,2026-04-11,230.27,EUR,OTA,False
BK02817,kenji bernard,2026-04-09,2026-04-12,246.51,EUR,direct,False
BK02818,FRANCESCO GARCIA,2026-04-09,2026-04-10,250.48,EUR,OTA,False
BK02819,youssef martinez,2026-04-09,2026-04-13,247.96,EUR,direct,False
BK02820,Silvia Martinez,2026-04-09,2026-04-11,231.66,EUR,OTA,False
BK02821,  Henri Klein  ,2026-04-10,2026-04-14,238.66,EUR,OTA,False
BK02822,YUKI IBRAHIM,2026-04-10,2026-04-13,234.56,EUR,OTA,False
BK02823,INGRID FERNANDEZ,2026-04-10,2026-04-12,276.7,USD,OTA,False
BK02824,SILVIA BIANCHI,2026-04-10,2026-04-11,216.73,EUR,direct,False
BK02825,laura lefevre,2026-04-11,2026-04-14,288.64,EUR,OTA,False
BK02826,camille yamamoto,2026-04-11,2026-04-12,229.09,EUR,direct,False
BK02827,  Klaus Martinez  ,2026-04-11,2026-04-14,255.02,USD,OTA,False
BK02828,AHMED AL-FARSI,2026-04-11,2026-04-14,208.82,EUR,direct,False
BK02829,Thomas Fischer,2026-04-13,2026-04-12,262.21,EUR,OTA,False
BK02830,omar fernandez,2026-04-13,2026-04-16,177.41,EUR,OTA,False
BK02831,Ingrid Fischer,2026-04-13,2026-04-15,310.42,USD,OTA,False
BK02832,nikolai ferreira,2026-04-13,2026-04-15,249.89,EUR,OTA,False
BK02833,  Elena Ferreira  ,2026-04-14,2026-04-21,253.37,EUR,OTA,False
BK02834,Astrid Greco,2026-04-14,2026-04-17,231.5,EUR,OTA,True
BK02835,Dmitri Singh,2026-04-14,2026-04-15,212.39,EUR,OTA,False
BK02836,Lucia Yamamoto,2026-04-14,2026-04-16,237.89,EUR,OTA,False
BK02837,ahmed silva,2026-04-14,2026-04-16,241.5,EUR,direct,True
BK02838,aiko schmidt,2026-04-14,2026-04-16,225.56,USD,direct,False
BK02839,Maria Ibrahim,2026-04-15,2026-04-17,215.83,EUR,direct,False
BK02840,ARJUN LOPEZ,2026-04-15,2026-04-17,217.63,EUR,OTA,False
BK02841,patricia kim,2026-04-15,2026-04-16,188.79,EUR,direct,True
BK02842,KLAUS YAMAMOTO,2026-04-15,2026-04-19,245.39,EUR,OTA,False
BK02843,Girard Francesco,2026-04-15,2026-04-17,281.74,EUR,OTA,False
BK02844,FRANCESCO SMITH,2026-04-16,2026-04-17,264.04,USD,OTA,False
BK02845,CAMILLE FERREIRA,2026-04-16,2026-04-17,250.81,EUR,OTA,False
BK02846,Bianchi Emma,2026-04-16,2026-04-19,253.22,USD,OTA,False
BK02847,  Luca Meyer  ,2026-04-17,2026-04-18,231.13,EUR,direct,False
BK02848,Kobayashi Robert,2026-04-17,2026-04-19,228.66,EUR,OTA,False
BK02849,AHMED HASSAN,2026-04-17,2026-04-24,256.26,EUR,direct,False
BK02850,hans ferrari,2026-04-17,2026-04-22,191.66,EUR,OTA,False
BK02851,olga yamamoto,2026-04-17,2026-04-19,271.95,USD,OTA,False
BK02852,  Camille Fernandez  ,2026-04-17,2026-04-19,214.23,EUR,OTA,False
BK02853,  Camille Kaczmarek  ,2026-04-17,2026-04-19,252.08,EUR,OTA,False
BK02854,david kaczmarek,2026-04-18,2026-04-19,220.58,EUR,OTA,False
BK02855,Carlos Romano,2026-04-18,2026-04-19,212.86,EUR,OTA,False
BK02856,Klaus Popov,2026-04-18,2026-04-20,259.57,EUR,OTA,True
BK02857,Costa Henri,2026-04-19,2026-04-20,239.97,EUR,direct,True
BK02858,Bernard Francesco,2026-04-19,2026-04-20,220.5,EUR,direct,False
BK02859,Giorgia Weber,2026-04-20,2026-04-21,264.94,EUR,OTA,True
BK02860,Marco Moreau,2026-04-20,2026-04-22,222.02,EUR,OTA,False
BK02861,Colombo Pierre,2026-04-20,2026-04-23,237.89,EUR,OTA,False
BK02862,MATTEO CHEN,2026-04-20,2026-04-22,188.35,EUR,OTA,False
BK02863,  Giorgia Johnson  ,2026-04-21,2026-04-23,271.52,EUR,OTA,False
BK02864,Layla Kaczmarek,2026-04-21,2026-04-22,263.76,USD,OTA,False
BK02865,Chiara Petrov,2026-04-21,2026-04-23,236.44,EUR,OTA,False
BK02866,SIMONE ESPOSITO,2026-04-21,2026-04-24,189.14,EUR,direct,False
BK02867,pierre bruno,2026-04-21,2026-04-22,279.59,EUR,OTA,False
BK02868,ROBERT RICCI,2026-04-22,2026-04-24,224.08,USD,OTA,False
BK02869,  Marco Rossi  ,2026-04-23,2026-04-24,174.77,EUR,OTA,False
BK02870,Olivia Girard,2026-04-23,2026-04-26,239.12,EUR,direct,False
BK02871,paolo muller,2026-04-23,2026-04-24,214.42,EUR,OTA,False
BK02872,Youssef Greco,2026-04-24,2026-04-27,209.76,EUR,direct,False
BK02873,Carlos Schmidt,2026-04-24,2026-04-25,215.72,EUR,OTA,True
BK02874,anna fischer,2026-04-24,2026-04-25,208.96,USD,OTA,False
BK02875,nikolai muller,2026-04-24,2026-04-28,253.09,USD,direct,False
BK02876,  Sara Kumar  ,2026-04-24,2026-04-27,221.07,EUR,OTA,False
BK02877,Klaus Suzuki,2026-04-24,2026-04-25,174.59,USD,direct,False
BK02878,Hans Al-Rashid,2026-04-24,2026-04-24,183.39,EUR,direct,False
BK02879,CHARLOTTE FERNANDEZ,2026-04-25,2026-04-27,234.07,EUR,OTA,False
BK02880,olga sharma,2026-04-25,2026-04-28,236.78,EUR,OTA,False
BK02881,ANNA SOKOLOV,2026-04-25,2026-04-29,243.61,EUR,OTA,False
BK02882,MATTEO LEFEVRE,2026-04-25,2026-04-26,211.72,USD,OTA,False
BK02883,  William Leroy  ,2026-04-26,2026-04-28,225.17,EUR,OTA,False
BK02884,GIULIA DUBOIS,2026-04-26,2026-04-28,285.56,EUR,OTA,False
BK02885,Smith Marie,2026-04-26,2026-04-28,263.27,EUR,direct,False
BK02886,Nilsson Sara,2026-04-27,2026-04-28,214.34,EUR,OTA,False
BK02887,Luca Patel,2026-04-27,2026-05-02,260.85,USD,direct,True
BK02888,  Lucia Silva  ,2026-04-28,2026-04-29,262.53,EUR,OTA,False
BK02889,ahmed rossi,2026-04-28,2026-04-29,224.69,USD,OTA,False
BK02890,ALESSANDRO GRECO,2026-04-28,2026-04-29,234.51,EUR,direct,False
BK02891,AHMED LEROY,2026-04-28,2026-04-29,240.04,EUR,OTA,False
BK02892,Pierre Sharma,2026-04-29,2026-05-01,230.09,EUR,OTA,True
BK02893,AMELIA NOVAK,2026-04-29,2026-05-03,229.54,EUR,direct,False
BK02894,Kenji Singh,2026-04-29,2026-05-01,196.91,EUR,OTA,True
BK02895,  Dmitri Weber  ,2026-04-29,2026-04-30,221.89,EUR,direct,False
BK02896,Lucia Kaczmarek,2026-04-29,2026-05-04,195.86,EUR,OTA,False
BK02897,ROBERT MARINO,2026-04-29,2026-05-01,205.47,EUR,OTA,False
BK02898,  Valentina Wagner  ,2026-04-30,2026-05-02,203.02,EUR,OTA,False
BK02899,Sophie Ferrari,2026-04-30,2026-05-02,272.06,EUR,OTA,False
BK02900,Simone Nakamura,2026-04-30,2026-05-01,286.92,USD,OTA,False
BK02901,youssef patel,2026-04-30,2026-05-02,260.28,EUR,OTA,False
BK02902,Luca Marino,2026-04-30,2026-05-04,271.76,USD,OTA,False
BK02903,Layla Patel,2026-05-01,2026-05-02,287.44,EUR,OTA,False
BK02904,Patricia Petrov,2026-05-01,2026-05-02,292.51,EUR,OTA,False
BK02905,KENJI DUBOIS,2026-05-01,2026-05-02,162.56,USD,OTA,True
BK02906,ALESSANDRO SMITH,2026-05-01,2026-05-03,238.11,EUR,OTA,False
BK02907,federica lefevre,2026-05-02,2026-05-05,181.73,EUR,direct,False
BK02908,Schmidt Youssef,2026-05-02,2026-05-03,198.42,EUR,OTA,False
BK02909,klaus lefevre,2026-05-02,2026-05-06,248.83,EUR,direct,False
BK02910,henri hassan,2026-05-03,2026-05-04,272.2,EUR,OTA,False
BK02911,Olivia Nowak,2026-05-03,2026-05-05,237.12,USD,OTA,False
BK02912,Fernandez Robert,2026-05-03,2026-05-04,252.46,EUR,OTA,False
BK02913,KENJI MARINO,2026-05-03,2026-05-05,234.57,EUR,OTA,False
BK02914,Federica Ibrahim,2026-05-03,2026-05-04,231.53,EUR,OTA,False
BK02915,James Smith,2026-05-04,2026-05-05,236.61,EUR,direct,False
BK02916,james sharma,2026-05-04,2026-05-05,292.17,USD,OTA,False
BK02917,Petrov Klaus,2026-05-04,2026-05-05,252.47,USD,direct,False
BK02918,AIKO GRECO,2026-05-04,2026-05-05,238.48,EUR,OTA,False
BK02919,  Henri Popov  ,2026-05-04,2026-05-05,282.56,EUR,OTA,True
BK02920,john fernandez,2026-05-04,2026-05-11,238.92,EUR,OTA,False
BK02921,Layla Chen,2026-05-05,2026-05-06,196.84,EUR,direct,False
BK02922,  Ananya Johnson  ,2026-05-05,2026-05-06,189.88,USD,OTA,False
BK02923,HENRI JOHNSON,2026-05-05,2026-05-07,244.09,EUR,OTA,False
BK02924,Sophie Chen,2026-05-05,2026-05-06,225.27,EUR,direct,True
BK02925,ERIK HASSAN,2026-05-05,2026-05-06,224.75,EUR,OTA,False
BK02926,LUCIA SOKOLOV,2026-05-05,2026-05-06,224.63,EUR,direct,False
BK02927,lucia kumar,2026-05-06,2026-05-09,213.81,EUR,direct,False
BK02928,Astrid Moreau,2026-05-07,2026-05-10,236.36,EUR,OTA,False
BK02929,ASTRID NOWAK,2026-05-07,2026-05-08,254.59,EUR,direct,False
BK02930,Anna Ricci,2026-05-07,2026-05-10,218.71,EUR,OTA,False
BK02931,Federica Nakamura,2026-05-07,2026-05-08,219.06,EUR,OTA,True
BK02932,silvia greco,2026-05-07,2026-05-09,230.71,USD,direct,False
BK02933,Ananya Popov,2026-05-07,2026-05-09,248.63,EUR,direct,False
BK02934,Sara Lopez,2026-05-07,2026-05-13,277.47,EUR,direct,False
BK02935,FEDERICA SHARMA,2026-05-08,2026-05-10,251.69,EUR,OTA,False
BK02936,GIULIA IVANOV,2026-05-08,2026-05-09,260.8,EUR,OTA,False
BK02937,Giulia Weber,2026-05-08,2026-05-10,239.24,USD,OTA,False
BK02938,James Weber,2026-05-09,2026-05-11,265.94,EUR,OTA,False
BK02939,SOPHIE ESPOSITO,2026-05-09,2026-05-10,219.96,EUR,direct,True
BK02940,Sara Al-Rashid,2026-05-09,2026-05-10,251.66,USD,OTA,False
BK02941,amelia fernandez,2026-05-09,2026-05-10,255.9,USD,direct,False
BK02942,FATIMA GIRARD,2026-05-09,2026-05-11,193.63,EUR,OTA,False
BK02943,Robert Chen,2026-05-09,2026-05-12,228.33,EUR,OTA,False
BK02944,olivia moreau,2026-05-09,2026-05-10,261.12,EUR,OTA,False
BK02945,  Elena Romano  ,2026-05-10,2026-05-13,211.13,EUR,direct,False
BK02946,MATTEO COLOMBO,2026-05-10,2026-05-11,229.88,EUR,OTA,False
BK02947,  Luca Nowak  ,2026-05-10,2026-05-12,243.01,EUR,direct,False
BK02948,Fatima Costa,2026-05-10,2026-05-11,244.14,EUR,direct,True
BK02949,Astrid Fernandez,2026-05-10,2026-05-13,300.61,EUR,OTA,False
BK02950,  Federica Kim  ,2026-05-10,2026-05-11,254.66,EUR,OTA,False
BK02951,Fatima Kim,2026-05-10,2026-05-11,294.28,USD,OTA,False
BK02952,Chiara Popov,2026-05-10,2026-05-13,202.52,EUR,direct,False
BK02953,laura tanaka,2026-05-10,2026-05-11,252.42,EUR,OTA,False
BK02954,Hans Moreau,2026-05-11,2026-05-13,197.39,EUR,direct,False
BK02955,Robert Yamamoto,2026-05-11,2026-05-12,222.74,EUR,OTA,False
BK02956,amelia martinez,2026-05-12,2026-05-13,246.46,EUR,OTA,False
BK02957,YUKI WAGNER,2026-05-13,2026-05-14,241.25,EUR,OTA,False
BK02958,priya kowalski,2026-05-13,2026-05-16,238.17,EUR,OTA,False
BK02959,FRANCESCO NILSSON,2026-05-13,2026-05-17,234.45,USD,OTA,False
BK02960,Alessandro Watanabe,2026-05-13,2026-05-14,301.08,USD,direct,True
BK02961,  Luca Ferreira  ,2026-05-13,2026-05-17,259.04,EUR,OTA,False
BK02962,Tanaka William,2026-05-14,2026-05-15,182.48,EUR,OTA,False
BK02963,ALESSANDRO FERNANDEZ,2026-05-14,2026-05-17,249.6,EUR,OTA,False
BK02964,  Yuki Kowalski  ,2026-05-14,2026-05-17,216.77,EUR,OTA,False
BK02965,Hans Klein,2026-05-14,2026-05-14,227.45,USD,OTA,False
BK02966,  Arjun Colombo  ,2026-05-14,2026-05-18,194.53,EUR,direct,False
BK02967,andrea kumar,2026-05-15,2026-05-16,226.52,EUR,direct,False
BK02968,  Francesco Bruno  ,2026-05-15,2026-05-21,246.66,USD,OTA,False
BK02969,Ekaterina Schmidt,2026-05-15,2026-05-17,248.02,USD,OTA,False
BK02970,YOUSSEF MARINO,2026-05-15,2026-05-17,232.7,EUR,OTA,False
BK02971,luca petrov,2026-05-16,2026-05-19,240.26,USD,OTA,False
BK02972,Weber Pierre,2026-05-16,2026-05-18,275.35,EUR,OTA,False
BK02973,GIULIA KUMAR,2026-05-17,2026-05-20,193.43,EUR,OTA,False
BK02974,arjun watanabe,2026-05-17,2026-05-20,269.04,USD,OTA,False
BK02975,  Valentina Kim  ,2026-05-17,2026-05-18,251.07,EUR,OTA,False
BK02976,robert garcia,2026-05-17,2026-05-18,215.56,EUR,OTA,False
BK02977,ANDREA AL-RASHID,2026-05-17,2026-05-25,247.15,EUR,OTA,False
BK02978,lucia novak,2026-05-17,2026-05-20,200.02,EUR,direct,False
BK02979,  Klaus Fischer  ,2026-05-17,2026-05-18,257.42,EUR,OTA,False
BK02980,ELENA GIRARD,2026-05-18,2026-05-21,227.77,EUR,OTA,False
BK02981,henri ferreira,2026-05-18,2026-05-21,227.22,EUR,OTA,False
BK02982,john silva,2026-05-18,2026-05-20,219.45,EUR,direct,False
BK02983,HENRI SHARMA,2026-05-18,2026-05-20,253.83,EUR,direct,False
BK02984,Pierre Fischer,2026-05-18,2026-05-19,270.66,EUR,OTA,False
BK02985,Sara Romano,2026-05-19,2026-05-20,249.59,USD,direct,False
BK02986,Matteo Martinez,2026-05-19,2026-05-21,230.96,EUR,OTA,False
BK02987,Garcia Henri,2026-05-19,2026-05-21,259.94,EUR,direct,False
BK02988,Robert Patel,2026-05-20,2026-05-21,247.7,EUR,OTA,False
BK02989,ISABELLA ROMANO,2026-05-20,2026-05-21,231.03,EUR,direct,False
BK02990,james bernard,2026-05-20,2026-05-22,255.39,USD,direct,False
BK02991,Matteo Wagner,2026-05-20,2026-05-26,254.07,EUR,OTA,False
BK02992,Nikolai Yamamoto,2026-05-20,2026-05-22,201.84,EUR,direct,False
BK02993,Emma Martinez,2026-05-21,2026-05-22,249.12,EUR,direct,False
BK02994,astrid yamamoto,2026-05-21,2026-05-24,243.85,EUR,OTA,False
BK02995,Fatima Ferreira,2026-05-21,2026-05-23,289.88,EUR,OTA,False
BK02996,Pierre Lopez,2026-05-21,2026-05-23,262.37,EUR,direct,False
BK02997,Diego Singh,2026-05-21,2026-05-25,167.35,EUR,OTA,False
BK02998,DIEGO IBRAHIM,2026-05-22,2026-05-25,229.91,EUR,OTA,True
BK02999,Popov Giulia,2026-05-22,2026-05-25,224.66,EUR,OTA,False
BK03000,arjun kumar,2026-05-22,2026-05-23,198.43,EUR,direct,False
BK03001,Silvia Marino,2026-05-22,2026-05-24,237.95,EUR,OTA,False
BK03002,HANS GARCIA,2026-05-23,2026-05-27,219.45,EUR,OTA,False
BK03003,fatima chen,2026-05-23,2026-05-24,223.59,EUR,direct,False
BK03004,Aiko Smith,2026-05-23,2026-05-24,236.71,EUR,direct,False
BK03005,Aiko Petrov,2026-05-23,2026-05-25,291.9,USD,OTA,False
BK03006,Elena Kobayashi,2026-05-23,2026-05-24,258.67,USD,OTA,False
BK03007,emma ricci,2026-05-23,2026-05-25,272.67,EUR,direct,False
BK03008,Luca Kim,2026-05-24,2026-05-28,236.54,USD,OTA,False
BK03009,Girard Omar,2026-05-24,2026-05-27,249.26,EUR,OTA,False
BK03010,Yuki Kumar,2026-05-24,2026-05-25,266.51,EUR,OTA,False
BK03011,CARLOS WEBER,2026-05-25,2026-05-26,212.03,EUR,OTA,False
BK03012,ANANYA GIRARD,2026-05-25,2026-06-05,246.99,USD,OTA,False
BK03013,priya ricci,2026-05-26,2026-05-29,224.54,EUR,OTA,False
BK03014,PAOLO RICCI,2026-05-26,2026-05-28,266.01,EUR,direct,False
BK03015,Ahmed Ferreira,2026-05-26,2026-05-29,242.11,USD,OTA,False
BK03016,JOHN FERRARI,2026-05-26,2026-05-27,211.1,EUR,OTA,False
BK03017,Nikolai Moreau,2026-05-26,2026-05-27,220.95,EUR,OTA,False
BK03018,Francesco Al-Rashid,2026-05-26,2026-05-27,238.78,USD,direct,False
BK03019,klaus kumar,2026-05-26,2026-05-28,246.55,EUR,direct,False
BK03020,ARJUN POPOV,2026-05-26,2026-05-26,227.92,EUR,OTA,False
BK03021,William Esposito,2026-05-26,2026-06-01,153.76,USD,direct,False
BK03022,YOUSSEF FERNANDEZ,2026-05-27,2026-05-29,216.51,EUR,OTA,False
BK03023,Moreau Federica,2026-05-28,2026-05-30,223.04,EUR,OTA,False
BK03024,nikolai greco,2026-05-28,2026-05-29,290.43,EUR,OTA,False
BK03025,  Nikolai Nilsson  ,2026-05-28,2026-06-01,200.37,EUR,OTA,False
BK03026,FATIMA GRECO,2026-05-29,2026-05-30,263.91,USD,OTA,False
BK03027,Yuki Johnson,2026-05-29,2026-06-02,219.86,EUR,direct,False
BK03028,  Omar Kaczmarek  ,2026-05-30,2026-06-01,249.34,EUR,OTA,False
BK03029,Marino Simone,2026-05-30,2026-06-01,244.45,EUR,OTA,False
BK03030,THOMAS KLEIN,2026-05-30,2026-06-01,208.78,EUR,OTA,False
BK03031,YOUSSEF SMITH,2026-05-31,2026-06-02,271.97,EUR,direct,False
BK03032,Johnson Giorgia,2026-05-31,2026-06-02,207.16,USD,direct,False
BK03033,Elena Wagner,2026-05-31,2026-06-02,261.79,USD,OTA,False
BK03034,Andrea Novak,2026-06-01,2026-06-04,412.08,EUR,OTA,False
BK03035,MARIE KOWALSKI,2026-06-01,2026-06-03,380.44,EUR,OTA,False
BK03036,Henri Chen,2026-06-01,2026-06-05,369.63,EUR,direct,False
BK03037,  Chiara Esposito  ,2026-06-01,2026-06-06,333.79,EUR,OTA,True
BK03038,Hans Esposito,2026-06-02,2026-06-03,398.61,EUR,direct,True
BK03039,olga muller,2026-06-02,2026-06-03,450.83,EUR,OTA,False
BK03040,  Kenji Watanabe  ,2026-06-02,2026-06-06,419.29,EUR,direct,False
BK03041,Kobayashi Olivia,2026-06-02,2026-06-05,478.73,EUR,OTA,False
BK03042,PRIYA SHARMA,2026-06-02,2026-06-05,494.91,EUR,direct,False
BK03043,Priya Watanabe,2026-06-02,2026-06-05,442.37,EUR,direct,False
BK03044,YOUSSEF ESPOSITO,2026-06-02,2026-06-05,440.87,EUR,OTA,False
BK03045,HENRI AL-RASHID,2026-06-02,2026-06-05,462.58,EUR,OTA,False
BK03046,THOMAS SMITH,2026-06-03,2026-06-06,417.0,EUR,direct,False
BK03047,  Maria Garcia  ,2026-06-03,2026-06-05,432.43,USD,direct,False
BK03048,Romano Klaus,2026-06-03,2026-06-05,426.86,EUR,OTA,False
BK03049,Nowak Fatima,2026-06-03,2026-06-08,421.7,EUR,OTA,False
BK03050,VALENTINA COSTA,2026-06-03,2026-06-05,410.37,EUR,direct,False
BK03051,  Layla Novak  ,2026-06-03,2026-06-09,402.52,USD,OTA,False
BK03052,olga ibrahim,2026-06-03,2026-06-05,384.7,EUR,OTA,False
BK03053,John Patel,2026-06-03,2026-06-07,479.21,EUR,direct,False
BK03054,Yamamoto Arjun,2026-06-03,2026-06-04,448.51,EUR,direct,False
BK03055,Leroy Klaus,2026-06-04,2026-06-09,474.17,EUR,direct,True
BK03056,ANNA SUZUKI,2026-06-04,2026-06-07,473.72,EUR,direct,False
BK03057,  Nikolai Ivanov  ,2026-06-04,2026-06-06,443.88,EUR,direct,False
BK03058,Kowalski Camille,2026-06-04,2026-06-06,414.51,EUR,OTA,False
BK03059,YOUSSEF AL-RASHID,2026-06-04,2026-06-09,393.68,EUR,direct,False
BK03060,Emma Popov,2026-06-04,2026-06-05,429.3,EUR,OTA,False
BK03061,Francesco Romano,2026-06-04,2026-06-08,377.91,EUR,direct,False
BK03062,LUCA CONTI,2026-06-04,2026-06-10,371.77,EUR,OTA,False
BK03063,laura patel,2026-06-04,2026-06-07,444.67,EUR,OTA,False
BK03064,  Erik Watanabe  ,2026-06-04,2026-06-06,437.46,USD,direct,False
BK03065,alessandro girard,2026-06-05,2026-06-06,469.0,EUR,direct,False
BK03066,  Marie Klein  ,2026-06-05,2026-06-11,429.4,EUR,direct,False
BK03067,erik girard,2026-06-05,2026-06-08,427.68,EUR,direct,False
BK03068,Jean Chen,2026-06-05,2026-06-08,363.46,EUR,direct,True
BK03069,ISABELLA BIANCHI,2026-06-05,2026-06-11,364.28,EUR,OTA,False
BK03070,FRANCESCO FERREIRA,2026-06-05,2026-06-08,379.88,EUR,OTA,False
BK03071,john rossi,2026-06-05,2026-06-07,474.53,EUR,direct,False
BK03072,Charlotte Rossi,2026-06-06,2026-06-08,448.21,EUR,OTA,False
BK03073,FATIMA AL-FARSI,2026-06-06,2026-06-08,439.5,EUR,OTA,False
BK03074,AIKO AL-FARSI,2026-06-06,2026-06-06,392.1,EUR,OTA,False
BK03075,carlos garcia,2026-06-06,2026-06-09,428.54,EUR,direct,False
BK03076,  Arjun Sharma  ,2026-06-06,2026-06-08,437.15,EUR,OTA,False
BK03077,giorgia bruno,2026-06-06,2026-06-11,375.47,EUR,OTA,True
BK03078,Jean Weber,2026-06-06,2026-06-09,417.15,EUR,direct,False
BK03079,  Giorgia Colombo  ,2026-06-06,2026-06-08,420.0,EUR,OTA,False
BK03080,  Yuki Silva  ,2026-06-07,2026-06-09,456.32,EUR,OTA,False
BK03081,HANS RICCI,2026-06-07,2026-06-08,385.4,EUR,direct,False
BK03082,patricia novak,2026-06-07,2026-06-08,474.5,EUR,OTA,False
BK03083,olga kowalski,2026-06-07,2026-06-07,403.95,EUR,direct,False
BK03084,  Valentina Tanaka  ,2026-06-08,2026-06-10,439.52,USD,direct,False
BK03085,Marie Kaczmarek,2026-06-08,2026-06-09,371.62,EUR,OTA,False
BK03086,Emma Rossi,2026-06-08,2026-06-10,384.85,EUR,direct,False
BK03087,Arjun Ivanov,2026-06-08,2026-06-11,425.88,EUR,OTA,False
BK03088,Ibrahim Pierre,2026-06-08,2026-06-12,459.7,EUR,OTA,False
BK03089,Thomas Ivanov,2026-06-08,2026-06-12,459.36,EUR,OTA,False
BK03090,Federica Fernandez,2026-06-08,2026-06-12,431.11,EUR,direct,False
BK03091,Isabella Klein,2026-06-08,2026-06-12,450.18,EUR,OTA,False
BK03092,  Fatima Martinez  ,2026-06-08,2026-06-13,419.25,USD,OTA,False
BK03093,  Astrid Muller  ,2026-06-09,2026-06-11,320.63,EUR,direct,False
BK03094,thomas sharma,2026-06-09,2026-06-11,417.91,EUR,OTA,False
BK03095,William Kaczmarek,2026-06-09,2026-06-13,410.38,EUR,OTA,True
BK03096,aiko kowalski,2026-06-09,2026-06-10,453.82,EUR,OTA,False
BK03097,James Bianchi,2026-06-09,2026-06-13,396.25,EUR,OTA,False
BK03098,LAURA BERNARD,2026-06-10,2026-06-11,397.69,EUR,direct,False
BK03099,youssef suzuki,2026-06-10,2026-06-12,363.6,EUR,direct,False
BK03100,Esposito Alessandro,2026-06-10,2026-06-16,371.18,EUR,OTA,False
BK03101,  Omar Smith  ,2026-06-10,2026-06-14,414.16,EUR,direct,False
BK03102,Simone Greco,2026-06-10,2026-06-16,378.44,EUR,direct,False
BK03103,SARA KLEIN,2026-06-10,2026-06-16,463.68,EUR,OTA,False
BK03104,MARIE KIM,2026-06-10,2026-06-15,447.38,EUR,OTA,False
BK03105,Paolo Ivanov,2026-06-10,2026-06-15,452.92,EUR,OTA,False
BK03106,Aiko Garcia,2026-06-10,2026-06-14,437.98,EUR,OTA,False
BK03107,thomas greco,2026-06-10,2026-06-13,410.21,EUR,direct,False
BK03108,Andrea Suzuki,2026-06-11,2026-06-14,424.91,EUR,OTA,False
BK03109,youssef ferrari,2026-06-11,2026-06-22,479.75,EUR,OTA,False
BK03110,ELENA SUZUKI,2026-06-11,2026-06-17,386.3,EUR,OTA,False
BK03111,Maria Dubois,2026-06-11,2026-06-13,462.68,EUR,OTA,False
BK03112,youssef meyer,2026-06-11,2026-06-13,403.55,EUR,direct,False
BK03113,  Ingrid Garcia  ,2026-06-11,2026-06-13,444.64,EUR,direct,False
BK03114,  Federica Lopez  ,2026-06-11,2026-06-14,496.59,EUR,direct,False
BK03115,Charlotte Singh,2026-06-11,2026-06-16,475.37,EUR,OTA,True
BK03116,KLAUS KOBAYASHI,2026-06-11,2026-06-15,462.58,EUR,OTA,False
BK03117,Silva Chiara,2026-06-11,2026-06-13,401.78,EUR,direct,False
BK03118,DIEGO PETROV,2026-06-11,2026-06-14,361.55,EUR,direct,False
BK03119,Rossi Kenji,2026-06-12,2026-06-15,396.8,EUR,OTA,False
BK03120,maria popov,2026-06-12,2026-06-15,506.66,EUR,OTA,True
BK03121,layla romano,2026-06-12,2026-06-15,439.53,EUR,OTA,False
BK03122,MARIA FISCHER,2026-06-12,2026-06-18,416.57,EUR,OTA,False
BK03123,nikolai nakamura,2026-06-12,2026-06-17,414.14,EUR,OTA,False
BK03124,EKATERINA NOWAK,2026-06-12,2026-06-16,423.01,EUR,OTA,False
BK03125,CAMILLE ESPOSITO,2026-06-12,2026-06-15,412.8,EUR,direct,False
BK03126,SILVIA IBRAHIM,2026-06-12,2026-06-15,450.13,USD,OTA,False
BK03127,  Elena Fischer  ,2026-06-13,2026-06-15,378.76,USD,direct,False
BK03128,  Priya Martinez  ,2026-06-13,2026-06-19,406.02,EUR,direct,False
BK03129,DIEGO NAKAMURA,2026-06-13,2026-06-15,406.24,EUR,direct,False
BK03130,Giorgia Kobayashi,2026-06-13,2026-06-17,405.03,EUR,direct,True
BK03131,Elena Park,2026-06-13,2026-06-15,410.9,EUR,direct,True
BK03132,Rossi James,2026-06-13,2026-06-14,464.99,EUR,direct,False
BK03133,GIORGIA MARINO,2026-06-14,2026-06-17,427.88,USD,direct,False
BK03134,  Elena Watanabe  ,2026-06-14,2026-06-16,381.7,EUR,direct,False
BK03135,klaus esposito,2026-06-14,2026-06-17,389.57,EUR,direct,False
BK03136,  Marco Ibrahim  ,2026-06-14,2026-06-19,389.78,USD,OTA,True
BK03137,arjun fernandez,2026-06-14,2026-06-18,433.14,EUR,direct,False
BK03138,Patel Olga,2026-06-14,2026-06-16,417.75,EUR,OTA,False
BK03139,  Andrea Yamamoto  ,2026-06-14,2026-06-18,471.64,EUR,OTA,False
BK03140,Sokolov Erik,2026-06-15,2026-06-18,434.83,EUR,OTA,True
BK03141,david ricci,2026-06-15,2026-06-23,439.06,EUR,direct,False
BK03142,Romano Marco,2026-06-15,2026-06-21,437.37,EUR,direct,False
BK03143,  Jean Novak  ,2026-06-15,2026-06-16,451.84,EUR,OTA,False
BK03144,dmitri novak,2026-06-15,2026-06-19,410.92,EUR,direct,False
BK03145,  David Moreau  ,2026-06-15,2026-06-17,510.79,EUR,direct,False
BK03146,David Popov,2026-06-15,2026-06-19,483.97,USD,OTA,False
BK03147,  Emma Kaczmarek  ,2026-06-15,2026-06-17,418.28,EUR,OTA,False
BK03148,Fatima Nilsson,2026-06-15,2026-06-20,427.52,EUR,direct,False
BK03149,ingrid johnson,2026-06-15,2026-06-19,430.22,EUR,direct,True
BK03150,Carlos Lopez,2026-06-16,2026-06-22,461.32,EUR,OTA,False
BK03151,Nikolai Girard,2026-06-16,2026-06-18,359.41,EUR,direct,True
BK03152,elena schmidt,2026-06-16,2026-06-19,412.89,EUR,OTA,False
BK03153,william al-farsi,2026-06-16,2026-06-18,386.07,EUR,OTA,False
BK03154,Carlos Yamamoto,2026-06-16,2026-06-18,372.25,EUR,direct,False
BK03155,Layla Ibrahim,2026-06-16,2026-06-20,426.64,EUR,direct,False
BK03156,ERIK LEFEVRE,2026-06-16,2026-06-19,491.04,EUR,OTA,False
BK03157,Ahmed Colombo,2026-06-16,2026-06-23,440.42,EUR,OTA,False
BK03158,Silvia Lefevre,2026-06-16,2026-06-20,421.17,EUR,direct,False
BK03159,LUCIA RICCI,2026-06-17,2026-06-21,404.33,USD,OTA,False
BK03160,Layla Suzuki,2026-06-17,2026-06-20,446.53,USD,OTA,False
BK03161,Weber Sara,2026-06-17,2026-06-21,410.75,EUR,direct,False
BK03162,Bruno Diego,2026-06-17,2026-06-21,423.12,EUR,OTA,False
BK03163,Hans Dubois,2026-06-17,2026-06-24,407.98,EUR,direct,False
BK03164,  Paolo Ferrari  ,2026-06-18,2026-06-23,398.89,EUR,direct,False
BK03165,Francesco Patel,2026-06-18,2026-06-22,452.77,EUR,direct,False
BK03166,camille watanabe,2026-06-18,2026-06-24,399.13,EUR,direct,False
BK03167,PIERRE GIRARD,2026-06-18,2026-06-23,342.96,EUR,direct,False
BK03168,laura nilsson,2026-06-18,2026-06-21,351.67,USD,direct,False
BK03169,OMAR SINGH,2026-06-19,2026-06-22,440.81,EUR,OTA,False
BK03170,  Giulia Kowalski  ,2026-06-19,2026-06-23,366.17,EUR,direct,False
BK03171,Henri Marino,2026-06-19,2026-06-23,512.95,EUR,OTA,False
BK03172,  Fatima Conti  ,2026-06-19,2026-06-24,362.7,EUR,OTA,False
BK03173,KLAUS LEROY,2026-06-19,2026-06-21,464.13,EUR,direct,False
BK03174,robert dubois,2026-06-19,2026-06-21,376.67,EUR,direct,False
BK03175,  Paolo Romano  ,2026-06-19,2026-06-22,477.26,EUR,OTA,False
BK03176,  Emma Nowak  ,2026-06-19,2026-06-23,420.08,USD,direct,False
BK03177,CHARLOTTE GARCIA,2026-06-19,2026-06-23,523.29,EUR,OTA,False
BK03178,Marie Costa,2026-06-19,2026-06-21,440.43,EUR,direct,False
BK03179,Camille Sokolov,2026-06-20,2026-06-25,462.03,USD,direct,False
BK03180,  Isabella Kim  ,2026-06-20,2026-06-25,400.26,EUR,direct,False
BK03181,PAOLO WATANABE,2026-06-20,2026-06-22,431.56,USD,OTA,False
BK03182,WILLIAM COLOMBO,2026-06-20,2026-06-24,425.75,EUR,direct,False
BK03183,FATIMA MEYER,2026-06-20,2026-06-22,445.24,EUR,OTA,False
BK03184,Anna Fischer,2026-06-20,2026-06-25,448.76,EUR,direct,True
BK03185,emma marino,2026-06-20,2026-06-20,409.78,USD,direct,False
BK03186,Sara Smith,2026-06-20,2026-06-21,458.67,EUR,OTA,False
BK03187,sophie kowalski,2026-06-21,2026-06-24,488.93,EUR,direct,False
BK03188,SILVIA AL-RASHID,2026-06-21,2026-06-23,380.3,USD,direct,False
BK03189,Johnson William,2026-06-21,2026-06-24,416.61,EUR,direct,False
BK03190,camille meyer,2026-06-21,2026-06-23,400.81,EUR,OTA,False
BK03191,Garcia Federica,2026-06-21,2026-06-25,451.1,EUR,direct,False
BK03192,hans muller,2026-06-21,2026-06-24,419.33,EUR,OTA,False
BK03193,fatima kowalski,2026-06-22,2026-06-25,420.78,EUR,OTA,True
BK03194,Marco Colombo,2026-06-22,2026-06-24,457.61,EUR,OTA,False
BK03195,  Fatima Girard  ,2026-06-22,2026-06-23,369.3,EUR,direct,False
BK03196,Amelia Johnson,2026-06-23,2026-06-25,382.93,EUR,direct,False
BK03197,  Lucia Bernard  ,2026-06-23,2026-06-24,404.53,EUR,OTA,False
BK03198,  Emma Fischer  ,2026-06-23,2026-06-26,329.89,EUR,direct,False
BK03199,  Astrid Nakamura  ,2026-06-23,2026-06-28,425.93,EUR,OTA,False
BK03200,  Olga Marino  ,2026-06-23,2026-06-25,403.42,EUR,OTA,False
BK03201,Ahmed Muller,2026-06-23,2026-06-25,358.29,EUR,direct,False
BK03202,  Pierre Silva  ,2026-06-23,2026-06-25,435.2,EUR,OTA,False
BK03203,Olivia Klein,2026-06-23,2026-06-26,405.71,EUR,direct,False
BK03204,  Andrea Watanabe  ,2026-06-23,2026-06-28,391.28,USD,direct,False
BK03205,Meyer Emma,2026-06-23,2026-06-25,370.79,EUR,OTA,False
BK03206,  Ekaterina Johnson  ,2026-06-24,2026-06-26,351.27,EUR,OTA,True
BK03207,  Ananya Tanaka  ,2026-06-24,2026-06-27,448.52,USD,OTA,False
BK03208,Anna Schmidt,2026-06-24,2026-06-27,399.99,EUR,OTA,False
BK03209,Marie Fischer,2026-06-24,2026-06-28,436.09,EUR,direct,False
BK03210,Wagner Camille,2026-06-24,2026-06-29,441.31,EUR,OTA,False
BK03211,olga rossi,2026-06-24,2026-06-28,391.83,EUR,OTA,False
BK03212,ALESSANDRO PETROV,2026-06-24,2026-06-27,432.12,EUR,OTA,False
BK03213,Muller Alessandro,2026-06-24,2026-06-29,464.77,EUR,OTA,False
BK03214,AMELIA WEBER,2026-06-24,2026-06-26,455.46,EUR,direct,False
BK03215,maria rossi,2026-06-24,2026-06-28,489.2,USD,OTA,False
BK03216,  Fatima Chen  ,2026-06-24,2026-06-26,448.33,EUR,OTA,False
BK03217,Francesco Kim,2026-06-24,2026-06-27,426.16,EUR,direct,False
BK03218,ASTRID FERRARI,2026-06-24,2026-06-24,453.8,EUR,direct,False
BK03219,HENRI YAMAMOTO,2026-06-24,2026-06-26,394.36,EUR,direct,True
BK03220,alessandro johnson,2026-06-25,2026-06-29,438.21,EUR,direct,False
BK03221,fatima patel,2026-06-25,2026-06-28,415.22,USD,direct,False
BK03222,Patricia Novak,2026-06-25,2026-06-26,459.6,EUR,OTA,False
BK03223,Olga Tanaka,2026-06-25,2026-06-29,394.64,EUR,OTA,False
BK03224,JEAN FERREIRA,2026-06-25,2026-06-28,426.88,USD,direct,True
BK03225,Elena Yamamoto,2026-06-25,2026-06-30,503.46,EUR,OTA,False
BK03226,Matteo Johnson,2026-06-25,2026-06-29,385.45,EUR,OTA,False
BK03227,Jean Lefevre,2026-06-25,2026-06-28,496.21,EUR,OTA,False
BK03228,Lefevre David,2026-06-25,2026-06-30,421.02,EUR,direct,False
BK03229,Lucia Andersen,2026-06-26,2026-07-02,457.33,EUR,direct,False
BK03230,  Federica Novak  ,2026-06-26,2026-06-30,411.94,EUR,direct,False
BK03231,PIERRE GARCIA,2026-06-26,2026-06-30,405.98,EUR,direct,False
BK03232,dmitri ivanov,2026-06-26,2026-07-01,408.42,EUR,OTA,False
BK03233,david hassan,2026-06-26,2026-06-29,395.49,EUR,direct,False
BK03234,Jean Muller,2026-06-26,2026-06-29,508.4,EUR,OTA,False
BK03235,YOUSSEF IBRAHIM,2026-06-26,2026-06-28,374.59,EUR,OTA,False
BK03236,Emma Kobayashi,2026-06-26,2026-06-30,444.38,USD,OTA,False
BK03237,  Olivia Romano  ,2026-06-26,2026-06-28,428.29,EUR,direct,False
BK03238,YUKI BRUNO,2026-06-26,2026-06-28,354.98,USD,OTA,False
BK03239,HANS MEYER,2026-06-27,2026-07-01,467.21,EUR,OTA,False
BK03240,Andrea Costa,2026-06-27,2026-07-02,455.82,EUR,OTA,False
BK03241,simone singh,2026-06-27,2026-06-29,351.89,EUR,OTA,False
BK03242,  William Costa  ,2026-06-27,2026-06-29,380.16,EUR,OTA,False
BK03243,robert kowalski,2026-06-27,2026-06-28,407.74,USD,OTA,False
BK03244,ANNA MARINO,2026-06-27,2026-07-01,451.64,EUR,OTA,False
BK03245,Kobayashi Erik,2026-06-27,2026-07-01,395.74,EUR,direct,False
BK03246,HENRI BRUNO,2026-06-27,2026-06-29,388.3,USD,direct,False
BK03247,  Arjun Girard  ,2026-06-28,2026-07-02,434.43,EUR,OTA,False
BK03248,  Marco Al-Rashid  ,2026-06-28,2026-07-01,372.48,EUR,direct,False
BK03249,Anna Hassan,2026-06-28,2026-07-01,462.49,EUR,OTA,False
BK03250,  Astrid Andersen  ,2026-06-28,2026-07-01,492.6,EUR,OTA,True
BK03251,Ananya Wagner,2026-06-28,2026-07-01,506.86,EUR,OTA,False
BK03252,MARIA KLEIN,2026-06-29,2026-06-30,410.31,USD,direct,True
BK03253,Dmitri Watanabe,2026-06-29,2026-07-01,420.37,EUR,OTA,False
BK03254,Matteo Klein,2026-06-29,2026-07-01,377.52,USD,direct,False
BK03255,LAYLA GRECO,2026-06-29,2026-07-03,354.87,EUR,OTA,False
BK03256,Al-Farsi Diego,2026-06-29,2026-07-01,402.85,EUR,direct,False
BK03257,arjun bruno,2026-06-30,2026-07-07,399.08,EUR,OTA,False
BK03258,LUCA AL-FARSI,2026-06-30,2026-07-08,404.6,EUR,OTA,False
BK03259,DIEGO KUMAR,2026-06-30,2026-07-02,482.27,EUR,OTA,False
BK03260,maria hassan,2026-06-30,2026-07-02,399.02,EUR,OTA,False
BK03261,OMAR DUBOIS,2026-06-30,2026-07-06,475.77,USD,OTA,False
BK03262,ANANYA KUMAR,2026-06-30,2026-07-10,362.84,EUR,OTA,False
BK03263,Ingrid Weber,2026-06-30,2026-07-03,455.45,EUR,direct,False
BK03264,Popov Priya,2026-06-30,2026-07-02,403.45,EUR,direct,False
BK03265,henri lopez,2026-06-30,2026-07-02,435.67,EUR,OTA,False
BK03266,SARA GIRARD,2026-06-30,2026-07-01,465.8,EUR,OTA,False
BK03267,Henri Kumar,2026-06-30,2026-07-03,461.16,EUR,OTA,False
BK03268,Charlotte Weber,2026-06-30,2026-07-03,468.35,EUR,OTA,False
BK03269,Robert Leroy,2026-06-30,2026-07-05,496.78,USD,OTA,True
BK03270,yuki moreau,2026-06-30,2026-07-03,400.07,EUR,direct,False
BK03271,WILLIAM AL-RASHID,2026-06-30,2026-07-04,450.79,USD,direct,False
BK03272,  Aiko Bianchi  ,2026-07-01,2026-07-04,425.75,EUR,direct,False
BK03273,patricia sharma,2026-07-01,2026-07-05,360.34,EUR,direct,False
BK03274,ERIK WAGNER,2026-07-01,2026-07-03,400.01,EUR,direct,False
BK03275,LUCIA KUMAR,2026-07-01,2026-07-06,410.49,USD,OTA,False
BK03276,Fatima Ferrari,2026-07-02,2026-07-04,416.51,EUR,direct,False
BK03277,lucia esposito,2026-07-02,2026-07-06,478.56,EUR,OTA,False
BK03278,OMAR KUMAR,2026-07-02,2026-07-09,400.63,EUR,OTA,False
BK03279,NIKOLAI BERNARD,2026-07-02,2026-07-09,423.31,EUR,OTA,False
BK03280,  Anna Bianchi  ,2026-07-02,2026-07-06,405.04,EUR,direct,False
BK03281,ALESSANDRO CONTI,2026-07-02,2026-07-05,437.73,EUR,direct,False
BK03282,Nakamura Olivia,2026-07-02,2026-07-05,401.56,EUR,OTA,False
BK03283,OLGA GIRARD,2026-07-02,2026-07-08,360.55,EUR,direct,False
BK03284,Lefevre Camille,2026-07-02,2026-07-06,397.46,EUR,direct,False
BK03285,FATIMA HASSAN,2026-07-02,2026-07-04,458.14,EUR,OTA,False
BK03286,Diego Nilsson,2026-07-02,2026-07-07,517.78,EUR,OTA,False
BK03287,Amelia Bianchi,2026-07-02,2026-07-06,462.75,EUR,direct,False
BK03288,Ahmed Lopez,2026-07-02,2026-07-07,410.93,EUR,direct,False
BK03289,FEDERICA CONTI,2026-07-03,2026-07-06,445.3,EUR,direct,False
BK03290,chiara kumar,2026-07-03,2026-07-07,353.6,EUR,direct,False
BK03291,Kowalski Erik,2026-07-03,2026-07-08,464.56,USD,direct,False
BK03292,ananya ferreira,2026-07-03,2026-07-07,389.57,EUR,direct,False
BK03293,omar leroy,2026-07-03,2026-07-07,352.83,EUR,direct,False
BK03294,Valentina Andersen,2026-07-03,2026-07-05,476.71,USD,direct,False
BK03295,James Bruno,2026-07-03,2026-07-06,392.81,EUR,direct,False
BK03296,Francesco Fernandez,2026-07-03,2026-07-04,400.15,EUR,direct,False
BK03297,JOHN LEROY,2026-07-03,2026-07-07,412.11,USD,OTA,False
BK03298,Luca Moreau,2026-07-04,2026-07-03,414.06,USD,direct,False
BK03299,Ekaterina Sharma,2026-07-04,2026-07-08,483.66,USD,OTA,False
BK03300,Pierre Kowalski,2026-07-04,2026-07-07,471.16,EUR,OTA,False
BK03301,Greco Francesco,2026-07-04,2026-07-06,486.08,EUR,OTA,False
BK03302,layla bianchi,2026-07-04,2026-07-05,419.74,EUR,direct,False
BK03303,FEDERICA GRECO,2026-07-05,2026-07-09,379.34,EUR,direct,False
BK03304,Ibrahim Lucia,2026-07-05,2026-07-05,431.69,EUR,OTA,False
BK03305,DMITRI KLEIN,2026-07-05,2026-07-08,427.45,EUR,direct,False
BK03306,Klaus Kaczmarek,2026-07-05,2026-07-08,409.48,EUR,OTA,False
BK03307,william conti,2026-07-05,2026-07-08,420.37,USD,direct,False
BK03308,ingrid silva,2026-07-05,2026-07-10,416.24,USD,direct,False
BK03309,Sophie Ricci,2026-07-05,2026-07-06,390.88,EUR,direct,False
BK03310,Carlos Dubois,2026-07-06,2026-07-12,339.76,EUR,OTA,False
BK03311,fatima moreau,2026-07-06,2026-07-10,445.01,EUR,OTA,False
BK03312,Olivia Ferreira,2026-07-06,2026-07-11,375.5,USD,OTA,False
BK03313,Emma Popov,2026-07-06,2026-07-10,445.06,EUR,direct,False
BK03314,  Aiko Andersen  ,2026-07-06,2026-07-10,426.65,EUR,direct,False
BK03315,John Garcia,2026-07-06,2026-07-08,433.3,EUR,OTA,False
BK03316,Jean Popov,2026-07-06,2026-07-08,477.37,EUR,OTA,False
BK03317,matteo lefevre,2026-07-06,2026-07-11,432.59,EUR,OTA,False
BK03318,Giorgia Conti,2026-07-06,2026-07-10,487.81,EUR,OTA,False
BK03319,Sophie Singh,2026-07-06,2026-07-09,413.7,EUR,direct,False
BK03320,Ekaterina Ferrari,2026-07-06,2026-07-09,431.66,EUR,OTA,False
BK03321,Luca Kumar,2026-07-07,2026-07-10,432.99,EUR,OTA,False
BK03322,MARCO MEYER,2026-07-07,2026-07-13,415.33,EUR,OTA,False
BK03323,SOPHIE BIANCHI,2026-07-07,2026-07-14,405.72,USD,OTA,False
BK03324,Tanaka Carlos,2026-07-07,2026-07-08,330.86,EUR,direct,False
BK03325,Giulia Moreau,2026-07-07,2026-07-09,355.06,EUR,direct,False
BK03326,Dmitri Rossi,2026-07-07,2026-07-10,470.95,EUR,OTA,False
BK03327,Schmidt Ingrid,2026-07-07,2026-07-11,466.31,EUR,OTA,True
BK03328,emma garcia,2026-07-08,2026-07-12,449.91,EUR,OTA,False
BK03329,  Sara Silva  ,2026-07-08,2026-07-12,348.88,EUR,direct,False
BK03330,CHARLOTTE WATANABE,2026-07-08,2026-07-09,444.89,EUR,direct,False
BK03331,  Marie Moreau  ,2026-07-08,2026-07-08,401.54,EUR,direct,False
BK03332,james ferrari,2026-07-08,2026-07-11,354.96,EUR,OTA,False
BK03333,PRIYA WAGNER,2026-07-08,2026-07-12,396.71,EUR,direct,False
BK03334,DMITRI SOKOLOV,2026-07-08,2026-07-14,432.58,EUR,direct,False
BK03335,Kenji Singh,2026-07-08,2026-07-11,448.56,EUR,direct,False
BK03336,Chiara Weber,2026-07-08,2026-07-12,385.29,EUR,OTA,False
BK03337,Tanaka Nikolai,2026-07-08,2026-07-10,433.15,USD,OTA,False
BK03338,Francesco Lopez,2026-07-08,2026-07-10,499.04,USD,OTA,False
BK03339,YOUSSEF KIM,2026-07-08,2026-07-10,516.63,EUR,direct,False
BK03340,Giulia Petrov,2026-07-09,2026-07-13,417.37,EUR,direct,False
BK03341,Thomas Meyer,2026-07-09,2026-07-11,422.64,EUR,direct,True
BK03342,OLIVIA KACZMAREK,2026-07-09,2026-07-13,399.01,EUR,direct,False
BK03343,David Bernard,2026-07-09,2026-07-15,468.56,EUR,direct,False
BK03344,Leroy Amelia,2026-07-09,2026-07-13,385.79,EUR,OTA,False
BK03345,Dmitri Leroy,2026-07-09,2026-07-12,404.87,EUR,OTA,False
BK03346,Patricia Girard,2026-07-10,2026-07-15,428.99,USD,OTA,True
BK03347,  Marie Romano  ,2026-07-10,2026-07-13,433.8,USD,OTA,False
BK03348,JEAN ESPOSITO,2026-07-10,2026-07-13,423.95,EUR,OTA,False
BK03349,giulia nakamura,2026-07-10,2026-07-14,397.59,EUR,direct,False
BK03350,EMMA RICCI,2026-07-10,2026-07-11,396.95,EUR,direct,False
BK03351,  Olivia Kowalski  ,2026-07-10,2026-07-16,464.1,EUR,OTA,False
BK03352,emma fernandez,2026-07-10,2026-07-13,346.04,EUR,direct,True
BK03353,Maria Bruno,2026-07-11,2026-07-13,433.92,EUR,direct,False
BK03354,Aiko Colombo,2026-07-11,2026-07-13,412.68,EUR,OTA,False
BK03355,alessandro klein,2026-07-11,2026-07-13,442.36,EUR,OTA,False
BK03356,Layla Singh,2026-07-11,2026-07-15,485.93,USD,OTA,False
BK03357,thomas ricci,2026-07-11,2026-07-12,476.48,EUR,OTA,True
BK03358,arjun lefevre,2026-07-11,2026-07-13,345.88,EUR,direct,False
BK03359,EKATERINA BERNARD,2026-07-12,2026-07-16,377.47,EUR,OTA,False
BK03360,KLAUS ROSSI,2026-07-12,2026-07-15,423.6,EUR,OTA,False
BK03361,camille kumar,2026-07-12,2026-07-14,409.87,EUR,direct,False
BK03362,Anna Rossi,2026-07-13,2026-07-15,452.37,EUR,OTA,False
BK03363,ALESSANDRO NILSSON,2026-07-13,2026-07-16,480.51,EUR,direct,False
BK03364,  Chiara Singh  ,2026-07-13,2026-07-16,344.11,USD,direct,False
BK03365,Ingrid Watanabe,2026-07-13,2026-07-18,360.98,EUR,direct,False
BK03366,SIMONE BRUNO,2026-07-13,2026-07-16,455.55,EUR,OTA,False
BK03367,Patricia Leroy,2026-07-13,2026-07-17,429.41,EUR,OTA,False
BK03368,Francesco Martinez,2026-07-14,2026-07-17,379.28,EUR,direct,False
BK03369,David Rossi,2026-07-14,2026-07-17,467.48,EUR,OTA,False
BK03370,diego nowak,2026-07-14,2026-07-17,363.96,USD,direct,False
BK03371,NIKOLAI FERNANDEZ,2026-07-14,2026-07-19,370.24,EUR,OTA,False
BK03372,william ibrahim,2026-07-14,2026-07-18,389.41,EUR,OTA,False
BK03373,yuki kaczmarek,2026-07-14,2026-07-18,438.95,EUR,direct,False
BK03374,ingrid ivanov,2026-07-15,2026-07-17,490.47,EUR,OTA,False
BK03375,Klaus Fernandez,2026-07-15,2026-07-19,499.02,EUR,OTA,False
BK03376,SARA RICCI,2026-07-15,2026-07-18,368.62,EUR,direct,False
BK03377,Fischer Hans,2026-07-15,2026-07-19,387.36,EUR,direct,False
BK03378,Pierre Bernard,2026-07-15,2026-07-22,392.29,EUR,OTA,False
BK03379,CHARLOTTE JOHNSON,2026-07-15,2026-07-20,354.5,EUR,direct,True
BK03380,  Omar Bruno  ,2026-07-15,2026-07-18,434.75,EUR,direct,False
BK03381,chiara sharma,2026-07-15,2026-07-19,458.02,EUR,OTA,False
BK03382,Nakamura Patricia,2026-07-15,2026-07-21,430.88,EUR,direct,False
BK03383,Maria Nowak,2026-07-15,2026-07-24,404.3,USD,direct,False
BK03384,Kumar Federica,2026-07-15,2026-07-21,412.81,USD,OTA,False
BK03385,Laura Kobayashi,2026-07-15,2026-07-23,417.26,EUR,direct,False
BK03386,  Sophie Marino  ,2026-07-15,2026-07-17,435.13,USD,OTA,False
BK03387,  John Esposito  ,2026-07-16,2026-07-19,477.07,EUR,OTA,False
BK03388,Marie Chen,2026-07-16,2026-07-20,397.46,EUR,direct,False
BK03389,Ivanov Diego,2026-07-16,2026-07-21,397.67,EUR,direct,True
BK03390,Muller Fatima,2026-07-16,2026-07-19,405.04,EUR,direct,False
BK03391,  Erik Yamamoto  ,2026-07-16,2026-07-19,418.18,EUR,OTA,True
BK03392,Camille Romano,2026-07-16,2026-07-19,472.54,EUR,direct,False
BK03393,Marco Wagner,2026-07-17,2026-07-27,404.46,EUR,OTA,False
BK03394,arjun meyer,2026-07-17,2026-07-26,383.58,USD,direct,False
BK03395,luca esposito,2026-07-17,2026-07-22,428.68,USD,OTA,False
BK03396,CAMILLE LEROY,2026-07-17,2026-07-20,528.88,USD,OTA,False
BK03397,Klaus Bruno,2026-07-17,2026-07-21,369.26,EUR,direct,False
BK03398,FRANCESCO WAGNER,2026-07-18,2026-07-19,480.97,EUR,OTA,False
BK03399,patricia greco,2026-07-18,2026-07-19,500.98,EUR,OTA,False
BK03400,Klaus Dubois,2026-07-18,2026-07-21,401.29,EUR,OTA,True
BK03401,LAURA FERNANDEZ,2026-07-18,2026-07-24,391.81,EUR,direct,False
BK03402,  Giorgia Garcia  ,2026-07-18,2026-07-20,415.97,USD,OTA,False
BK03403,AHMED KLEIN,2026-07-18,2026-07-21,388.93,USD,direct,True
BK03404,diego colombo,2026-07-18,2026-07-21,338.78,USD,OTA,False
BK03405,maria girard,2026-07-19,2026-07-22,422.61,EUR,OTA,False
BK03406,  Hans Bianchi  ,2026-07-19,2026-07-23,434.01,EUR,OTA,False
BK03407,elena fernandez,2026-07-19,2026-07-21,425.06,EUR,OTA,False
BK03408,Martinez Marie,2026-07-19,2026-07-23,388.62,EUR,direct,False
BK03409,silvia fernandez,2026-07-19,2026-07-20,385.28,EUR,direct,False
BK03410,Olga Andersen,2026-07-19,2026-07-23,472.69,EUR,direct,False
BK03411,PIERRE PARK,2026-07-19,2026-07-22,499.44,EUR,direct,False
BK03412,LUCIA MEYER,2026-07-20,2026-07-22,394.53,EUR,direct,False
BK03413,Aiko Romano,2026-07-20,2026-07-21,410.52,EUR,OTA,False
BK03414,  Erik Park  ,2026-07-20,2026-07-21,433.87,EUR,direct,False
BK03415,layla kim,2026-07-20,2026-07-25,462.84,EUR,OTA,False
BK03416,YOUSSEF IVANOV,2026-07-20,2026-07-23,495.58,EUR,OTA,False
BK03417,Jean Watanabe,2026-07-20,2026-07-24,473.32,EUR,OTA,False
BK03418,Singh Thomas,2026-07-20,2026-07-24,505.99,EUR,direct,True
BK03419,LAYLA COSTA,2026-07-20,2026-07-25,378.89,EUR,direct,False
BK03420,  Giulia Klein  ,2026-07-20,2026-07-24,463.6,USD,OTA,False
BK03421,omar ivanov,2026-07-20,2026-07-24,428.85,EUR,OTA,True
BK03422,ananya silva,2026-07-21,2026-07-24,424.53,EUR,direct,False
BK03423,valentina nilsson,2026-07-21,2026-07-24,414.66,USD,direct,False
BK03424,  Ananya Nowak  ,2026-07-21,2026-07-31,431.91,EUR,OTA,False
BK03425,sara lefevre,2026-07-21,2026-07-27,420.96,EUR,direct,False
BK03426,NIKOLAI WATANABE,2026-07-21,2026-07-28,329.29,EUR,direct,False
BK03427,FRANCESCO RICCI,2026-07-21,2026-07-23,457.14,EUR,OTA,False
BK03428,  Marie Rossi  ,2026-07-22,2026-07-25,379.12,EUR,direct,False
BK03429,EKATERINA PARK,2026-07-22,2026-07-24,451.76,EUR,OTA,False
BK03430,Matteo Yamamoto,2026-07-22,2026-07-23,457.24,EUR,direct,False
BK03431,James Park,2026-07-22,2026-07-28,465.55,EUR,direct,True
BK03432,hans smith,2026-07-22,2026-07-26,396.49,EUR,OTA,False
BK03433,Ananya Costa,2026-07-22,2026-07-29,374.95,EUR,direct,False
BK03434,thomas suzuki,2026-07-22,2026-07-23,358.2,EUR,direct,False
BK03435,EKATERINA NOVAK,2026-07-22,2026-07-28,339.45,USD,direct,False
BK03436,Elena Marino,2026-07-23,2026-07-26,416.22,USD,OTA,False
BK03437,OMAR SCHMIDT,2026-07-23,2026-07-24,514.86,EUR,OTA,True
BK03438,anna al-rashid,2026-07-23,2026-07-24,456.42,EUR,direct,True
BK03439,Andersen Dmitri,2026-07-23,2026-07-27,380.39,EUR,OTA,False
BK03440,Petrov Olivia,2026-07-23,2026-07-26,448.38,EUR,OTA,False
BK03441,  Elena Singh  ,2026-07-23,2026-07-29,493.94,EUR,OTA,False
BK03442,Kenji Greco,2026-07-23,2026-07-28,520.84,EUR,direct,False
BK03443,luca ivanov,2026-07-23,2026-07-26,437.94,EUR,OTA,False
BK03444,Lucia Al-Rashid,2026-07-23,2026-07-25,373.26,EUR,direct,False
BK03445,erik nilsson,2026-07-24,2026-07-26,454.26,EUR,direct,False
BK03446,  Lucia Garcia  ,2026-07-24,2026-07-29,481.85,EUR,OTA,False
BK03447,ISABELLA WATANABE,2026-07-24,2026-07-26,426.07,EUR,direct,False
BK03448,francesco sokolov,2026-07-24,2026-07-26,437.17,EUR,direct,False
BK03449,andrea martinez,2026-07-24,2026-07-28,406.43,EUR,OTA,True
BK03450,GIULIA NOWAK,2026-07-25,2026-07-30,409.2,USD,OTA,False
BK03451,HANS NILSSON,2026-07-25,2026-07-27,395.84,EUR,direct,False
BK03452,  Robert Fischer  ,2026-07-25,2026-07-28,376.16,EUR,direct,False
BK03453,JEAN MEYER,2026-07-25,2026-07-29,467.09,EUR,OTA,True
BK03454,Matteo Fischer,2026-07-25,2026-07-27,459.8,EUR,OTA,False
BK03455,  Astrid Sokolov  ,2026-07-25,2026-07-29,433.67,EUR,OTA,False
BK03456,ISABELLA KLEIN,2026-07-25,2026-07-27,440.45,EUR,direct,False
BK03457,ingrid dubois,2026-07-25,2026-07-27,389.5,EUR,direct,False
BK03458,Marco Novak,2026-07-25,2026-07-30,448.37,EUR,OTA,False
BK03459,francesco yamamoto,2026-07-25,2026-07-28,402.76,EUR,OTA,False
BK03460,PATRICIA ESPOSITO,2026-07-26,2026-07-29,391.03,USD,direct,False
BK03461,Ingrid Tanaka,2026-07-26,2026-07-27,405.77,USD,OTA,True
BK03462,maria kobayashi,2026-07-26,2026-07-31,425.36,EUR,OTA,False
BK03463,  Maria Schmidt  ,2026-07-26,2026-07-30,460.42,USD,OTA,False
BK03464,Charlotte Dubois,2026-07-26,2026-07-31,433.05,EUR,direct,False
BK03465,  John Conti  ,2026-07-26,2026-07-28,382.49,USD,direct,False
BK03466,sara nakamura,2026-07-26,2026-07-28,429.67,EUR,OTA,False
BK03467,Silvia Bianchi,2026-07-26,2026-07-30,454.45,USD,OTA,False
BK03468,Youssef Bianchi,2026-07-27,2026-07-31,390.77,EUR,direct,True
BK03469,Sophie Al-Farsi,2026-07-27,2026-08-01,434.03,EUR,direct,False
BK03470,GIULIA CHEN,2026-07-27,2026-07-31,362.31,EUR,direct,False
BK03471,  Henri Watanabe  ,2026-07-27,2026-08-04,548.17,USD,direct,False
BK03472,ISABELLA MARTINEZ,2026-07-28,2026-08-02,426.17,EUR,OTA,False
BK03473,  Andrea Ferreira  ,2026-07-28,2026-08-05,399.99,EUR,direct,False
BK03474,MARIA LOPEZ,2026-07-28,2026-07-31,443.57,EUR,OTA,False
BK03475,Fischer Emma,2026-07-28,2026-07-31,431.77,EUR,direct,False
BK03476,William Rossi,2026-07-28,2026-07-29,418.88,EUR,OTA,False
BK03477,Astrid Dubois,2026-07-28,2026-08-02,416.03,EUR,OTA,False
BK03478,klaus bianchi,2026-07-28,2026-08-04,390.02,EUR,OTA,False
BK03479,  Pierre Andersen  ,2026-07-29,2026-08-02,415.62,EUR,OTA,False
BK03480,Giorgia Schmidt,2026-07-29,2026-07-30,408.43,EUR,direct,False
BK03481,omar meyer,2026-07-29,2026-07-30,440.65,EUR,OTA,False
BK03482,  Dmitri Tanaka  ,2026-07-29,2026-08-04,406.26,EUR,direct,False
BK03483,JEAN NOWAK,2026-07-29,2026-07-31,388.96,EUR,OTA,False
BK03484,Ferreira David,2026-07-30,2026-08-07,388.93,EUR,direct,False
BK03485,Greco Emma,2026-07-30,2026-08-02,399.69,EUR,OTA,False
BK03486,Astrid Schmidt,2026-07-30,2026-08-04,412.18,EUR,direct,False
BK03487,FRANCESCO KACZMAREK,2026-07-30,2026-08-02,476.67,EUR,direct,False
BK03488,Pierre Wagner,2026-07-30,2026-08-03,375.5,EUR,direct,False
BK03489,chiara al-rashid,2026-07-30,2026-07-31,424.72,EUR,OTA,False
BK03490,jean costa,2026-07-31,2026-08-02,370.06,EUR,OTA,False
BK03491,AMELIA KLEIN,2026-07-31,2026-08-03,460.02,EUR,direct,True
BK03492,  Klaus Weber  ,2026-07-31,2026-08-05,456.66,EUR,direct,True
BK03493,Romano Lucia,2026-07-31,2026-08-04,395.25,EUR,direct,False
BK03494,Weber Simone,2026-07-31,2026-08-02,380.38,EUR,direct,False
BK03495,Emma Lefevre,2026-07-31,2026-08-02,405.77,EUR,OTA,False
BK03496,INGRID ANDERSEN,2026-07-31,2026-08-02,367.62,EUR,OTA,False
BK03497,  Nikolai Smith  ,2026-07-31,2026-08-08,426.64,EUR,OTA,False
BK03498,William Kowalski,2026-08-01,2026-08-04,436.38,EUR,OTA,False
BK03499,Elena Fischer,2026-08-01,2026-08-05,465.82,USD,OTA,False
BK03500,CAMILLE CONTI,2026-08-01,2026-08-03,426.37,EUR,OTA,False
BK03501,Luca Tanaka,2026-08-01,2026-08-14,448.46,USD,direct,False
BK03502,thomas al-farsi,2026-08-01,2026-08-04,412.61,EUR,direct,False
BK03503,  Silvia Martinez  ,2026-08-01,2026-08-03,471.08,USD,direct,False
BK03504,  Henri Colombo  ,2026-08-01,2026-08-03,399.46,EUR,direct,False
BK03505,KLAUS SINGH,2026-08-01,2026-08-08,366.07,EUR,OTA,False
BK03506,Esposito Olga,2026-08-01,2026-08-06,443.45,EUR,OTA,False
BK03507,william ricci,2026-08-02,2026-08-04,437.23,EUR,direct,False
BK03508,Amelia Bianchi,2026-08-02,2026-08-04,380.03,EUR,direct,False
BK03509,pierre silva,2026-08-02,2026-08-03,506.49,EUR,direct,True
BK03510,OLGA KOBAYASHI,2026-08-02,2026-08-03,427.78,EUR,direct,False
BK03511,Simone Hassan,2026-08-02,2026-08-06,428.36,EUR,OTA,False
BK03512,AMELIA ROSSI,2026-08-02,2026-08-03,428.24,USD,direct,False
BK03513,  Sara Fernandez  ,2026-08-02,2026-08-09,434.97,EUR,OTA,False
BK03514,william ferrari,2026-08-02,2026-08-07,386.72,USD,OTA,False
BK03515,ISABELLA IVANOV,2026-08-02,2026-08-05,434.2,EUR,OTA,True
BK03516,SIMONE MOREAU,2026-08-02,2026-08-07,397.1,USD,direct,True
BK03517,Fatima Romano,2026-08-03,2026-08-07,440.56,EUR,OTA,False
BK03518,SOPHIE JOHNSON,2026-08-03,2026-08-09,472.36,EUR,direct,False
BK03519,Erik Romano,2026-08-03,2026-08-07,402.42,EUR,OTA,True
BK03520,Kumar Carlos,2026-08-03,2026-08-07,468.94,USD,OTA,False
BK03521,EKATERINA TANAKA,2026-08-03,2026-08-05,372.37,EUR,OTA,False
BK03522,Erik Tanaka,2026-08-03,2026-08-05,395.63,EUR,direct,False
BK03523,ahmed ricci,2026-08-03,2026-08-06,448.94,EUR,OTA,False
BK03524,David Sharma,2026-08-04,2026-08-08,470.13,EUR,direct,False
BK03525,charlotte bianchi,2026-08-04,2026-08-06,466.88,EUR,OTA,False
BK03526,Yamamoto Thomas,2026-08-04,2026-08-08,418.56,EUR,OTA,False
BK03527,CHARLOTTE SUZUKI,2026-08-04,2026-08-07,404.13,EUR,OTA,False
BK03528,  Patricia Al-Rashid  ,2026-08-04,2026-08-07,436.34,USD,OTA,False
BK03529,astrid romano,2026-08-05,2026-08-10,409.78,EUR,direct,False
BK03530,EKATERINA WAGNER,2026-08-05,2026-08-09,353.69,EUR,direct,False
BK03531,WILLIAM COLOMBO,2026-08-05,2026-08-07,428.69,EUR,direct,False
BK03532,  Youssef Lefevre  ,2026-08-05,2026-08-07,406.23,EUR,direct,False
BK03533,Marie Dubois,2026-08-05,2026-08-07,470.16,EUR,OTA,False
BK03534,Yamamoto Pierre,2026-08-05,2026-08-08,382.06,EUR,direct,False
BK03535,simone bianchi,2026-08-05,2026-08-07,438.46,EUR,OTA,False
BK03536,Fischer Emma,2026-08-05,2026-08-07,443.44,EUR,direct,False
BK03537,Klaus Moreau,2026-08-05,2026-08-08,476.11,EUR,OTA,False
BK03538,henri fischer,2026-08-05,2026-08-09,392.58,EUR,OTA,False
BK03539,yuki nowak,2026-08-05,2026-08-08,389.07,USD,direct,False
BK03540,Emma Bruno,2026-08-06,2026-08-09,427.56,EUR,OTA,False
BK03541,Fischer David,2026-08-06,2026-08-09,408.85,EUR,OTA,False
BK03542,Kim Chiara,2026-08-06,2026-08-05,400.53,EUR,OTA,False
BK03543,Jean Moreau,2026-08-06,2026-08-08,422.11,EUR,OTA,False
BK03544,David Silva,2026-08-06,2026-08-13,440.59,USD,direct,True
BK03545,silvia hassan,2026-08-06,2026-08-09,460.49,EUR,OTA,False
BK03546,marie conti,2026-08-06,2026-08-10,426.2,EUR,OTA,False
BK03547,ingrid nilsson,2026-08-06,2026-08-08,447.69,EUR,direct,False
BK03548,Charlotte Nilsson,2026-08-06,2026-08-11,396.98,EUR,direct,False
BK03549,LAYLA WEBER,2026-08-06,2026-08-09,385.15,EUR,direct,False
BK03550,olga chen,2026-08-06,2026-08-16,432.66,EUR,direct,False
BK03551,HANS SILVA,2026-08-07,2026-08-12,437.49,USD,OTA,False
BK03552,Camille Weber,2026-08-07,2026-08-10,429.92,USD,OTA,False
BK03553,Olivia Popov,2026-08-07,2026-08-11,404.33,EUR,direct,False
BK03554,ahmed bruno,2026-08-07,2026-08-12,405.61,EUR,OTA,False
BK03555,  Ananya Novak  ,2026-08-08,2026-08-09,405.66,EUR,OTA,False
BK03556,simone singh,2026-08-08,2026-08-12,431.82,EUR,OTA,False
BK03557,Youssef Silva,2026-08-08,2026-08-12,430.19,EUR,OTA,False
BK03558,Sara Colombo,2026-08-08,2026-08-12,470.26,EUR,direct,False
BK03559,  Thomas Popov  ,2026-08-08,2026-08-08,353.54,EUR,direct,True
BK03560,  Sophie Ferreira  ,2026-08-08,2026-08-09,415.64,EUR,OTA,False
BK03561,  Marie Ibrahim  ,2026-08-08,2026-08-11,377.24,EUR,direct,True
BK03562,Yuki Nilsson,2026-08-08,2026-08-09,478.39,EUR,OTA,False
BK03563,  Klaus Hassan  ,2026-08-08,2026-08-14,418.37,USD,direct,False
BK03564,james al-rashid,2026-08-09,2026-08-10,433.18,EUR,direct,False
BK03565,  Olga Ferrari  ,2026-08-09,2026-08-14,363.68,USD,OTA,False
BK03566,CARLOS KOBAYASHI,2026-08-09,2026-08-18,496.67,EUR,direct,False
BK03567,Chiara Kobayashi,2026-08-09,2026-08-12,412.34,EUR,direct,False
BK03568,Chiara Hassan,2026-08-09,2026-08-12,416.04,EUR,direct,False
BK03569,Muller Anna,2026-08-10,2026-08-10,338.43,EUR,direct,False
BK03570,PAOLO WEBER,2026-08-10,2026-08-14,398.84,USD,direct,False
BK03571,  Olivia Schmidt  ,2026-08-11,2026-08-13,383.7,EUR,direct,False
BK03572,  Aiko Kumar  ,2026-08-11,2026-08-15,371.85,EUR,OTA,False
BK03573,PATRICIA PATEL,2026-08-11,2026-08-13,366.55,EUR,direct,False
BK03574,alessandro popov,2026-08-11,2026-08-14,404.25,EUR,direct,False
BK03575,Anna Patel,2026-08-11,2026-08-15,394.95,EUR,direct,True
BK03576,ELENA HASSAN,2026-08-11,2026-08-13,490.0,EUR,OTA,False
BK03577,diego sharma,2026-08-11,2026-08-19,428.36,EUR,direct,False
BK03578,  Nikolai Singh  ,2026-08-12,2026-08-13,453.68,EUR,direct,False
BK03579,  Elena Ferrari  ,2026-08-12,2026-08-16,422.01,EUR,direct,False
BK03580,Andersen Elena,2026-08-12,2026-08-14,436.58,EUR,OTA,False
BK03581,James Novak,2026-08-12,2026-08-17,427.88,USD,OTA,False
BK03582,CHARLOTTE AL-RASHID,2026-08-12,2026-08-16,432.75,EUR,OTA,True
BK03583,sara wagner,2026-08-12,2026-08-16,441.21,EUR,OTA,False
BK03584,ANNA SCHMIDT,2026-08-12,2026-08-18,431.47,USD,direct,False
BK03585,James Marino,2026-08-12,2026-08-15,411.13,USD,direct,False
BK03586,Giorgia Costa,2026-08-12,2026-08-16,329.44,EUR,direct,False
BK03587,Francesco Novak,2026-08-12,2026-08-14,338.94,EUR,direct,False
BK03588,Charlotte Muller,2026-08-12,2026-08-15,445.0,EUR,OTA,True
BK03589,nikolai weber,2026-08-12,2026-08-15,434.87,EUR,OTA,False
BK03590,Erik Bernard,2026-08-13,2026-08-17,400.78,EUR,OTA,False
BK03591,Sokolov Klaus,2026-08-13,2026-08-15,465.52,EUR,OTA,False
BK03592,ARJUN KOBAYASHI,2026-08-13,2026-08-15,352.14,USD,direct,False
BK03593,omar lefevre,2026-08-13,2026-08-17,388.55,EUR,direct,False
BK03594,Thomas Fernandez,2026-08-13,2026-08-15,366.27,EUR,OTA,False
BK03595,Smith Maria,2026-08-14,2026-08-16,445.5,EUR,direct,False
BK03596,Robert Colombo,2026-08-14,2026-08-21,425.39,EUR,direct,True
BK03597,Marino Matteo,2026-08-14,2026-08-17,437.26,EUR,OTA,False
BK03598,Anna Kumar,2026-08-14,2026-08-18,481.9,EUR,direct,True
BK03599,valentina conti,2026-08-14,2026-08-18,392.09,EUR,OTA,False
BK03600,PAOLO CHEN,2026-08-14,2026-08-18,351.48,EUR,direct,False
BK03601,david nilsson,2026-08-15,2026-08-16,448.63,EUR,OTA,False
BK03602,valentina ricci,2026-08-15,2026-08-17,361.73,EUR,direct,False
BK03603,patricia fischer,2026-08-15,2026-08-18,405.37,EUR,direct,False
BK03604,  Patricia Lopez  ,2026-08-15,2026-08-17,387.94,USD,direct,False
BK03605,Anna Meyer,2026-08-15,2026-08-17,393.9,EUR,OTA,False
BK03606,Olga Moreau,2026-08-15,2026-08-19,383.9,EUR,direct,False
BK03607,  Youssef Tanaka  ,2026-08-15,2026-08-18,474.18,EUR,OTA,False
BK03608,John Ferrari,2026-08-15,2026-08-17,444.45,EUR,OTA,False
BK03609,francesco suzuki,2026-08-15,2026-08-19,403.55,USD,OTA,True
BK03610,Ananya Dubois,2026-08-15,2026-08-18,445.02,EUR,OTA,False
BK03611,Sharma Dmitri,2026-08-16,2026-08-19,381.53,USD,direct,False
BK03612,  Sara Petrov  ,2026-08-16,2026-08-18,427.22,EUR,OTA,False
BK03613,Ekaterina Chen,2026-08-16,2026-08-21,460.05,EUR,OTA,False
BK03614,Petrov Priya,2026-08-16,2026-08-19,363.23,USD,direct,False
BK03615,Matteo Nakamura,2026-08-16,2026-08-19,395.46,EUR,direct,False
BK03616,William Romano,2026-08-17,2026-08-19,433.3,EUR,OTA,False
BK03617,Luca Bruno,2026-08-17,2026-08-19,400.65,EUR,direct,False
BK03618,ROBERT PATEL,2026-08-17,2026-08-21,329.79,EUR,direct,False
BK03619,ALESSANDRO COLOMBO,2026-08-18,2026-08-21,423.0,EUR,OTA,False
BK03620,Tanaka Klaus,2026-08-18,2026-08-22,460.43,EUR,direct,False
BK03621,Layla Watanabe,2026-08-18,2026-08-20,449.25,EUR,direct,False
BK03622,LUCA KACZMAREK,2026-08-18,2026-08-22,449.37,EUR,OTA,False
BK03623,Priya Greco,2026-08-18,2026-08-20,397.08,EUR,direct,False
BK03624,ingrid conti,2026-08-18,2026-08-21,473.16,EUR,OTA,False
BK03625,Klaus Girard,2026-08-18,2026-08-24,492.51,EUR,OTA,False
BK03626,Novak Carlos,2026-08-19,2026-08-22,421.95,USD,OTA,False
BK03627,paolo kim,2026-08-19,2026-08-21,418.57,EUR,OTA,False
BK03628,Sara Leroy,2026-08-19,2026-08-24,422.01,USD,direct,False
BK03629,Garcia Ekaterina,2026-08-19,2026-08-22,375.19,EUR,OTA,True
BK03630,giorgia meyer,2026-08-19,2026-08-23,401.2,USD,OTA,False
BK03631,  Klaus Nilsson  ,2026-08-19,2026-08-23,405.63,EUR,direct,False
BK03632,PATRICIA SMITH,2026-08-19,2026-08-27,483.95,EUR,direct,False
BK03633,  Giorgia Kumar  ,2026-08-19,2026-08-23,431.72,USD,OTA,False
BK03634,  Simone Bernard  ,2026-08-19,2026-08-23,451.91,EUR,direct,False
BK03635,Henri Lefevre,2026-08-19,2026-08-24,339.77,EUR,direct,False
BK03636,CARLOS FERREIRA,2026-08-20,2026-08-22,385.41,USD,OTA,False
BK03637,MARIA KOWALSKI,2026-08-20,2026-08-22,402.32,EUR,OTA,True
BK03638,ERIK MEYER,2026-08-20,2026-08-28,420.09,EUR,OTA,False
BK03639,chiara nowak,2026-08-20,2026-08-23,355.21,EUR,OTA,False
BK03640,SOPHIE SMITH,2026-08-20,2026-08-22,388.17,USD,direct,False
BK03641,ahmed kobayashi,2026-08-20,2026-08-23,439.36,EUR,OTA,False
BK03642,JAMES ANDERSEN,2026-08-20,2026-08-27,514.99,EUR,OTA,False
BK03643,AMELIA AL-RASHID,2026-08-21,2026-08-25,455.58,EUR,OTA,False
BK03644,Arjun Ibrahim,2026-08-21,2026-08-25,403.46,EUR,OTA,False
BK03645,Carlos Lopez,2026-08-21,2026-08-24,496.45,EUR,direct,False
BK03646,Sara Costa,2026-08-21,2026-08-23,436.21,EUR,OTA,False
BK03647,Olivia Ibrahim,2026-08-21,2026-08-24,448.62,USD,OTA,False
BK03648,Diego Patel,2026-08-21,2026-08-26,470.36,EUR,direct,False
BK03649,  Omar Bruno  ,2026-08-21,2026-08-24,432.62,EUR,direct,False
BK03650,Youssef Kaczmarek,2026-08-21,2026-08-23,404.3,EUR,OTA,False
BK03651,ASTRID LEROY,2026-08-21,2026-08-20,440.81,EUR,direct,False
BK03652,john singh,2026-08-22,2026-08-25,396.97,EUR,direct,False
BK03653,SARA GRECO,2026-08-22,2026-08-24,473.26,EUR,OTA,False
BK03654,ARJUN CHEN,2026-08-22,2026-08-23,350.56,EUR,direct,False
BK03655,alessandro dubois,2026-08-22,2026-08-27,404.87,EUR,OTA,False
BK03656,Rossi Simone,2026-08-22,2026-08-25,500.76,EUR,direct,False
BK03657,FATIMA SHARMA,2026-08-22,2026-08-27,423.75,EUR,OTA,False
BK03658,Valentina Romano,2026-08-22,2026-08-25,404.45,USD,direct,False
BK03659,GIULIA CONTI,2026-08-22,2026-08-25,415.37,USD,direct,False
BK03660,Marco Schmidt,2026-08-22,2026-08-25,445.81,EUR,OTA,False
BK03661,james colombo,2026-08-23,2026-08-26,441.05,EUR,direct,False
BK03662,  Jean Kobayashi  ,2026-08-23,2026-08-26,343.6,EUR,direct,False
BK03663,  Arjun Colombo  ,2026-08-23,2026-08-26,456.91,EUR,OTA,False
BK03664,FEDERICA ANDERSEN,2026-08-23,2026-08-25,487.05,USD,OTA,False
BK03665,Ricci Laura,2026-08-23,2026-08-30,476.71,USD,OTA,False
BK03666,MARIE PETROV,2026-08-23,2026-08-27,409.08,EUR,direct,False
BK03667,Moreau Valentina,2026-08-23,2026-08-26,384.94,EUR,direct,False
BK03668,diego park,2026-08-23,2026-08-26,376.93,EUR,OTA,False
BK03669,  Robert Bruno  ,2026-08-23,2026-08-26,328.66,USD,direct,False
BK03670,NIKOLAI NOVAK,2026-08-23,2026-08-25,387.96,EUR,direct,False
BK03671,Giorgia Lefevre,2026-08-23,2026-08-25,380.42,EUR,direct,False
BK03672,CAMILLE BERNARD,2026-08-23,2026-08-25,454.36,USD,OTA,False
BK03673,Sara Silva,2026-08-24,2026-08-26,414.07,EUR,direct,True
BK03674,ASTRID CHEN,2026-08-24,2026-08-27,373.61,USD,direct,False
BK03675,alessandro leroy,2026-08-24,2026-08-27,475.52,EUR,OTA,False
BK03676,SILVIA MOREAU,2026-08-24,2026-08-26,394.99,EUR,OTA,True
BK03677,isabella watanabe,2026-08-24,2026-08-26,518.24,EUR,OTA,False
BK03678,Giorgia Kobayashi,2026-08-24,2026-08-26,456.68,EUR,OTA,True
BK03679,  Ananya Nakamura  ,2026-08-24,2026-08-27,500.85,USD,OTA,False
BK03680,Alessandro Esposito,2026-08-24,2026-08-29,429.27,EUR,OTA,False
BK03681,Ahmed Rossi,2026-08-25,2026-08-28,427.2,USD,direct,False
BK03682,elena johnson,2026-08-25,2026-08-30,466.7,EUR,OTA,False
BK03683,  Marie Ferrari  ,2026-08-25,2026-08-28,354.32,EUR,OTA,False
BK03684,  Alessandro Al-Rashid  ,2026-08-25,2026-08-28,399.21,EUR,direct,False
BK03685,jean martinez,2026-08-25,2026-08-30,447.56,EUR,direct,False
BK03686,  Jean Sharma  ,2026-08-25,2026-08-27,393.52,EUR,direct,False
BK03687,Ekaterina Nakamura,2026-08-25,2026-08-28,420.45,EUR,OTA,True
BK03688,Laura Yamamoto,2026-08-26,2026-08-28,478.4,USD,OTA,False
BK03689,  Marie Park  ,2026-08-26,2026-08-29,388.16,EUR,direct,False
BK03690,Marie Ferreira,2026-08-26,2026-08-31,452.22,EUR,OTA,False
BK03691,  Andrea Nakamura  ,2026-08-26,2026-08-31,404.41,EUR,direct,False
BK03692,  Amelia Colombo  ,2026-08-26,2026-08-31,422.94,EUR,OTA,False
BK03693,Andrea Singh,2026-08-26,2026-08-28,452.53,EUR,direct,False
BK03694,Sharma Ingrid,2026-08-26,2026-08-31,355.13,EUR,direct,False
BK03695,Ferreira Amelia,2026-08-27,2026-09-03,413.34,EUR,direct,False
BK03696,Patricia Sokolov,2026-08-27,2026-08-30,367.38,EUR,OTA,False
BK03697,Camille Fischer,2026-08-27,2026-09-02,415.53,USD,OTA,False
BK03698,Erik Silva,2026-08-27,2026-08-29,393.11,EUR,direct,False
BK03699,Patricia Ferreira,2026-08-27,2026-08-30,486.32,USD,OTA,False
BK03700,priya costa,2026-08-27,2026-08-30,409.1,EUR,OTA,False
BK03701,thomas muller,2026-08-27,2026-08-30,391.91,EUR,direct,False
BK03702,  Francesco Al-Farsi  ,2026-08-27,2026-08-30,459.78,EUR,OTA,False
BK03703,Chiara Fischer,2026-08-27,2026-08-27,415.81,EUR,OTA,False
BK03704,Luca Popov,2026-08-28,2026-09-01,451.71,EUR,OTA,True
BK03705,Silvia Smith,2026-08-28,2026-08-31,494.23,EUR,OTA,False
BK03706,Giulia Schmidt,2026-08-28,2026-08-31,403.48,EUR,OTA,False
BK03707,astrid hassan,2026-08-28,2026-08-31,412.83,EUR,direct,True
BK03708,Popov James,2026-08-28,2026-09-05,473.05,EUR,OTA,False
BK03709,laura martinez,2026-08-28,2026-08-31,405.04,USD,OTA,False
BK03710,amelia garcia,2026-08-28,2026-08-30,330.41,EUR,direct,False
BK03711,DIEGO KIM,2026-08-28,2026-08-31,438.06,EUR,direct,False
BK03712,Ahmed Girard,2026-08-28,2026-08-30,424.31,EUR,direct,False
BK03713,Erik Lopez,2026-08-28,2026-08-29,457.37,EUR,direct,False
BK03714,YUKI NOVAK,2026-08-29,2026-09-03,321.85,USD,OTA,False
BK03715,Nowak Aiko,2026-08-29,2026-08-31,458.35,EUR,OTA,True
BK03716,  Camille Kim  ,2026-08-29,2026-09-01,499.45,EUR,direct,False
BK03717,Federica Smith,2026-08-29,2026-09-02,390.93,EUR,direct,False
BK03718,robert suzuki,2026-08-29,2026-08-31,441.65,EUR,OTA,False
BK03719,Leroy Arjun,2026-08-29,2026-08-31,432.76,EUR,direct,False
BK03720,  Olivia Yamamoto  ,2026-08-29,2026-09-01,461.54,EUR,direct,False
BK03721,  Diego Leroy  ,2026-08-29,2026-09-04,431.9,EUR,OTA,True
BK03722,Diego Martinez,2026-08-29,2026-09-02,476.35,EUR,direct,False
BK03723,ANNA PETROV,2026-08-30,2026-09-03,342.58,EUR,direct,False
BK03724,olga al-farsi,2026-08-30,2026-09-02,422.22,EUR,direct,False
BK03725,ahmed marino,2026-08-31,2026-09-02,437.82,EUR,direct,False
BK03726,Charlotte Kobayashi,2026-08-31,2026-09-03,334.47,EUR,direct,True
BK03727,Chen Ananya,2026-08-31,2026-09-04,383.14,EUR,direct,False
BK03728,  Isabella Greco  ,2026-08-31,2026-09-04,328.2,EUR,direct,False
BK03729,Ibrahim Yuki,2026-09-01,2026-09-05,409.04,EUR,direct,False
BK03730,Valentina Petrov,2026-09-01,2026-09-05,452.19,EUR,OTA,False
BK03731,Martinez Layla,2026-09-01,2026-09-04,388.15,EUR,direct,False
BK03732,Pierre Kaczmarek,2026-09-01,2026-09-05,457.27,EUR,OTA,False
BK03733,amelia smith,2026-09-01,2026-09-03,469.96,EUR,OTA,False
BK03734,  Charlotte Nowak  ,2026-09-01,2026-09-03,379.6,EUR,direct,False
BK03735,SILVIA LOPEZ,2026-09-02,2026-09-10,504.65,EUR,OTA,False
BK03736,Conti Paolo,2026-09-02,2026-09-05,443.85,EUR,direct,False
BK03737,astrid petrov,2026-09-02,2026-09-05,407.72,EUR,OTA,False
BK03738,ANDREA ANDERSEN,2026-09-02,2026-09-06,368.43,USD,OTA,False
BK03739,Ahmed Petrov,2026-09-02,2026-09-06,389.87,EUR,OTA,False
BK03740,Alessandro Lefevre,2026-09-02,2026-09-06,393.99,EUR,direct,False
BK03741,Ingrid Watanabe,2026-09-02,2026-09-04,456.87,EUR,direct,False
BK03742,lucia girard,2026-09-02,2026-09-06,465.94,EUR,direct,True
BK03743,Sophie Singh,2026-09-02,2026-09-02,472.08,EUR,direct,False
BK03744,fatima bernard,2026-09-03,2026-09-05,420.87,EUR,direct,False
BK03745,LAURA WATANABE,2026-09-03,2026-09-07,340.63,USD,direct,False
BK03746,  Aiko Martinez  ,2026-09-03,2026-09-05,348.57,EUR,OTA,False
BK03747,MATTEO PETROV,2026-09-03,2026-09-09,495.18,EUR,direct,False
BK03748,Olivia Patel,2026-09-03,2026-09-07,377.39,EUR,direct,False
BK03749,Andrea Muller,2026-09-03,2026-09-05,372.26,EUR,OTA,False
BK03750,William Popov,2026-09-03,2026-09-07,478.58,EUR,OTA,False
BK03751,  Erik Al-Farsi  ,2026-09-03,2026-09-06,444.23,EUR,direct,False
BK03752,Simone Fernandez,2026-09-03,2026-09-06,342.26,EUR,direct,True
BK03753,  Dmitri Kobayashi  ,2026-09-03,2026-09-07,431.72,USD,OTA,False
BK03754,Fatima Colombo,2026-09-04,2026-09-08,412.75,EUR,OTA,False
BK03755,Camille Novak,2026-09-04,2026-09-10,449.33,EUR,OTA,False
BK03756,  Amelia Tanaka  ,2026-09-04,2026-09-05,418.36,EUR,direct,False
BK03757,Robert Kumar,2026-09-04,2026-09-12,391.47,EUR,direct,True
BK03758,james kaczmarek,2026-09-04,2026-09-08,432.25,EUR,direct,False
BK03759,  Dmitri Yamamoto  ,2026-09-04,2026-09-06,387.23,EUR,direct,False
BK03760,arjun bianchi,2026-09-04,2026-09-07,383.79,EUR,OTA,False
BK03761,William Greco,2026-09-05,2026-09-09,458.67,EUR,OTA,True
BK03762,Dubois Elena,2026-09-05,2026-09-07,400.24,EUR,direct,False
BK03763,pierre watanabe,2026-09-05,2026-09-08,374.85,EUR,OTA,False
BK03764,isabella sharma,2026-09-06,2026-09-09,404.73,EUR,OTA,False
BK03765,  Marie Girard  ,2026-09-06,2026-09-09,386.13,EUR,OTA,False
BK03766,paolo nakamura,2026-09-06,2026-09-08,364.23,EUR,OTA,False
BK03767,Nilsson Olga,2026-09-06,2026-09-08,439.09,EUR,OTA,False
BK03768,Dubois Robert,2026-09-06,2026-09-10,426.23,EUR,direct,False
BK03769,AIKO WEBER,2026-09-06,2026-09-10,456.53,EUR,OTA,False
BK03770,Olivia Ivanov,2026-09-06,2026-09-10,489.83,USD,direct,False
BK03771,paolo silva,2026-09-06,2026-09-11,472.71,EUR,direct,False
BK03772,Johnson Chiara,2026-09-06,2026-09-11,444.43,EUR,direct,True
BK03773,james nakamura,2026-09-06,2026-09-11,508.06,EUR,direct,False
BK03774,Kenji Lefevre,2026-09-06,2026-09-09,464.18,EUR,OTA,False
BK03775,  Elena Sokolov  ,2026-09-06,2026-09-10,355.86,EUR,direct,False
BK03776,Arjun Andersen,2026-09-07,2026-09-11,390.23,EUR,OTA,False
BK03777,arjun kaczmarek,2026-09-07,2026-09-10,450.31,EUR,OTA,False
BK03778,valentina kumar,2026-09-07,2026-09-10,391.58,USD,direct,True
BK03779,MARCO NOWAK,2026-09-07,2026-09-09,401.25,EUR,direct,True
BK03780,  Marco Girard  ,2026-09-07,2026-09-14,419.66,EUR,OTA,True
BK03781,Chiara Costa,2026-09-07,2026-09-13,445.96,EUR,direct,False
BK03782,  Olivia Smith  ,2026-09-07,2026-09-09,439.59,EUR,OTA,False
BK03783,ELENA IBRAHIM,2026-09-07,2026-09-08,414.59,EUR,OTA,False
BK03784,Wagner Omar,2026-09-07,2026-09-09,385.04,EUR,direct,False
BK03785,anna romano,2026-09-07,2026-09-09,355.19,USD,direct,False
BK03786,Giulia Lopez,2026-09-08,2026-09-11,427.2,EUR,OTA,False
BK03787,Patricia Ricci,2026-09-08,2026-09-11,402.14,EUR,direct,False
BK03788,Valentina Tanaka,2026-09-08,2026-09-11,449.45,EUR,direct,False
BK03789,Sara Andersen,2026-09-08,2026-09-11,454.4,EUR,OTA,False
BK03790,  David Nakamura  ,2026-09-08,2026-09-11,501.05,EUR,OTA,False
BK03791,WILLIAM ANDERSEN,2026-09-08,2026-09-10,373.29,EUR,direct,False
BK03792,  Dmitri Kowalski  ,2026-09-08,2026-09-09,421.65,USD,direct,False
BK03793,omar yamamoto,2026-09-08,2026-09-13,489.68,EUR,OTA,False
BK03794,Lucia Klein,2026-09-09,2026-09-12,476.42,EUR,direct,False
BK03795,Federica Al-Rashid,2026-09-09,2026-09-11,414.16,EUR,OTA,False
BK03796,Erik Petrov,2026-09-09,2026-09-13,368.63,EUR,direct,False
BK03797,laura lopez,2026-09-09,2026-09-12,453.22,EUR,OTA,False
BK03798,PAOLO PARK,2026-09-09,2026-09-10,432.56,EUR,direct,False
BK03799,chiara al-farsi,2026-09-09,2026-09-13,451.74,EUR,direct,False
BK03800,William Wagner,2026-09-09,2026-09-14,367.97,EUR,direct,True
BK03801,andrea chen,2026-09-09,2026-09-09,370.59,USD,direct,False
BK03802,Layla Al-Farsi,2026-09-09,2026-09-13,345.2,EUR,OTA,False
BK03803,ROBERT AL-RASHID,2026-09-09,2026-09-13,442.5,EUR,OTA,False
BK03804,OLIVIA SCHMIDT,2026-09-10,2026-09-13,413.72,EUR,OTA,False
BK03805,patricia yamamoto,2026-09-10,2026-09-12,476.84,EUR,direct,False
BK03806,Emma Silva,2026-09-10,2026-09-15,425.86,USD,OTA,False
BK03807,Sara Colombo,2026-09-10,2026-09-15,418.8,EUR,OTA,False
