booking_id,guest_name_norm,email,country,cibo_preferito,prima_visita,check_in,check_out,nights,channel,currency,room_rate,room_rate_eur,cancelled,net_revenue_eur,high_season,post_promo,date_corretta,nome_ambiguo
BK00000,nilsson sophie,sophie.nilsson169@gmail.com,Spain,pesce,2024-09-10,2024-09-10,2024-09-14,4,OTA,EUR,385.71,385.71,False,1542.84,True,False,False,False
BK00001,silva thomas,thomas.silva434@gmail.com,Italy,pesce,2024-09-10,2024-09-10,2024-09-13,3,OTA,EUR,441.31,441.31,True,0.0,True,False,False,False
BK00002,chiara meyer,chiara.meyer316@outlook.com,Germany,internazionale,2024-09-10,2024-09-10,2024-09-13,3,OTA,EUR,380.37,380.37,False,1141.11,True,False,False,False
BK00003,schmidt simone,simone.schmidt639@outlook.com,Japan,internazionale,2024-09-10,2024-09-10,2024-09-15,5,OTA,EUR,475.99,475.99,False,2379.95,True,False,False,False
BK00004,al-rashid francesco,francesco.al-rashid399@icloud.com,Japan,kosher,2024-09-10,2024-09-10,2024-09-14,4,direct,EUR,412.62,412.62,False,1650.48,True,False,False,True
BK00005,hans kim,hans.kim909@gmail.com,Switzerland,senza glutine,2024-09-10,2024-09-10,2024-09-13,3,direct,EUR,460.27,460.27,False,1380.81,True,False,False,False
BK00006,greco william,william.greco902@yahoo.com,USA,internazionale,2024-09-10,2024-09-10,2024-09-13,3,direct,EUR,337.4,337.4,False,1012.2,True,False,False,True
BK00007,fischer yuki,yuki.fischer633@outlook.com,Switzerland,kosher,2024-09-11,2024-09-11,2024-09-16,5,OTA,EUR,429.37,429.37,False,2146.85,True,False,False,False
BK00008,kobayashi youssef,youssef.kobayashi909@icloud.com,Spain,senza glutine,2024-09-11,2024-09-11,2024-09-14,3,direct,EUR,413.07,413.07,True,0.0,True,False,True,True
BK00009,silva sophie,sophie.silva130@icloud.com,Switzerland,pesce,2024-09-11,2024-09-11,2024-09-17,6,OTA,EUR,394.34,394.34,False,2366.04,True,False,False,True
BK00010,carlos rossi,carlos.rossi414@yahoo.com,UK,pesce,2024-09-11,2024-09-11,2024-09-19,8,OTA,USD,343.8,316.3,False,2530.4,True,False,False,False
BK00011,alessandro weber,alessandro.weber970@yahoo.com,Japan,kosher,2024-09-11,2024-09-11,2024-09-14,3,OTA,EUR,411.3,411.3,False,1233.9,True,False,False,False
BK00012,amelia kim,amelia.kim240@yahoo.com,UAE,vegana,2024-09-11,2024-09-11,2024-09-13,2,OTA,EUR,534.44,534.44,False,1068.88,True,False,False,False
BK00013,elena nakamura,elena.nakamura736@yahoo.com,UAE,internazionale,2024-09-11,2024-09-11,2024-09-16,5,OTA,EUR,392.6,392.6,False,1963.0,True,False,False,False
BK00014,erik garcia,erik.garcia526@yahoo.com,Italy,kosher,2024-09-12,2024-09-12,2024-09-14,2,direct,EUR,383.74,383.74,False,767.48,True,False,False,False
BK00015,henri martinez,henri.martinez273@gmail.com,Italy,senza glutine,2024-09-12,2024-09-12,2024-09-16,4,direct,EUR,431.02,431.02,False,1724.08,True,False,False,True
BK00016,costa klaus,klaus.costa496@yahoo.com,Netherlands,italiana,2024-09-12,2024-09-12,2024-09-16,4,OTA,EUR,441.36,441.36,False,1765.44,True,False,False,False
BK00017,francesco rossi,francesco.rossi136@icloud.com,Japan,senza glutine,2024-09-12,2024-09-12,2024-09-19,7,OTA,EUR,431.7,431.7,False,3021.9,True,False,False,False
BK00018,alessandro nowak,alessandro.nowak646@icloud.com,USA,italiana,2024-09-12,2024-09-12,2024-09-15,3,OTA,EUR,460.93,460.93,False,1382.79,True,False,False,False
BK00019,hassan james,james.hassan319@gmail.com,Italy,italiana,2024-09-12,2024-09-12,2024-09-18,6,direct,EUR,371.13,371.13,False,2226.78,True,False,False,False
BK00020,alessandro greco,alessandro.greco595@yahoo.com,Italy,pesce,2024-09-12,2024-09-12,2024-09-14,2,OTA,EUR,405.19,405.19,False,810.38,True,False,False,True
BK00021,alessandro wagner,alessandro.wagner7@outlook.com,Netherlands,pesce,2024-09-13,2024-09-13,2024-09-17,4,direct,EUR,474.78,474.78,False,1899.12,True,False,False,False
BK00022,olga romano,olga.romano668@outlook.com,Germany,senza glutine,2024-09-13,2024-09-13,2024-09-15,2,direct,EUR,437.77,437.77,False,875.54,True,False,False,False
BK00023,andersen giulia,giulia.andersen900@yahoo.com,Japan,kosher,2024-09-13,2024-09-13,2024-09-15,2,direct,EUR,476.98,476.98,False,953.96,True,False,False,False
BK00024,lopez marie,marie.lopez462@gmail.com,France,vegana,2024-09-13,2024-09-13,2024-09-16,3,OTA,USD,363.49,334.41,True,0.0,True,False,False,False
BK00025,muller sara,sara.muller965@yahoo.com,UAE,italiana,2024-09-14,2024-09-14,2024-09-17,3,OTA,EUR,428.07,428.07,False,1284.21,True,False,False,False
BK00026,johnson omar,omar.johnson39@icloud.com,Netherlands,senza glutine,2024-09-14,2024-09-14,2024-09-16,2,direct,EUR,466.3,466.3,False,932.6,True,False,False,False
BK00027,al-rashid thomas,thomas.al-rashid958@yahoo.com,Japan,senza glutine,2024-09-14,2024-09-14,2024-09-16,2,direct,EUR,414.66,414.66,False,829.32,True,False,False,False
BK00028,girard robert,robert.girard588@yahoo.com,UK,vegana,2024-09-14,2024-09-14,2024-09-17,3,OTA,EUR,412.99,412.99,False,1238.97,True,False,False,False
BK00029,amelia ricci,amelia.ricci671@icloud.com,USA,halal,2024-09-14,2024-09-14,2024-09-17,3,OTA,EUR,451.45,451.45,False,1354.35,True,False,False,False
BK00030,hassan kenji,kenji.hassan370@yahoo.com,Italy,kosher,2024-09-14,2024-09-14,2024-09-17,3,direct,USD,355.48,327.04,False,981.12,True,False,False,False
BK00031,costa ingrid,ingrid.costa248@yahoo.com,Italy,senza glutine,2024-09-15,2024-09-15,2024-09-17,2,direct,EUR,378.96,378.96,False,757.92,True,False,False,False
BK00032,bernard silvia,silvia.bernard450@gmail.com,France,internazionale,2024-09-15,2024-09-15,2024-09-22,7,OTA,EUR,437.39,437.39,False,3061.73,True,False,False,False
BK00033,charlotte kowalski,charlotte.kowalski289@icloud.com,UAE,pesce,2024-09-15,2024-09-15,2024-09-18,3,OTA,EUR,435.33,435.33,False,1305.99,True,False,False,False
BK00034,matteo schmidt,matteo.schmidt327@outlook.com,UK,vegana,2024-09-15,2024-09-15,2024-09-20,5,direct,EUR,381.4,381.4,False,1907.0,True,False,False,False
BK00035,emma weber,emma.weber577@icloud.com,Spain,italiana,2024-09-15,2024-09-15,2024-09-18,3,direct,USD,421.66,387.93,False,1163.79,True,False,False,False
BK00036,francesco ibrahim,francesco.ibrahim339@yahoo.com,UAE,halal,2024-09-15,2024-09-15,2024-09-19,4,OTA,EUR,457.73,457.73,False,1830.92,True,False,False,False
BK00037,francesco weber,francesco.weber86@gmail.com,Italy,internazionale,2024-09-15,2024-09-15,2024-09-17,2,direct,EUR,458.65,458.65,False,917.3,True,False,False,False
BK00038,francesco ricci,francesco.ricci246@yahoo.com,USA,vegetariana,2024-09-15,2024-09-15,2024-09-18,3,direct,EUR,453.14,453.14,False,1359.42,True,False,False,True
BK00039,chen elena,elena.chen755@yahoo.com,Netherlands,internazionale,2024-09-15,2024-09-15,2024-09-18,3,direct,EUR,335.56,335.56,False,1006.68,True,False,False,False
BK00040,camille patel,camille.patel971@gmail.com,USA,kosher,2024-09-16,2024-09-16,2024-09-18,2,OTA,EUR,404.83,404.83,False,809.66,True,False,False,False
BK00041,charlotte yamamoto,charlotte.yamamoto683@outlook.com,Germany,senza glutine,2024-09-16,2024-09-16,2024-09-19,3,OTA,EUR,378.53,378.53,False,1135.59,True,False,False,False
BK00042,moreau youssef,youssef.moreau120@gmail.com,Germany,pesce,2024-09-16,2024-09-16,2024-09-18,2,OTA,EUR,422.64,422.64,False,845.28,True,False,False,False
BK00043,giorgia moreau,giorgia.moreau980@gmail.com,Japan,senza glutine,2024-09-16,2024-09-16,2024-09-21,5,direct,USD,348.38,320.51,False,1602.55,True,False,False,False
BK00044,fischer jean,jean.fischer576@yahoo.com,Spain,pesce,2024-09-16,2024-09-16,2024-09-18,2,OTA,EUR,379.1,379.1,False,758.2,True,False,False,False
BK00045,alessandro schmidt,alessandro.schmidt699@outlook.com,Germany,internazionale,2024-09-17,2024-09-17,2024-09-18,1,OTA,USD,433.73,399.03,False,399.03,True,False,False,False
BK00046,garcia james,james.garcia440@outlook.com,USA,pesce,2024-09-17,2024-09-17,2024-09-20,3,OTA,USD,361.09,332.2,False,996.6,True,False,False,False
BK00047,francesco singh,francesco.singh362@yahoo.com,Switzerland,senza glutine,2024-09-17,2024-09-17,2024-09-20,3,OTA,EUR,402.32,402.32,False,1206.96,True,False,False,False
BK00048,ingrid martinez,ingrid.martinez126@icloud.com,Spain,internazionale,2024-09-17,2024-09-17,2024-09-23,6,OTA,EUR,365.11,365.11,False,2190.66,True,False,False,False
BK00049,petrov pierre,pierre.petrov777@yahoo.com,Spain,halal,2024-09-17,2024-09-17,2024-09-21,4,direct,EUR,452.1,452.1,False,1808.4,True,False,False,False
BK00050,al-farsi jean,jean.al-farsi314@yahoo.com,UAE,vegana,2024-09-17,2024-09-17,2024-09-22,5,OTA,EUR,421.82,421.82,False,2109.1,True,False,False,False
BK00051,bruno lucia,lucia.bruno626@yahoo.com,UAE,vegetariana,2024-09-17,2024-09-17,2024-09-21,4,direct,USD,393.09,361.64,False,1446.56,True,False,False,False
BK00052,anna nowak,anna.nowak296@icloud.com,Japan,vegana,2024-09-18,2024-09-18,2024-09-21,3,direct,EUR,432.69,432.69,False,1298.07,True,False,True,False
BK00053,dmitri ferreira,dmitri.ferreira468@yahoo.com,Germany,vegetariana,2024-09-18,2024-09-18,2024-09-21,3,direct,EUR,404.38,404.38,False,1213.14,True,False,False,False
BK00054,henri singh,henri.singh463@gmail.com,UAE,vegana,2024-09-18,2024-09-18,2024-09-26,8,direct,EUR,435.33,435.33,False,3482.64,True,False,False,False
BK00055,nilsson robert,robert.nilsson403@outlook.com,UAE,vegana,2024-09-18,2024-09-18,2024-09-20,2,OTA,EUR,499.25,499.25,False,998.5,True,False,False,False
BK00056,girard yuki,yuki.girard14@yahoo.com,USA,senza glutine,2024-09-18,2024-09-18,2024-09-21,3,direct,EUR,354.04,354.04,True,0.0,True,False,False,False
BK00057,petrov silvia,silvia.petrov661@yahoo.com,Germany,internazionale,2024-09-18,2024-09-18,2024-09-22,4,OTA,USD,421.04,387.36,False,1549.44,True,False,False,False
BK00058,priya watanabe,priya.watanabe891@icloud.com,Germany,halal,2024-09-18,2024-09-18,2024-09-21,3,OTA,USD,421.18,387.49,False,1162.47,True,False,False,True
BK00059,olivia park,olivia.park424@icloud.com,UAE,kosher,2024-09-18,2024-09-18,2024-09-21,3,OTA,USD,430.84,396.37,False,1189.11,True,False,False,False
BK00060,ferrari giorgia,giorgia.ferrari942@gmail.com,UAE,vegetariana,2024-09-19,2024-09-19,2024-09-25,6,OTA,EUR,461.75,461.75,False,2770.5,True,False,False,False
BK00061,elena martinez,elena.martinez25@icloud.com,Germany,vegana,2024-09-19,2024-09-19,2024-09-24,5,OTA,USD,408.03,375.39,False,1876.95,True,False,False,False
BK00062,aiko singh,aiko.singh725@outlook.com,Japan,italiana,2024-09-19,2024-09-19,2024-09-24,5,OTA,EUR,312.24,312.24,False,1561.2,True,False,False,False
BK00063,girard isabella,isabella.girard57@gmail.com,Netherlands,vegetariana,2024-09-19,2024-09-19,2024-09-24,5,direct,USD,422.37,388.58,False,1942.9,True,False,False,False
BK00064,francesco lefevre,francesco.lefevre110@icloud.com,Japan,pesce,2024-09-20,2024-09-20,2024-09-22,2,direct,EUR,407.39,407.39,False,814.78,True,False,False,False
BK00065,patel youssef,youssef.patel793@yahoo.com,Italy,halal,2024-09-20,2024-09-20,2024-09-23,3,direct,EUR,383.37,383.37,False,1150.11,True,False,False,True
BK00066,maria silva,maria.silva496@outlook.com,Japan,halal,2024-09-20,2024-09-20,2024-09-22,2,direct,EUR,328.73,328.73,False,657.46,True,False,False,False
BK00067,fernandez valentina,valentina.fernandez290@yahoo.com,UK,pesce,2024-09-20,2024-09-20,2024-09-23,3,OTA,EUR,402.17,402.17,False,1206.51,True,False,False,False
BK00068,ferrari kenji,kenji.ferrari456@outlook.com,Italy,senza glutine,2024-09-20,2024-09-20,2024-09-22,2,OTA,EUR,460.73,460.73,False,921.46,True,False,False,False
BK00069,ferrari valentina,valentina.ferrari732@yahoo.com,Switzerland,halal,2024-09-20,2024-09-20,2024-09-25,5,OTA,USD,475.94,437.86,False,2189.3,True,False,False,False
BK00070,james johnson,james.johnson856@outlook.com,Switzerland,vegana,2024-09-21,2024-09-21,2024-09-25,4,OTA,EUR,394.51,394.51,False,1578.04,True,False,False,False
BK00071,hans rossi,hans.rossi455@outlook.com,Spain,kosher,2024-09-21,2024-09-21,2024-09-24,3,direct,EUR,393.59,393.59,False,1180.77,True,False,False,False
BK00072,chen erik,erik.chen40@icloud.com,UK,kosher,2024-09-21,2024-09-21,2024-09-27,6,OTA,EUR,418.99,418.99,False,2513.94,True,False,False,False
BK00073,marie weber,marie.weber504@gmail.com,France,halal,2024-09-21,2024-09-21,2024-09-24,3,OTA,EUR,432.93,432.93,False,1298.79,True,False,False,False
BK00074,sharma silvia,silvia.sharma800@icloud.com,Switzerland,italiana,2024-09-21,2024-09-21,2024-09-25,4,direct,EUR,436.84,436.84,False,1747.36,True,False,False,False
BK00075,giorgia greco,giorgia.greco732@icloud.com,Germany,pesce,2024-09-21,2024-09-21,2024-09-23,2,direct,USD,459.24,422.5,False,845.0,True,False,False,False
BK00076,garcia marie,marie.garcia155@outlook.com,France,pesce,2024-09-21,2024-09-21,2024-09-24,3,OTA,EUR,422.06,422.06,False,1266.18,True,False,False,False
BK00077,arjun nowak,arjun.nowak147@icloud.com,UK,halal,2024-09-22,2024-09-22,2024-09-25,3,OTA,USD,409.17,376.44,False,1129.32,True,False,False,False
BK00078,john kowalski,john.kowalski861@gmail.com,Switzerland,pesce,2024-09-22,2024-09-22,2024-09-23,1,OTA,USD,486.07,447.18,False,447.18,True,False,False,False
BK00079,ekaterina sokolov,ekaterina.sokolov235@yahoo.com,Germany,senza glutine,2024-09-22,2024-09-22,2024-09-25,3,direct,EUR,400.34,400.34,False,1201.02,True,False,False,False
BK00080,david esposito,david.esposito935@icloud.com,Spain,internazionale,2024-09-22,2024-09-22,2024-09-24,2,direct,EUR,379.78,379.78,False,759.56,True,False,False,False
BK00081,klaus ricci,klaus.ricci726@gmail.com,UK,pesce,2024-09-22,2024-09-22,2024-09-25,3,direct,EUR,374.99,374.99,False,1124.97,True,False,False,False
BK00082,andersen john,john.andersen568@icloud.com,UK,pesce,2024-09-22,2024-09-22,2024-09-24,2,OTA,EUR,457.04,457.04,False,914.08,True,False,False,False
BK00083,conti isabella,isabella.conti615@outlook.com,Japan,halal,2024-09-22,2024-09-22,2024-09-24,2,OTA,EUR,384.41,384.41,True,0.0,True,False,False,False
BK00084,johnson luca,luca.johnson88@gmail.com,UK,vegana,2024-09-22,2024-09-22,2024-09-23,1,OTA,USD,367.54,338.14,False,338.14,True,False,False,False
BK00085,aiko rossi,aiko.rossi405@icloud.com,Switzerland,internazionale,2024-09-22,2024-09-22,2024-09-24,2,direct,EUR,475.91,475.91,False,951.82,True,False,False,False
BK00086,al-farsi henri,henri.al-farsi602@outlook.com,Japan,internazionale,2024-09-22,2024-09-22,2024-09-27,5,direct,EUR,371.05,371.05,False,1855.25,True,False,False,False
BK00087,andrea girard,andrea.girard24@outlook.com,France,pesce,2024-09-22,2024-09-22,2024-09-23,1,OTA,EUR,489.13,489.13,False,489.13,True,False,False,True
BK00088,esposito marco,marco.esposito892@outlook.com,UK,vegana,2024-09-23,2024-09-23,2024-09-26,3,direct,EUR,431.21,431.21,False,1293.63,True,False,False,False
BK00089,esposito thomas,thomas.esposito557@yahoo.com,Japan,kosher,2024-09-23,2024-09-23,2024-09-26,3,OTA,EUR,374.79,374.79,False,1124.37,True,False,False,False
BK00090,fernandez layla,layla.fernandez825@gmail.com,Germany,vegana,2024-09-23,2024-09-23,2024-09-30,7,OTA,EUR,355.18,355.18,False,2486.26,True,False,False,False
BK00091,suzuki valentina,valentina.suzuki449@yahoo.com,France,italiana,2024-09-23,2024-09-23,2024-09-26,3,direct,USD,405.6,373.15,False,1119.45,True,False,False,False
BK00092,emma fernandez,emma.fernandez161@yahoo.com,Japan,internazionale,2024-09-23,2024-09-23,2024-09-24,1,OTA,EUR,422.95,422.95,False,422.95,True,False,False,True
BK00093,henri leroy,henri.leroy611@gmail.com,Germany,kosher,2024-09-24,2024-09-24,2024-09-27,3,OTA,EUR,426.12,426.12,False,1278.36,True,False,False,False
BK00094,ingrid nowak,ingrid.nowak330@gmail.com,Spain,vegetariana,2024-09-24,2024-09-24,2024-09-27,3,direct,EUR,375.83,375.83,False,1127.49,True,False,False,False
BK00095,watanabe youssef,youssef.watanabe191@yahoo.com,UK,pesce,2024-09-24,2024-09-24,2024-09-27,3,direct,USD,424.14,390.21,False,1170.63,True,False,False,False
BK00096,muller paolo,paolo.muller373@icloud.com,UK,vegetariana,2024-09-24,2024-09-24,2024-10-01,7,OTA,USD,428.01,393.77,False,2756.39,True,False,False,False
BK00097,kenji weber,kenji.weber684@outlook.com,Netherlands,senza glutine,2024-09-25,2024-09-25,2024-09-28,3,OTA,EUR,460.49,460.49,False,1381.47,True,False,False,False
BK00098,david wagner,david.wagner688@outlook.com,Spain,kosher,2024-09-25,2024-09-25,2024-09-29,4,direct,EUR,412.51,412.51,False,1650.04,True,False,False,False
BK00099,isabella kowalski,isabella.kowalski570@gmail.com,Germany,italiana,2024-09-25,2024-09-25,2024-09-28,3,OTA,EUR,406.7,406.7,False,1220.1,True,False,True,False
BK00100,ahmed kim,ahmed.kim205@gmail.com,France,pesce,2024-09-25,2024-09-25,2024-09-29,4,OTA,EUR,367.86,367.86,False,1471.44,True,False,False,False
BK00101,astrid wagner,astrid.wagner980@icloud.com,USA,kosher,2024-09-25,2024-09-25,2024-09-28,3,direct,EUR,422.59,422.59,False,1267.77,True,False,False,False
BK00102,costa patricia,patricia.costa745@outlook.com,Spain,senza glutine,2024-09-25,2024-09-25,2024-09-29,4,direct,EUR,398.59,398.59,False,1594.36,True,False,False,False
BK00103,james kobayashi,james.kobayashi219@yahoo.com,UK,senza glutine,2024-09-25,2024-09-25,2024-09-29,4,OTA,EUR,393.43,393.43,False,1573.72,True,False,False,False
BK00104,kim valentina,valentina.kim388@gmail.com,UAE,vegana,2024-09-26,2024-09-26,2024-09-30,4,OTA,EUR,365.72,365.72,False,1462.88,True,False,False,True
BK00105,matteo romano,matteo.romano756@yahoo.com,USA,internazionale,2024-09-26,2024-09-26,2024-09-30,4,OTA,USD,405.61,373.16,False,1492.64,True,False,False,False
BK00106,klein simone,simone.klein197@yahoo.com,France,halal,2024-09-26,2024-09-26,2024-09-29,3,OTA,EUR,407.47,407.47,False,1222.41,True,False,False,False
BK00107,greco ingrid,ingrid.greco932@gmail.com,Netherlands,halal,2024-09-26,2024-09-26,2024-09-30,4,direct,EUR,424.37,424.37,False,1697.48,True,False,False,False
BK00108,arjun smith,arjun.smith444@gmail.com,Japan,senza glutine,2024-09-26,2024-09-26,2024-09-29,3,direct,EUR,416.84,416.84,False,1250.52,True,False,False,False
BK00109,sara schmidt,sara.schmidt790@icloud.com,Netherlands,senza glutine,2024-09-26,2024-09-26,2024-09-29,3,OTA,USD,491.87,452.52,False,1357.56,True,False,False,False
BK00110,andrea ivanov,andrea.ivanov253@yahoo.com,Japan,senza glutine,2024-09-27,2024-09-27,2024-09-30,3,direct,USD,477.98,439.74,False,1319.22,True,False,False,False
BK00111,ananya ivanov,ananya.ivanov689@yahoo.com,Switzerland,internazionale,2024-09-27,2024-09-27,2024-09-29,2,OTA,EUR,520.45,520.45,False,1040.9,True,False,False,True
BK00112,hans ivanov,hans.ivanov796@gmail.com,Switzerland,internazionale,2024-09-27,2024-09-27,2024-09-29,2,direct,EUR,382.5,382.5,True,0.0,True,False,False,False
BK00113,ananya garcia,ananya.garcia535@icloud.com,Switzerland,italiana,2024-09-27,2024-09-27,2024-09-30,3,OTA,USD,466.75,429.41,False,1288.23,True,False,False,False
BK00114,charlotte patel,charlotte.patel905@yahoo.com,Italy,vegana,2024-09-27,2024-09-27,2024-09-30,3,direct,EUR,462.97,462.97,False,1388.91,True,False,False,False
BK00115,romano thomas,thomas.romano135@outlook.com,USA,italiana,2024-09-27,2024-09-27,2024-10-02,5,OTA,EUR,453.88,453.88,False,2269.4,True,False,False,False
BK00116,colombo isabella,isabella.colombo793@yahoo.com,Spain,kosher,2024-09-27,2024-09-27,2024-10-03,6,OTA,EUR,411.6,411.6,False,2469.6,True,False,False,False
BK00117,john kaczmarek,john.kaczmarek807@outlook.com,Spain,vegana,2024-09-27,2024-09-27,2024-09-28,1,OTA,USD,395.24,363.62,False,363.62,True,False,False,False
BK00118,priya singh,priya.singh111@outlook.com,Switzerland,vegana,2024-09-27,2024-09-27,2024-09-28,1,OTA,EUR,431.14,431.14,False,431.14,True,False,False,False
BK00119,bruno dmitri,dmitri.bruno516@icloud.com,Japan,internazionale,2024-09-28,2024-09-28,2024-10-01,3,OTA,USD,401.79,369.65,False,1108.95,True,False,False,True
BK00120,ananya klein,ananya.klein655@outlook.com,USA,internazionale,2024-09-28,2024-09-28,2024-10-01,3,OTA,EUR,473.09,473.09,False,1419.27,True,False,False,False
BK00121,aiko hassan,aiko.hassan384@gmail.com,USA,senza glutine,2024-09-28,2024-09-28,2024-09-30,2,OTA,EUR,389.6,389.6,False,779.2,True,False,False,False
BK00122,schmidt william,william.schmidt750@yahoo.com,Germany,italiana,2024-09-28,2024-09-28,2024-10-01,3,OTA,EUR,379.42,379.42,True,0.0,True,False,False,False
BK00123,romano simone,simone.romano453@outlook.com,Switzerland,kosher,2024-09-28,2024-09-28,2024-10-04,6,OTA,EUR,346.14,346.14,False,2076.84,True,False,False,False
BK00124,al-farsi valentina,valentina.al-farsi21@yahoo.com,Switzerland,pesce,2024-09-28,2024-09-28,2024-10-01,3,direct,EUR,440.72,440.72,False,1322.16,True,False,False,False
BK00125,colombo yuki,yuki.colombo920@icloud.com,Switzerland,italiana,2024-09-28,2024-09-28,2024-09-30,2,direct,EUR,417.02,417.02,False,834.04,True,False,False,False
BK00126,matteo rossi,matteo.rossi680@gmail.com,Switzerland,pesce,2024-09-29,2024-09-29,2024-10-01,2,direct,USD,401.55,369.43,False,738.86,True,False,False,False
BK00127,arjun park,arjun.park702@yahoo.com,France,vegana,2024-09-29,2024-09-29,2024-10-02,3,OTA,EUR,379.15,379.15,False,1137.45,True,False,False,False
BK00128,conti hans,hans.conti659@gmail.com,Italy,italiana,2024-09-29,2024-09-29,2024-10-02,3,direct,USD,470.12,432.51,False,1297.53,True,False,False,False
BK00129,dmitri hassan,dmitri.hassan114@icloud.com,Netherlands,senza glutine,2024-09-29,2024-09-29,2024-10-02,3,direct,EUR,441.52,441.52,False,1324.56,True,False,False,False
BK00130,nikolai sokolov,nikolai.sokolov938@icloud.com,Spain,senza glutine,2024-09-30,2024-09-30,2024-10-01,1,direct,USD,361.48,332.56,False,332.56,True,False,False,False
BK00131,bianchi pierre,pierre.bianchi593@icloud.com,Switzerland,vegana,2024-09-30,2024-09-30,2024-10-04,4,direct,EUR,404.15,404.15,False,1616.6,True,False,False,False
BK00132,arjun colombo,arjun.colombo462@yahoo.com,Switzerland,vegetariana,2024-09-30,2024-09-30,2024-10-05,5,direct,EUR,361.22,361.22,False,1806.1,True,False,False,True
BK00133,sophie weber,sophie.weber133@yahoo.com,Germany,halal,2024-09-30,2024-09-30,2024-10-02,2,OTA,EUR,451.96,451.96,False,903.92,True,False,False,False
BK00134,petrov william,william.petrov236@outlook.com,Japan,vegetariana,2024-10-02,2024-10-02,2024-10-04,2,direct,EUR,240.53,240.53,False,481.06,False,False,False,False
BK00135,giulia johnson,giulia.johnson634@outlook.com,France,vegana,2024-10-02,2024-10-02,2024-10-06,4,direct,EUR,205.13,205.13,False,820.52,False,False,False,False
BK00136,kim lucia,lucia.kim17@outlook.com,Switzerland,kosher,2024-10-02,2024-10-02,2024-10-04,2,OTA,EUR,251.09,251.09,False,502.18,False,False,False,False
BK00137,kim yuki,yuki.kim780@yahoo.com,Spain,pesce,2024-10-03,2024-10-03,2024-10-05,2,direct,EUR,244.63,244.63,False,489.26,False,False,False,False
BK00138,fatima fischer,fatima.fischer815@icloud.com,France,italiana,2024-10-03,2024-10-03,2024-10-04,1,OTA,EUR,233.5,233.5,False,233.5,False,False,False,False
BK00139,colombo francesco,francesco.colombo380@yahoo.com,UAE,internazionale,2024-10-03,2024-10-03,2024-10-05,2,direct,USD,191.05,175.77,False,351.54,False,False,False,False
BK00140,alessandro ferreira,alessandro.ferreira730@icloud.com,Germany,internazionale,2024-10-03,2024-10-03,2024-10-13,10,direct,EUR,297.84,297.84,False,2978.4,False,False,False,False
BK00141,matteo moreau,matteo.moreau200@yahoo.com,USA,halal,2024-10-03,2024-10-03,2024-10-06,3,OTA,EUR,291.84,291.84,False,875.52,False,False,False,False
BK00142,dubois william,william.dubois557@icloud.com,Switzerland,pesce,2024-10-03,2024-10-03,2024-10-05,2,direct,EUR,283.1,283.1,False,566.2,False,False,False,True
BK00143,james wagner,james.wagner811@outlook.com,Netherlands,italiana,2024-10-04,2024-10-04,2024-10-08,4,OTA,EUR,216.25,216.25,False,865.0,False,False,False,False
BK00144,marino pierre,pierre.marino828@outlook.com,UAE,italiana,2024-10-04,2024-10-04,2024-10-05,1,OTA,USD,211.16,194.27,False,194.27,False,False,False,False
BK00145,klein robert,robert.klein553@gmail.com,France,halal,2024-10-05,2024-10-05,2024-10-09,4,direct,EUR,215.65,215.65,False,862.6,False,False,False,False
BK00146,david klein,david.klein74@outlook.com,UK,kosher,2024-10-05,2024-10-05,2024-10-09,4,OTA,EUR,222.06,222.06,False,888.24,False,False,False,False
BK00147,pierre schmidt,pierre.schmidt335@outlook.com,France,internazionale,2024-10-05,2024-10-05,2024-10-08,3,direct,EUR,221.02,221.02,True,0.0,False,False,False,False
BK00148,ibrahim klaus,klaus.ibrahim744@gmail.com,UK,italiana,2024-10-05,2024-10-05,2024-10-06,1,OTA,EUR,216.71,216.71,False,216.71,False,False,False,False
BK00149,rossi silvia,silvia.rossi417@outlook.com,UAE,halal,2024-10-05,2024-10-05,2024-10-06,1,OTA,EUR,238.44,238.44,False,238.44,False,False,False,False
BK00150,ananya nowak,ananya.nowak390@icloud.com,Germany,pesce,2024-10-06,2024-10-06,2024-10-08,2,OTA,USD,277.3,255.12,False,510.24,False,False,False,True
BK00151,ferrari laura,laura.ferrari572@icloud.com,Japan,pesce,2024-10-06,2024-10-06,2024-10-08,2,direct,EUR,231.38,231.38,False,462.76,False,False,False,False
BK00152,carlos novak,carlos.novak532@icloud.com,Germany,senza glutine,2024-10-06,2024-10-06,2024-10-07,1,OTA,EUR,246.32,246.32,False,246.32,False,False,False,True
BK00153,henri tanaka,henri.tanaka253@icloud.com,UAE,pesce,2024-10-06,2024-10-06,2024-10-08,2,OTA,EUR,307.28,307.28,False,614.56,False,False,False,False
BK00154,al-farsi arjun,arjun.al-farsi445@outlook.com,Spain,vegetariana,2024-10-06,2024-10-06,2024-10-08,2,OTA,EUR,217.53,217.53,False,435.06,False,False,False,False
BK00155,novak valentina,valentina.novak29@outlook.com,USA,italiana,2024-10-07,2024-10-07,2024-10-09,2,OTA,EUR,261.11,261.11,False,522.22,False,False,False,False
BK00156,fatima petrov,fatima.petrov112@yahoo.com,France,senza glutine,2024-10-07,2024-10-07,2024-10-08,1,OTA,EUR,242.74,242.74,False,242.74,False,False,False,False
BK00157,kowalski laura,laura.kowalski446@outlook.com,Japan,kosher,2024-10-08,2024-10-08,2024-10-10,2,direct,EUR,225.95,225.95,False,451.9,False,False,False,False
BK00158,al-farsi ananya,ananya.al-farsi667@outlook.com,UK,vegana,2024-10-08,2024-10-08,2024-10-10,2,OTA,EUR,261.8,261.8,False,523.6,False,False,False,False
BK00159,al-rashid yuki,yuki.al-rashid180@outlook.com,UAE,internazionale,2024-10-08,2024-10-08,2024-10-10,2,OTA,EUR,179.23,179.23,False,358.46,False,False,False,False
BK00160,bianchi william,william.bianchi536@gmail.com,Germany,vegetariana,2024-10-08,2024-10-08,2024-10-09,1,OTA,EUR,249.81,249.81,False,249.81,False,False,False,False
BK00161,greco lucia,lucia.greco90@gmail.com,Italy,halal,2024-10-09,2024-10-09,2024-10-11,2,direct,EUR,168.17,168.17,False,336.34,False,False,False,False
BK00162,kaczmarek maria,maria.kaczmarek422@yahoo.com,Switzerland,vegana,2024-10-09,2024-10-09,2024-10-13,4,OTA,EUR,287.98,287.98,False,1151.92,False,False,False,False
BK00163,camille muller,camille.muller670@yahoo.com,UK,internazionale,2024-10-09,2024-10-09,2024-10-12,3,OTA,EUR,249.87,249.87,False,749.61,False,False,False,False
BK00164,colombo patricia,patricia.colombo851@gmail.com,Switzerland,vegana,2024-10-09,2024-10-09,2024-10-13,4,OTA,USD,219.01,201.49,False,805.96,False,False,False,False
BK00165,ricci silvia,silvia.ricci26@icloud.com,Italy,pesce,2024-10-10,2024-10-10,2024-10-12,2,direct,EUR,220.19,220.19,False,440.38,False,False,False,False
BK00166,charlotte conti,charlotte.conti938@outlook.com,Switzerland,vegana,2024-10-10,2024-10-10,2024-10-12,2,OTA,EUR,190.92,190.92,False,381.84,False,False,False,False
BK00167,alessandro ivanov,alessandro.ivanov535@gmail.com,France,vegetariana,2024-10-11,2024-10-11,2024-10-13,2,OTA,EUR,253.2,253.2,False,506.4,False,False,False,False
BK00168,priya schmidt,priya.schmidt464@outlook.com,UAE,vegana,2024-10-11,2024-10-11,2024-10-17,6,OTA,EUR,224.57,224.57,False,1347.42,False,False,False,False
BK00169,olga yamamoto,olga.yamamoto454@gmail.com,Germany,senza glutine,2024-10-11,2024-10-11,2024-10-12,1,OTA,EUR,266.92,266.92,False,266.92,False,False,False,False
BK00170,andrea kobayashi,andrea.kobayashi6@outlook.com,Germany,pesce,2024-10-11,2024-10-11,2024-10-12,1,OTA,EUR,241.08,241.08,False,241.08,False,False,False,False
BK00171,esposito fatima,fatima.esposito848@yahoo.com,Japan,vegana,2024-10-11,2024-10-11,2024-10-12,1,OTA,EUR,222.94,222.94,False,222.94,False,False,False,False
BK00172,bruno youssef,youssef.bruno14@outlook.com,Japan,italiana,2024-10-11,2024-10-11,2024-10-13,2,OTA,EUR,195.76,195.76,False,391.52,False,False,False,False
BK00173,luca yamamoto,luca.yamamoto155@gmail.com,Italy,kosher,2024-10-12,2024-10-12,2024-10-14,2,OTA,EUR,166.2,166.2,False,332.4,False,False,False,False
BK00174,david martinez,david.martinez268@icloud.com,Switzerland,vegetariana,2024-10-12,2024-10-12,2024-10-13,1,direct,EUR,225.27,225.27,False,225.27,False,False,False,False
BK00175,amelia silva,amelia.silva301@icloud.com,Japan,vegetariana,2024-10-12,2024-10-12,2024-10-15,3,OTA,EUR,237.24,237.24,False,711.72,False,False,False,False
BK00176,alessandro hassan,alessandro.hassan317@outlook.com,USA,internazionale,2024-10-12,2024-10-12,2024-10-15,3,OTA,EUR,189.11,189.11,False,567.33,False,False,False,False
BK00177,conti dmitri,dmitri.conti431@yahoo.com,Netherlands,vegetariana,2024-10-13,2024-10-13,2024-10-15,2,OTA,EUR,239.65,239.65,False,479.3,False,False,False,False
BK00178,arjun patel,arjun.patel231@gmail.com,Netherlands,vegana,2024-10-13,2024-10-13,2024-10-14,1,OTA,EUR,210.47,210.47,True,0.0,False,False,False,False
BK00179,david nowak,david.nowak726@yahoo.com,Italy,senza glutine,2024-10-13,2024-10-13,2024-10-14,1,OTA,EUR,273.4,273.4,False,273.4,False,False,False,False
BK00180,hans watanabe,hans.watanabe680@outlook.com,USA,internazionale,2024-10-13,2024-10-13,2024-10-14,1,OTA,EUR,219.56,219.56,True,0.0,False,False,False,False
BK00181,camille lopez,camille.lopez406@outlook.com,Switzerland,senza glutine,2024-10-13,2024-10-13,2024-10-17,4,OTA,EUR,212.39,212.39,False,849.56,False,False,False,False
BK00182,john klein,john.klein103@gmail.com,Spain,halal,2024-10-14,2024-10-14,2024-10-17,3,OTA,EUR,182.26,182.26,False,546.78,False,False,False,False
BK00183,silva sophie,sophie.silva130@icloud.com,Switzerland,pesce,2024-09-11,2024-10-14,2024-10-15,1,direct,EUR,305.83,305.83,False,305.83,False,False,False,True
BK00184,bianchi omar,omar.bianchi909@outlook.com,Italy,senza glutine,2024-10-14,2024-10-14,2024-10-18,4,OTA,EUR,189.23,189.23,False,756.92,False,False,False,False
BK00185,bernard john,john.bernard434@gmail.com,UK,pesce,2024-10-14,2024-10-14,2024-10-18,4,OTA,EUR,217.51,217.51,False,870.04,False,False,False,False
BK00186,camille garcia,camille.garcia475@yahoo.com,Switzerland,internazionale,2024-10-14,2024-10-14,2024-10-15,1,OTA,EUR,295.34,295.34,False,295.34,False,False,False,False
BK00187,chiara yamamoto,chiara.yamamoto814@outlook.com,USA,pesce,2024-10-15,2024-10-15,2024-10-16,1,OTA,EUR,198.64,198.64,False,198.64,False,False,False,False
BK00188,anna esposito,anna.esposito732@yahoo.com,USA,vegana,2024-10-15,2024-10-15,2024-10-16,1,OTA,EUR,271.91,271.91,False,271.91,False,False,False,False
BK00189,john meyer,john.meyer313@yahoo.com,Germany,internazionale,2024-10-15,2024-10-15,2024-10-21,6,OTA,USD,225.19,207.17,False,1243.02,False,False,False,False
BK00190,ahmed patel,ahmed.patel311@icloud.com,Germany,pesce,2024-10-15,2024-10-15,2024-10-16,1,OTA,EUR,277.87,277.87,False,277.87,False,False,False,True
BK00191,giorgia petrov,giorgia.petrov523@outlook.com,Japan,vegetariana,2024-10-16,2024-10-16,2024-10-19,3,OTA,EUR,236.38,236.38,False,709.14,False,False,False,True
BK00192,omar yamamoto,omar.yamamoto212@yahoo.com,Switzerland,vegetariana,2024-10-16,2024-10-16,2024-10-18,2,OTA,EUR,247.82,247.82,False,495.64,False,False,False,True
BK00193,ahmed weber,ahmed.weber766@outlook.com,UAE,kosher,2024-10-16,2024-10-16,2024-10-17,1,OTA,EUR,239.49,239.49,False,239.49,False,False,False,False
BK00194,al-farsi anna,anna.al-farsi291@outlook.com,Spain,internazionale,2024-10-16,2024-10-16,2024-10-18,2,OTA,EUR,202.53,202.53,False,405.06,False,False,False,False
BK00195,colombo luca,luca.colombo40@icloud.com,Netherlands,pesce,2024-10-17,2024-10-17,2024-10-20,3,OTA,EUR,274.72,274.72,False,824.16,False,False,False,False
BK00196,marco watanabe,marco.watanabe973@icloud.com,Spain,senza glutine,2024-10-17,2024-10-17,2024-10-23,6,OTA,EUR,221.23,221.23,False,1327.38,False,False,False,False
BK00197,ahmed smith,ahmed.smith79@outlook.com,Germany,internazionale,2024-10-18,2024-10-18,2024-10-19,1,OTA,EUR,251.74,251.74,False,251.74,False,False,False,True
BK00198,ananya singh,ananya.singh231@gmail.com,Japan,vegana,2024-10-18,2024-10-18,2024-10-21,3,OTA,EUR,287.18,287.18,False,861.54,False,False,False,False
BK00199,marie sharma,marie.sharma697@yahoo.com,Japan,pesce,2024-10-18,2024-10-18,2024-10-19,1,OTA,EUR,265.31,265.31,False,265.31,False,False,False,False
BK00200,alessandro meyer,alessandro.meyer973@outlook.com,Netherlands,internazionale,2024-10-18,2024-10-18,2024-10-19,1,OTA,EUR,255.13,255.13,False,255.13,False,False,False,False
BK00201,dubois william,william.dubois557@icloud.com,Switzerland,pesce,2024-10-03,2024-10-20,2024-10-22,2,OTA,EUR,200.7,200.7,False,401.4,False,False,False,True
BK00202,lopez luca,luca.lopez653@icloud.com,Germany,senza glutine,2024-10-20,2024-10-20,2024-10-27,7,OTA,EUR,284.75,284.75,False,1993.25,False,False,False,True
BK00203,emma martinez,emma.martinez398@gmail.com,France,pesce,2024-10-20,2024-10-20,2024-10-26,6,OTA,EUR,284.62,284.62,False,1707.72,False,False,False,True
BK00204,chiara ferrari,chiara.ferrari54@gmail.com,UK,halal,2024-10-20,2024-10-20,2024-10-22,2,OTA,EUR,243.06,243.06,False,486.12,False,False,False,True
BK00205,martinez valentina,valentina.martinez539@outlook.com,Netherlands,vegetariana,2024-10-20,2024-10-20,2024-10-24,4,OTA,EUR,205.91,205.91,False,823.64,False,False,False,False
BK00206,bruno thomas,thomas.bruno146@icloud.com,Switzerland,italiana,2024-10-21,2024-10-21,2024-10-24,3,OTA,USD,197.11,181.34,False,544.02,False,False,False,False
BK00207,bianchi priya,priya.bianchi298@icloud.com,Switzerland,internazionale,2024-10-21,2024-10-21,2024-10-23,2,OTA,USD,280.15,257.74,False,515.48,False,False,False,False
BK00208,girard kenji,kenji.girard958@outlook.com,Switzerland,halal,2024-10-21,2024-10-21,2024-10-23,2,OTA,USD,236.7,217.76,False,435.52,False,False,False,False
BK00209,kumar marco,marco.kumar751@yahoo.com,France,italiana,2024-10-22,2024-10-22,2024-10-24,2,OTA,USD,269.64,248.07,False,496.14,False,False,False,False
BK00210,alessandro nowak,alessandro.nowak646@icloud.com,USA,italiana,2024-09-12,2024-10-22,2024-10-24,2,OTA,EUR,217.87,217.87,False,435.74,False,False,False,False
BK00211,kaczmarek valentina,valentina.kaczmarek173@outlook.com,UAE,vegetariana,2024-10-22,2024-10-22,2024-10-24,2,direct,EUR,208.59,208.59,False,417.18,False,False,False,False
BK00212,patricia singh,patricia.singh474@outlook.com,Netherlands,italiana,2024-10-22,2024-10-22,2024-10-23,1,OTA,EUR,238.97,238.97,False,238.97,False,False,False,False
BK00213,kaczmarek nikolai,nikolai.kaczmarek243@icloud.com,France,senza glutine,2024-10-22,2024-10-22,2024-10-25,3,direct,EUR,228.57,228.57,False,685.71,False,False,False,False
BK00214,anna girard,anna.girard3@yahoo.com,Japan,halal,2024-10-23,2024-10-23,2024-10-24,1,OTA,USD,264.06,242.94,False,242.94,False,False,False,False
BK00215,al-rashid laura,laura.al-rashid586@outlook.com,UK,senza glutine,2024-10-23,2024-10-23,2024-10-27,4,OTA,EUR,255.35,255.35,False,1021.4,False,False,False,False
BK00216,costa marco,marco.costa108@yahoo.com,Spain,pesce,2024-10-24,2024-10-24,2024-10-27,3,OTA,USD,269.7,248.12,False,744.36,False,False,False,False
BK00217,alessandro kim,alessandro.kim452@yahoo.com,UAE,senza glutine,2024-10-24,2024-10-24,2024-10-28,4,OTA,USD,236.23,217.33,False,869.32,False,False,False,False
BK00218,fernandez lucia,lucia.fernandez469@gmail.com,France,italiana,2024-10-24,2024-10-24,2024-10-25,1,OTA,EUR,230.0,230.0,False,230.0,False,False,False,True
BK00219,muller omar,omar.muller831@gmail.com,UAE,italiana,2024-10-24,2024-10-24,2024-10-26,2,OTA,EUR,300.39,300.39,False,600.78,False,False,False,False
BK00220,bruno david,david.bruno423@yahoo.com,UAE,pesce,2024-10-25,2024-10-25,2024-10-27,2,OTA,EUR,226.07,226.07,False,452.14,False,False,False,False
BK00221,john lefevre,john.lefevre200@yahoo.com,France,vegetariana,2024-10-25,2024-10-25,2024-10-28,3,direct,EUR,214.4,214.4,True,0.0,False,False,False,True
BK00222,schmidt silvia,silvia.schmidt398@yahoo.com,Spain,senza glutine,2024-10-26,2024-10-26,2024-10-28,2,OTA,EUR,227.58,227.58,False,455.16,False,False,False,False
BK00223,pierre smith,pierre.smith837@outlook.com,UK,kosher,2024-10-26,2024-10-26,2024-10-31,5,OTA,EUR,228.7,228.7,False,1143.5,False,False,False,False
BK00224,andersen jean,jean.andersen839@outlook.com,USA,internazionale,2024-10-26,2024-10-26,2024-10-27,1,direct,EUR,194.03,194.03,False,194.03,False,False,False,True
BK00225,lefevre robert,robert.lefevre23@gmail.com,UK,italiana,2024-10-27,2024-10-27,2024-10-28,1,OTA,EUR,240.38,240.38,False,240.38,False,False,False,False
BK00226,esposito giulia,giulia.esposito937@gmail.com,UK,kosher,2024-10-27,2024-10-27,2024-10-30,3,OTA,EUR,227.39,227.39,False,682.17,False,False,False,False
BK00227,chen sara,sara.chen951@gmail.com,UK,pesce,2024-10-27,2024-10-27,2024-10-28,1,direct,EUR,244.15,244.15,False,244.15,False,False,False,False
BK00228,klaus yamamoto,klaus.yamamoto882@icloud.com,Switzerland,vegana,2024-10-27,2024-10-27,2024-10-29,2,OTA,EUR,255.24,255.24,False,510.48,False,False,True,False
BK00229,nowak simone,simone.nowak343@outlook.com,Germany,internazionale,2024-10-27,2024-10-27,2024-10-30,3,OTA,EUR,237.28,237.28,False,711.84,False,False,False,False
BK00230,chen lucia,lucia.chen807@yahoo.com,Netherlands,kosher,2024-10-28,2024-10-28,2024-10-30,2,OTA,EUR,241.46,241.46,False,482.92,False,False,False,False
BK00231,anna lopez,anna.lopez682@icloud.com,Switzerland,vegetariana,2024-10-29,2024-10-29,2024-10-31,2,OTA,EUR,227.5,227.5,False,455.0,False,False,False,False
BK00232,olga suzuki,olga.suzuki286@outlook.com,France,internazionale,2024-10-29,2024-10-29,2024-10-31,2,OTA,EUR,230.06,230.06,False,460.12,False,False,False,False
BK00233,bernard isabella,isabella.bernard603@icloud.com,France,senza glutine,2024-10-30,2024-10-30,2024-11-01,2,OTA,USD,223.5,205.62,False,411.24,False,False,False,False
BK00234,andersen jean,jean.andersen839@outlook.com,USA,internazionale,2024-10-26,2024-10-30,2024-10-31,1,OTA,USD,215.32,198.09,False,198.09,False,False,False,True
BK00235,marco muller,marco.muller813@yahoo.com,USA,senza glutine,2024-10-30,2024-10-30,2024-11-02,3,OTA,EUR,224.36,224.36,False,673.08,False,False,False,False
BK00236,simone watanabe,simone.watanabe283@yahoo.com,UAE,vegana,2024-10-31,2024-10-31,2024-11-02,2,OTA,EUR,244.81,244.81,False,489.62,False,False,False,True
BK00237,ferrari simone,simone.ferrari790@outlook.com,Netherlands,kosher,2024-10-31,2024-10-31,2024-11-03,3,direct,EUR,227.7,227.7,False,683.1,False,False,False,True
BK00238,al-rashid isabella,isabella.al-rashid518@yahoo.com,USA,italiana,2024-10-31,2024-10-31,2024-11-01,1,OTA,EUR,234.51,234.51,False,234.51,False,False,False,False
BK00239,carlos ivanov,carlos.ivanov296@gmail.com,USA,italiana,2024-10-31,2024-10-31,2024-11-01,1,direct,USD,208.45,191.77,False,191.77,False,False,False,False
BK00240,bianchi carlos,carlos.bianchi250@outlook.com,USA,vegetariana,2024-11-01,2024-11-01,2024-11-03,2,OTA,USD,229.91,211.52,False,423.04,False,False,False,False
BK00241,johnson paolo,paolo.johnson218@gmail.com,Netherlands,vegana,2024-11-01,2024-11-01,2024-11-04,3,OTA,EUR,233.55,233.55,False,700.65,False,False,False,False
BK00242,camille tanaka,camille.tanaka617@icloud.com,Italy,italiana,2024-11-01,2024-11-01,2024-11-02,1,OTA,EUR,182.32,182.32,False,182.32,False,False,False,False
BK00243,meyer patricia,patricia.meyer878@outlook.com,France,vegetariana,2024-11-02,2024-11-02,2024-11-05,3,OTA,USD,241.75,222.41,True,0.0,False,False,False,False
BK00244,diego dubois,diego.dubois89@yahoo.com,Spain,pesce,2024-11-02,2024-11-02,2024-11-03,1,OTA,EUR,233.17,233.17,False,233.17,False,False,False,False
BK00245,silvia yamamoto,silvia.yamamoto45@gmail.com,Spain,italiana,2024-11-02,2024-11-02,2024-11-05,3,direct,EUR,201.33,201.33,False,603.99,False,False,False,False
BK00246,matteo tanaka,matteo.tanaka494@yahoo.com,France,vegana,2024-11-02,2024-11-02,2024-11-03,1,OTA,EUR,220.49,220.49,False,220.49,False,False,False,True
BK00247,colombo ingrid,ingrid.colombo577@outlook.com,Italy,halal,2024-11-03,2024-11-03,2024-11-04,1,OTA,EUR,218.8,218.8,False,218.8,False,False,False,False
BK00248,federica schmidt,federica.schmidt35@yahoo.com,Japan,senza glutine,2024-11-03,2024-11-03,2024-11-05,2,OTA,EUR,245.46,245.46,False,490.92,False,False,False,False
BK00249,colombo kenji,kenji.colombo839@outlook.com,Switzerland,vegetariana,2024-11-04,2024-11-04,2024-11-06,2,OTA,EUR,208.98,208.98,False,417.96,False,False,False,False
BK00250,andrea petrov,andrea.petrov449@outlook.com,Netherlands,italiana,2024-11-04,2024-11-04,2024-11-05,1,direct,EUR,184.63,184.63,True,0.0,False,False,False,False
BK00251,kim priya,priya.kim388@outlook.com,UK,kosher,2024-11-04,2024-11-04,2024-11-06,2,OTA,EUR,220.73,220.73,False,441.46,False,False,False,False
BK00252,emma patel,emma.patel937@icloud.com,Italy,internazionale,2024-11-04,2024-11-04,2024-11-06,2,OTA,EUR,236.3,236.3,False,472.6,False,False,False,False
BK00253,hassan yuki,yuki.hassan938@gmail.com,USA,vegana,2024-11-05,2024-11-05,2024-11-10,5,OTA,EUR,206.33,206.33,False,1031.65,False,False,False,False
BK00254,amelia patel,amelia.patel562@outlook.com,Netherlands,senza glutine,2024-11-05,2024-11-05,2024-11-10,5,OTA,EUR,236.63,236.63,False,1183.15,False,False,False,False
BK00255,ivanov simone,simone.ivanov128@icloud.com,Spain,italiana,2024-11-05,2024-11-05,2024-11-06,1,OTA,EUR,196.24,196.24,False,196.24,False,False,False,False
BK00256,paolo wagner,paolo.wagner650@icloud.com,France,pesce,2024-11-06,2024-11-06,2024-11-12,6,OTA,USD,186.22,171.32,False,1027.92,False,False,False,False
BK00257,camille ibrahim,camille.ibrahim356@yahoo.com,Japan,vegana,2024-11-06,2024-11-06,2024-11-07,1,OTA,EUR,326.04,326.04,False,326.04,False,False,False,True
BK00258,emma esposito,emma.esposito169@icloud.com,USA,senza glutine,2024-11-06,2024-11-06,2024-11-08,2,OTA,EUR,224.13,224.13,False,448.26,False,False,False,False
BK00259,ibrahim simone,simone.ibrahim259@gmail.com,Germany,italiana,2024-11-06,2024-11-06,2024-11-08,2,OTA,EUR,238.24,238.24,False,476.48,False,False,False,False
BK00260,hassan isabella,isabella.hassan16@outlook.com,Switzerland,kosher,2024-11-06,2024-11-06,2024-11-07,1,direct,EUR,243.41,243.41,False,243.41,False,False,False,True
BK00261,fatima lopez,fatima.lopez743@gmail.com,Spain,halal,2024-11-07,2024-11-07,2024-11-12,5,OTA,EUR,233.72,233.72,False,1168.6,False,False,False,False
BK00262,colombo simone,simone.colombo263@gmail.com,France,senza glutine,2024-11-07,2024-11-07,2024-11-10,3,OTA,USD,264.57,243.4,False,730.2,False,False,False,False
BK00263,ferrari lucia,lucia.ferrari419@yahoo.com,Netherlands,italiana,2024-11-07,2024-11-07,2024-11-09,2,OTA,USD,245.99,226.31,False,452.62,False,False,False,False
BK00264,marco petrov,marco.petrov237@gmail.com,Germany,halal,2024-11-07,2024-11-07,2024-11-10,3,direct,EUR,264.99,264.99,False,794.97,False,False,False,False
BK00265,olga wagner,olga.wagner545@gmail.com,UK,vegetariana,2024-11-08,2024-11-08,2024-11-09,1,OTA,EUR,211.05,211.05,False,211.05,False,False,False,False
BK00266,astrid garcia,astrid.garcia110@outlook.com,USA,vegetariana,2024-11-08,2024-11-08,2024-11-09,1,OTA,EUR,177.87,177.87,False,177.87,False,False,False,True
BK00267,lopez olivia,olivia.lopez995@icloud.com,Japan,italiana,2024-11-08,2024-11-08,2024-11-10,2,OTA,EUR,222.14,222.14,False,444.28,False,False,False,True
BK00268,david garcia,david.garcia476@yahoo.com,Germany,internazionale,2024-11-08,2024-11-08,2024-11-11,3,OTA,EUR,207.02,207.02,False,621.06,False,False,False,False
BK00269,isabella muller,isabella.muller78@outlook.com,Netherlands,halal,2024-11-08,2024-11-08,2024-11-10,2,direct,EUR,208.79,208.79,False,417.58,False,False,False,False
BK00270,bianchi nikolai,nikolai.bianchi527@outlook.com,Spain,kosher,2024-11-08,2024-11-08,2024-11-11,3,direct,EUR,226.65,226.65,False,679.95,False,False,False,False
BK00271,francesco sharma,francesco.sharma421@yahoo.com,Italy,internazionale,2024-11-09,2024-11-09,2024-11-11,2,OTA,USD,235.5,216.66,False,433.32,False,False,False,False
BK00272,ivanov olga,olga.ivanov98@gmail.com,UK,vegetariana,2024-11-09,2024-11-09,2024-11-11,2,direct,USD,271.88,250.13,False,500.26,False,False,False,False
BK00273,astrid novak,astrid.novak745@gmail.com,Switzerland,kosher,2024-11-09,2024-11-09,2024-11-11,2,OTA,EUR,176.1,176.1,False,352.2,False,False,False,False
BK00274,marie nilsson,marie.nilsson841@gmail.com,UK,vegana,2024-11-10,2024-11-10,2024-11-13,3,OTA,EUR,282.27,282.27,False,846.81,False,False,False,False
BK00275,ahmed conti,ahmed.conti922@yahoo.com,Netherlands,halal,2024-11-10,2024-11-10,2024-11-14,4,OTA,EUR,244.01,244.01,False,976.04,False,False,False,False
BK00276,andrea rossi,andrea.rossi180@outlook.com,Switzerland,vegetariana,2024-11-11,2024-11-11,2024-11-15,4,OTA,USD,217.57,200.16,False,800.64,False,False,False,False
BK00277,aiko muller,aiko.muller757@icloud.com,France,senza glutine,2024-11-11,2024-11-11,2024-11-12,1,OTA,EUR,229.85,229.85,False,229.85,False,False,False,False
BK00278,lucia park,lucia.park3@outlook.com,Germany,vegana,2024-11-11,2024-11-11,2024-11-13,2,OTA,EUR,244.04,244.04,False,488.08,False,False,False,False
BK00279,ahmed sokolov,ahmed.sokolov14@gmail.com,Spain,senza glutine,2024-11-12,2024-11-12,2024-11-16,4,OTA,USD,222.21,204.43,True,0.0,False,False,False,False
BK00280,novak sara,sara.novak944@outlook.com,France,kosher,2024-11-13,2024-11-13,2024-11-16,3,direct,EUR,225.19,225.19,False,675.57,False,False,False,False
BK00281,bianchi fatima,fatima.bianchi958@icloud.com,UK,pesce,2024-11-13,2024-11-13,2024-11-18,5,OTA,EUR,227.15,227.15,False,1135.75,False,False,False,False
BK00282,ahmed sharma,ahmed.sharma65@icloud.com,France,kosher,2024-11-13,2024-11-13,2024-11-14,1,OTA,EUR,190.86,190.86,False,190.86,False,False,False,False
BK00283,erik marino,erik.marino249@gmail.com,Switzerland,senza glutine,2024-11-14,2024-11-14,2024-11-17,3,OTA,EUR,204.17,204.17,False,612.51,False,False,False,False
BK00284,ekaterina ibrahim,ekaterina.ibrahim658@icloud.com,Switzerland,pesce,2024-11-14,2024-11-14,2024-11-16,2,OTA,USD,226.25,208.15,False,416.3,False,False,False,True
BK00285,lefevre sara,sara.lefevre240@gmail.com,USA,pesce,2024-11-14,2024-11-14,2024-11-17,3,OTA,EUR,279.93,279.93,False,839.79,False,False,False,True
BK00286,lopez robert,robert.lopez284@yahoo.com,France,kosher,2024-11-14,2024-11-14,2024-11-17,3,OTA,USD,225.75,207.69,True,0.0,False,False,False,False
BK00287,david smith,david.smith199@yahoo.com,France,internazionale,2024-11-14,2024-11-14,2024-11-16,2,direct,EUR,194.49,194.49,False,388.98,False,False,False,True
BK00288,david lopez,david.lopez770@outlook.com,Germany,italiana,2024-11-15,2024-11-15,2024-11-17,2,OTA,EUR,245.94,245.94,False,491.88,False,False,False,False
BK00289,layla yamamoto,layla.yamamoto533@gmail.com,Netherlands,vegana,2024-11-15,2024-11-15,2024-11-17,2,direct,EUR,200.92,200.92,False,401.84,False,False,False,False
BK00290,olga watanabe,olga.watanabe256@gmail.com,UAE,senza glutine,2024-11-15,2024-11-15,2024-11-16,1,OTA,EUR,293.42,293.42,True,0.0,False,False,False,False
BK00291,garcia klaus,klaus.garcia559@icloud.com,UK,internazionale,2024-11-16,2024-11-16,2024-11-17,1,direct,EUR,299.32,299.32,False,299.32,False,False,False,True
BK00292,alessandro rossi,alessandro.rossi802@icloud.com,USA,vegana,2024-11-16,2024-11-16,2024-11-17,1,OTA,USD,191.82,176.47,False,176.47,False,False,False,True
BK00293,klein luca,luca.klein475@outlook.com,France,kosher,2024-11-16,2024-11-16,2024-11-20,4,direct,EUR,247.1,247.1,False,988.4,False,False,False,False
BK00294,fischer paolo,paolo.fischer70@gmail.com,Japan,halal,2024-11-17,2024-11-17,2024-11-19,2,OTA,EUR,207.24,207.24,False,414.48,False,False,False,False
BK00295,kumar layla,layla.kumar294@yahoo.com,France,pesce,2024-11-17,2024-11-17,2024-11-20,3,OTA,EUR,269.51,269.51,False,808.53,False,False,False,True
BK00296,elena ferrari,elena.ferrari353@outlook.com,Switzerland,kosher,2024-11-17,2024-11-17,2024-11-22,5,OTA,EUR,250.24,250.24,False,1251.2,False,False,False,True
BK00297,anna tanaka,anna.tanaka833@outlook.com,Italy,vegetariana,2024-11-17,2024-11-17,2024-11-20,3,direct,EUR,259.21,259.21,False,777.63,False,False,False,False
BK00298,ingrid nakamura,ingrid.nakamura916@outlook.com,Spain,internazionale,2024-11-18,2024-11-18,2024-11-19,1,OTA,EUR,253.48,253.48,False,253.48,False,False,False,False
BK00299,ananya fischer,ananya.fischer554@outlook.com,France,vegana,2024-11-18,2024-11-18,2024-11-23,5,direct,EUR,238.21,238.21,False,1191.05,False,False,False,False
BK00300,diego marino,diego.marino940@yahoo.com,UK,pesce,2024-11-19,2024-11-19,2024-11-21,2,OTA,EUR,249.83,249.83,False,499.66,False,False,False,False
BK00301,kobayashi pierre,pierre.kobayashi967@outlook.com,Italy,vegetariana,2024-11-20,2024-11-20,2024-11-21,1,OTA,EUR,237.85,237.85,True,0.0,False,False,False,False
BK00302,diego suzuki,diego.suzuki616@yahoo.com,Switzerland,internazionale,2024-11-21,2024-11-21,2024-11-27,6,OTA,EUR,216.13,216.13,False,1296.78,False,False,False,False
BK00303,pierre romano,pierre.romano220@yahoo.com,USA,halal,2024-11-21,2024-11-21,2024-11-22,1,OTA,EUR,270.17,270.17,False,270.17,False,False,False,False
BK00304,colombo ekaterina,ekaterina.colombo158@gmail.com,UK,italiana,2024-11-21,2024-11-21,2024-11-23,2,OTA,EUR,230.22,230.22,False,460.44,False,False,False,False
BK00305,costa hans,hans.costa633@gmail.com,Spain,italiana,2024-11-21,2024-11-21,2024-11-23,2,OTA,EUR,280.48,280.48,False,560.96,False,False,False,False
BK00306,carlos petrov,carlos.petrov381@icloud.com,UK,vegana,2024-11-21,2024-11-21,2024-11-24,3,OTA,EUR,265.91,265.91,False,797.73,False,False,False,False
BK00307,marie watanabe,marie.watanabe464@outlook.com,Switzerland,halal,2024-11-21,2024-11-21,2024-11-22,1,OTA,EUR,272.6,272.6,False,272.6,False,False,False,False
BK00308,chen erik,erik.chen40@icloud.com,UK,kosher,2024-09-21,2024-11-21,2024-11-22,1,direct,EUR,217.59,217.59,True,0.0,False,False,False,False
BK00309,camille marino,camille.marino234@gmail.com,Germany,senza glutine,2024-11-22,2024-11-22,2024-11-25,3,OTA,EUR,236.91,236.91,False,710.73,False,False,False,False
BK00310,francesco kobayashi,francesco.kobayashi677@gmail.com,Italy,italiana,2024-11-23,2024-11-23,2024-11-28,5,OTA,EUR,216.07,216.07,False,1080.35,False,False,False,False
BK00311,garcia maria,maria.garcia72@outlook.com,UAE,halal,2024-11-24,2024-11-24,2024-11-25,1,OTA,EUR,185.92,185.92,True,0.0,False,False,False,False
BK00312,bruno sara,sara.bruno830@icloud.com,USA,italiana,2024-11-24,2024-11-24,2024-11-25,1,OTA,USD,250.3,230.28,False,230.28,False,False,False,False
BK00313,garcia kenji,kenji.garcia343@outlook.com,Netherlands,senza glutine,2024-11-24,2024-11-24,2024-11-26,2,OTA,EUR,252.25,252.25,False,504.5,False,False,False,False
BK00314,klaus leroy,klaus.leroy835@yahoo.com,Switzerland,pesce,2024-11-25,2024-11-25,2024-11-27,2,OTA,USD,247.34,227.55,False,455.1,False,False,False,True
BK00315,ekaterina girard,ekaterina.girard388@outlook.com,Italy,halal,2024-11-26,2024-11-26,2024-12-01,5,OTA,EUR,254.21,254.21,False,1271.05,False,False,False,False
BK00316,nikolai yamamoto,nikolai.yamamoto640@outlook.com,UK,kosher,2024-11-27,2024-11-27,2024-11-28,1,OTA,EUR,254.51,254.51,False,254.51,False,False,False,False
BK00317,park simone,simone.park84@gmail.com,Netherlands,vegana,2024-11-27,2024-11-27,2024-11-30,3,OTA,USD,274.16,252.23,False,756.69,False,False,False,False
BK00318,valentina weber,valentina.weber990@gmail.com,Netherlands,senza glutine,2024-11-27,2024-11-27,2024-12-01,4,direct,EUR,290.73,290.73,False,1162.92,False,False,False,False
BK00319,ibrahim sophie,sophie.ibrahim648@yahoo.com,France,kosher,2024-11-27,2024-11-27,2024-12-04,7,OTA,EUR,241.97,241.97,False,1693.79,False,False,False,False
BK00320,david yamamoto,david.yamamoto794@icloud.com,USA,vegetariana,2024-11-28,2024-11-28,2024-11-30,2,direct,EUR,258.96,258.96,False,517.92,False,False,False,False
BK00321,olga silva,olga.silva1@yahoo.com,UAE,italiana,2024-11-28,2024-11-28,2024-12-01,3,direct,EUR,204.15,204.15,False,612.45,False,False,False,False
BK00322,conti ekaterina,ekaterina.conti66@outlook.com,USA,italiana,2024-11-28,2024-11-28,2024-11-29,1,OTA,EUR,228.64,228.64,False,228.64,False,False,False,False
BK00323,marie sokolov,marie.sokolov787@yahoo.com,Japan,halal,2024-11-28,2024-11-28,2024-11-29,1,direct,USD,196.61,180.88,False,180.88,False,False,False,True
BK00324,klaus wagner,klaus.wagner587@yahoo.com,Netherlands,italiana,2024-11-28,2024-11-28,2024-12-02,4,OTA,EUR,241.57,241.57,False,966.28,False,False,False,False
BK00325,girard simone,simone.girard969@gmail.com,Netherlands,italiana,2024-11-29,2024-11-29,2024-12-02,3,OTA,EUR,273.4,273.4,False,820.2,False,False,False,False
BK00326,andrea ivanov,andrea.ivanov253@yahoo.com,Japan,senza glutine,2024-09-27,2024-11-29,2024-11-30,1,OTA,EUR,268.07,268.07,False,268.07,False,False,False,False
BK00327,sara suzuki,sara.suzuki16@icloud.com,Netherlands,vegana,2024-11-30,2024-11-30,2024-12-02,2,direct,EUR,219.13,219.13,False,438.26,False,False,False,False
BK00328,silvia watanabe,silvia.watanabe970@icloud.com,UAE,kosher,2024-11-30,2024-11-30,2024-12-02,2,direct,USD,300.67,276.62,False,553.24,False,False,False,False
BK00329,dubois patricia,patricia.dubois13@gmail.com,USA,vegana,2024-11-30,2024-11-30,2024-12-01,1,OTA,EUR,268.58,268.58,False,268.58,False,False,False,False
BK00330,astrid ricci,astrid.ricci91@yahoo.com,UAE,pesce,2024-12-01,2024-12-01,2024-12-06,5,OTA,EUR,325.33,325.33,False,1626.65,True,False,False,False
BK00331,chiara silva,chiara.silva375@yahoo.com,Netherlands,pesce,2024-12-01,2024-12-01,2024-12-05,4,OTA,EUR,381.56,381.56,False,1526.24,True,False,False,False
BK00332,esposito olivia,olivia.esposito109@icloud.com,UAE,internazionale,2024-12-02,2024-12-02,2024-12-05,3,OTA,USD,380.96,350.48,False,1051.44,True,False,False,False
BK00333,andersen camille,camille.andersen722@icloud.com,Italy,senza glutine,2024-12-02,2024-12-02,2024-12-04,2,direct,USD,377.19,347.01,False,694.02,True,False,False,False
BK00334,aiko patel,aiko.patel113@yahoo.com,Germany,senza glutine,2024-12-02,2024-12-02,2024-12-05,3,OTA,EUR,426.87,426.87,False,1280.61,True,False,False,False
BK00335,alessandro moreau,alessandro.moreau410@icloud.com,Spain,halal,2024-12-02,2024-12-02,2024-12-06,4,direct,EUR,451.3,451.3,False,1805.2,True,False,False,True
BK00336,marino william,william.marino224@icloud.com,Spain,kosher,2024-12-02,2024-12-02,2024-12-04,2,direct,EUR,444.03,444.03,False,888.06,True,False,False,False
BK00337,marco yamamoto,marco.yamamoto541@gmail.com,Japan,halal,2024-12-02,2024-12-02,2024-12-05,3,direct,EUR,367.16,367.16,False,1101.48,True,False,False,False
BK00338,chiara schmidt,chiara.schmidt978@outlook.com,France,internazionale,2024-12-03,2024-12-03,2024-12-09,6,OTA,EUR,375.46,375.46,False,2252.76,True,False,False,False
BK00339,diego novak,diego.novak49@outlook.com,France,italiana,2024-12-03,2024-12-03,2024-12-06,3,direct,EUR,366.55,366.55,False,1099.65,True,False,False,False
BK00340,erik weber,erik.weber832@yahoo.com,Spain,kosher,2024-12-03,2024-12-03,2024-12-08,5,OTA,USD,367.06,337.7,False,1688.5,True,False,False,True
BK00341,kowalski william,william.kowalski712@yahoo.com,Spain,vegetariana,2024-12-03,2024-12-03,2024-12-06,3,OTA,EUR,424.74,424.74,False,1274.22,True,False,False,True
BK00342,arjun kim,arjun.kim720@outlook.com,Spain,senza glutine,2024-12-03,2024-12-03,2024-12-06,3,direct,EUR,389.25,389.25,False,1167.75,True,False,False,False
BK00343,olga singh,olga.singh653@outlook.com,USA,senza glutine,2024-12-03,2024-12-03,2024-12-06,3,OTA,EUR,471.11,471.11,False,1413.33,True,False,False,True
BK00344,kaczmarek sophie,sophie.kaczmarek639@yahoo.com,UK,vegetariana,2024-12-03,2024-12-03,2024-12-06,3,OTA,EUR,481.09,481.09,False,1443.27,True,False,False,False
BK00345,fischer priya,priya.fischer968@outlook.com,Japan,internazionale,2024-12-03,2024-12-03,2024-12-06,3,direct,EUR,347.25,347.25,False,1041.75,True,False,False,False
BK00346,nakamura valentina,valentina.nakamura920@yahoo.com,Switzerland,senza glutine,2024-12-04,2024-12-04,2024-12-05,1,OTA,EUR,509.24,509.24,False,509.24,True,False,False,False
BK00347,kaczmarek marco,marco.kaczmarek307@outlook.com,UK,vegetariana,2024-12-04,2024-12-04,2024-12-09,5,OTA,EUR,483.0,483.0,False,2415.0,True,False,False,False
BK00348,al-rashid william,william.al-rashid296@yahoo.com,UAE,italiana,2024-12-04,2024-12-04,2024-12-07,3,direct,EUR,400.68,400.68,False,1202.04,True,False,False,False
BK00349,novak sophie,sophie.novak514@gmail.com,Spain,internazionale,2024-12-04,2024-12-04,2024-12-10,6,direct,EUR,372.12,372.12,False,2232.72,True,False,False,False
BK00350,al-farsi ekaterina,ekaterina.al-farsi28@gmail.com,Germany,kosher,2024-12-04,2024-12-04,2024-12-07,3,OTA,EUR,472.62,472.62,True,0.0,True,False,False,False
BK00351,colombo david,david.colombo469@outlook.com,UK,halal,2024-12-04,2024-12-04,2024-12-05,1,direct,EUR,448.38,448.38,False,448.38,True,False,False,False
BK00352,hans kumar,hans.kumar727@yahoo.com,Japan,vegetariana,2024-12-04,2024-12-04,2024-12-08,4,OTA,EUR,445.25,445.25,False,1781.0,True,False,False,True
BK00353,ingrid marino,ingrid.marino470@gmail.com,Italy,vegana,2024-12-04,2024-12-04,2024-12-07,3,direct,EUR,456.37,456.37,False,1369.11,True,False,False,False
BK00354,omar sokolov,omar.sokolov388@outlook.com,Japan,pesce,2024-12-04,2024-12-04,2024-12-08,4,OTA,EUR,508.61,508.61,False,2034.44,True,False,False,False
BK00355,leroy youssef,youssef.leroy898@gmail.com,Spain,internazionale,2024-12-04,2024-12-04,2024-12-09,5,OTA,EUR,454.29,454.29,True,0.0,True,False,False,False
BK00356,ingrid petrov,ingrid.petrov307@yahoo.com,France,vegana,2024-12-05,2024-12-05,2024-12-08,3,OTA,EUR,426.38,426.38,False,1279.14,True,False,False,False
BK00357,simone smith,simone.smith280@gmail.com,Germany,vegetariana,2024-12-05,2024-12-05,2024-12-09,4,OTA,EUR,440.38,440.38,False,1761.52,True,False,False,False
BK00358,carlos dubois,carlos.dubois993@outlook.com,UAE,pesce,2024-12-05,2024-12-05,2024-12-10,5,OTA,EUR,406.77,406.77,False,2033.85,True,False,False,False
BK00359,johnson pierre,pierre.johnson473@icloud.com,Germany,vegetariana,2024-12-05,2024-12-05,2024-12-11,6,OTA,USD,377.74,347.52,False,2085.12,True,False,False,False
BK00360,ekaterina watanabe,ekaterina.watanabe172@icloud.com,Japan,pesce,2024-12-05,2024-12-05,2024-12-06,1,direct,EUR,333.23,333.23,False,333.23,True,False,False,False
BK00361,dmitri martinez,dmitri.martinez595@outlook.com,Italy,vegana,2024-12-05,2024-12-05,2024-12-08,3,OTA,EUR,459.63,459.63,False,1378.89,True,False,False,False
BK00362,alessandro park,alessandro.park793@icloud.com,UK,pesce,2024-12-05,2024-12-05,2024-12-10,5,OTA,EUR,400.77,400.77,False,2003.85,True,False,False,False
BK00363,charlotte sharma,charlotte.sharma917@outlook.com,Germany,vegana,2024-12-05,2024-12-05,2024-12-08,3,direct,EUR,456.4,456.4,False,1369.2,True,False,False,False
BK00364,kim pierre,pierre.kim782@gmail.com,Spain,senza glutine,2024-12-05,2024-12-05,2024-12-06,1,OTA,EUR,454.14,454.14,False,454.14,True,False,False,False
BK00365,ingrid kobayashi,ingrid.kobayashi216@gmail.com,Spain,vegetariana,2024-12-05,2024-12-05,2024-12-08,3,direct,EUR,422.72,422.72,False,1268.16,True,False,False,False
BK00366,charlotte watanabe,charlotte.watanabe956@outlook.com,Germany,internazionale,2024-12-06,2024-12-06,2024-12-16,10,direct,EUR,403.48,403.48,False,4034.8,True,False,False,False
BK00367,james weber,james.weber701@icloud.com,UK,pesce,2024-12-06,2024-12-06,2024-12-13,7,direct,EUR,332.52,332.52,False,2327.64,True,False,False,False
BK00368,andersen fatima,fatima.andersen491@icloud.com,France,halal,2024-12-06,2024-12-06,2024-12-10,4,OTA,EUR,453.04,453.04,False,1812.16,True,False,False,False
BK00369,kaczmarek silvia,silvia.kaczmarek819@gmail.com,Japan,pesce,2024-12-06,2024-12-06,2024-12-09,3,direct,EUR,414.44,414.44,False,1243.32,True,False,False,False
BK00370,martinez olivia,olivia.martinez497@icloud.com,Switzerland,kosher,2024-12-06,2024-12-06,2024-12-09,3,OTA,USD,438.37,403.3,False,1209.9,True,False,False,False
BK00371,kenji nakamura,kenji.nakamura915@icloud.com,USA,vegana,2024-12-06,2024-12-06,2024-12-10,4,direct,EUR,414.41,414.41,False,1657.64,True,False,False,False
BK00372,fatima kumar,fatima.kumar250@outlook.com,Germany,kosher,2024-12-06,2024-12-06,2024-12-09,3,OTA,EUR,434.6,434.6,True,0.0,True,False,False,True
BK00373,carlos colombo,carlos.colombo353@yahoo.com,Japan,italiana,2024-12-06,2024-12-06,2024-12-10,4,OTA,EUR,383.15,383.15,False,1532.6,True,False,False,False
BK00374,garcia layla,layla.garcia520@icloud.com,Japan,halal,2024-12-06,2024-12-06,2024-12-07,1,OTA,EUR,452.42,452.42,False,452.42,True,False,False,False
BK00375,greco pierre,pierre.greco24@outlook.com,France,kosher,2024-12-07,2024-12-07,2024-12-11,4,OTA,EUR,430.34,430.34,False,1721.36,True,False,False,False
BK00376,charlotte petrov,charlotte.petrov775@outlook.com,France,vegetariana,2024-12-07,2024-12-07,2024-12-11,4,OTA,EUR,408.41,408.41,True,0.0,True,False,False,False
BK00377,nowak sara,sara.nowak890@gmail.com,France,vegetariana,2024-12-07,2024-12-07,2024-12-13,6,OTA,EUR,436.79,436.79,False,2620.74,True,False,False,True
BK00378,chiara tanaka,chiara.tanaka180@outlook.com,Netherlands,vegetariana,2024-12-07,2024-12-07,2024-12-15,8,OTA,USD,400.45,368.41,True,0.0,True,False,False,False
BK00379,nilsson olivia,olivia.nilsson303@icloud.com,UK,internazionale,2024-12-07,2024-12-07,2024-12-13,6,direct,EUR,461.89,461.89,False,2771.34,True,False,False,False
BK00380,costa kenji,kenji.costa682@outlook.com,Spain,italiana,2024-12-07,2024-12-07,2024-12-09,2,OTA,USD,368.82,339.31,False,678.62,True,False,False,False
BK00381,bruno olga,olga.bruno336@icloud.com,Germany,vegetariana,2024-12-07,2024-12-07,2024-12-09,2,OTA,EUR,401.97,401.97,False,803.94,True,False,False,False
BK00382,andersen giorgia,giorgia.andersen517@icloud.com,Spain,italiana,2024-12-08,2024-12-08,2024-12-10,2,direct,EUR,390.33,390.33,False,780.66,True,False,False,False
BK00383,francesco petrov,francesco.petrov140@gmail.com,USA,senza glutine,2024-12-08,2024-12-08,2024-12-10,2,direct,EUR,475.84,475.84,False,951.68,True,False,False,False
BK00384,klein robert,robert.klein553@gmail.com,France,halal,2024-10-05,2024-12-08,2024-12-13,5,direct,USD,516.92,475.57,False,2377.85,True,False,False,False
BK00385,jean singh,jean.singh468@icloud.com,UAE,vegana,2024-12-08,2024-12-08,2024-12-10,2,direct,EUR,353.52,353.52,False,707.04,True,False,False,False
BK00386,john schmidt,john.schmidt4@gmail.com,Japan,internazionale,2024-12-09,2024-12-09,2024-12-11,2,OTA,EUR,380.87,380.87,False,761.74,True,False,False,False
BK00387,anna ricci,anna.ricci819@gmail.com,Spain,senza glutine,2024-12-09,2024-12-09,2024-12-12,3,direct,EUR,499.72,499.72,False,1499.16,True,False,False,True
BK00388,maria watanabe,maria.watanabe794@gmail.com,France,vegana,2024-12-09,2024-12-09,2024-12-13,4,direct,EUR,423.1,423.1,False,1692.4,True,False,False,False
BK00389,lucia martinez,lucia.martinez565@outlook.com,France,senza glutine,2024-12-09,2024-12-09,2024-12-15,6,OTA,EUR,408.6,408.6,False,2451.6,True,False,False,False
BK00390,conti matteo,matteo.conti732@icloud.com,UK,italiana,2024-12-10,2024-12-10,2024-12-15,5,direct,USD,345.82,318.15,False,1590.75,True,False,False,False
BK00391,maria petrov,maria.petrov926@icloud.com,Netherlands,kosher,2024-12-10,2024-12-10,2024-12-12,2,OTA,EUR,464.26,464.26,False,928.52,True,False,False,False
BK00392,simone watanabe,simone.watanabe283@yahoo.com,UAE,vegana,2024-10-31,2024-12-10,2024-12-13,3,OTA,EUR,401.99,401.99,True,0.0,True,False,False,True
BK00393,charlotte colombo,charlotte.colombo268@yahoo.com,USA,pesce,2024-12-10,2024-12-10,2024-12-15,5,OTA,EUR,537.06,537.06,False,2685.3,True,False,False,False
BK00394,erik nakamura,erik.nakamura356@yahoo.com,France,kosher,2024-12-10,2024-12-10,2024-12-14,4,direct,EUR,423.37,423.37,False,1693.48,True,False,False,True
BK00395,costa henri,henri.costa104@gmail.com,UAE,vegana,2024-12-10,2024-12-10,2024-12-13,3,direct,EUR,471.44,471.44,False,1414.32,True,False,False,False
BK00396,diego nilsson,diego.nilsson890@icloud.com,UAE,internazionale,2024-12-11,2024-12-11,2024-12-16,5,OTA,EUR,382.39,382.39,False,1911.95,True,False,False,True
BK00397,james martinez,james.martinez311@outlook.com,Netherlands,halal,2024-12-11,2024-12-11,2024-12-15,4,OTA,EUR,376.51,376.51,False,1506.04,True,False,False,False
BK00398,andersen omar,omar.andersen83@yahoo.com,Germany,vegetariana,2024-12-11,2024-12-11,2024-12-18,7,OTA,EUR,481.38,481.38,False,3369.66,True,False,False,False
BK00399,bernard matteo,matteo.bernard387@icloud.com,Japan,pesce,2024-12-11,2024-12-11,2024-12-17,6,OTA,EUR,402.08,402.08,False,2412.48,True,False,False,False
BK00400,ferrari giulia,giulia.ferrari125@icloud.com,Japan,kosher,2024-12-11,2024-12-11,2024-12-14,3,OTA,USD,431.23,396.73,False,1190.19,True,False,False,False
BK00401,aiko silva,aiko.silva690@yahoo.com,USA,pesce,2024-12-11,2024-12-11,2024-12-17,6,direct,EUR,379.55,379.55,False,2277.3,True,False,False,False
BK00402,esposito sara,sara.esposito183@gmail.com,UAE,halal,2024-12-11,2024-12-11,2024-12-13,2,OTA,EUR,510.57,510.57,False,1021.14,True,False,False,False
BK00403,costa olga,olga.costa210@gmail.com,Italy,senza glutine,2024-12-11,2024-12-11,2024-12-15,4,OTA,EUR,462.61,462.61,False,1850.44,True,False,False,False
BK00404,matteo sharma,matteo.sharma779@icloud.com,Italy,kosher,2024-12-12,2024-12-12,2024-12-17,5,OTA,EUR,505.92,505.92,False,2529.6,True,False,False,False
BK00405,colombo hans,hans.colombo550@gmail.com,UK,vegana,2024-12-12,2024-12-12,2024-12-16,4,direct,EUR,387.67,387.67,False,1550.68,True,False,False,False
BK00406,diego rossi,diego.rossi114@outlook.com,UAE,kosher,2024-12-12,2024-12-12,2024-12-16,4,OTA,EUR,466.09,466.09,False,1864.36,True,False,False,False
BK00407,singh youssef,youssef.singh791@icloud.com,France,pesce,2024-12-12,2024-12-12,2024-12-18,6,direct,USD,501.37,461.26,False,2767.56,True,False,False,False
BK00408,camille kumar,camille.kumar356@yahoo.com,Switzerland,vegana,2024-12-12,2024-12-12,2024-12-14,2,direct,EUR,436.12,436.12,False,872.24,True,False,False,False
BK00409,isabella ivanov,isabella.ivanov997@gmail.com,France,senza glutine,2024-12-12,2024-12-12,2024-12-17,5,OTA,EUR,450.89,450.89,True,0.0,True,False,False,False
BK00410,henri sharma,henri.sharma27@gmail.com,UK,vegana,2024-12-12,2024-12-12,2024-12-14,2,OTA,EUR,425.93,425.93,False,851.86,True,False,False,False
BK00411,aiko andersen,aiko.andersen698@icloud.com,Japan,kosher,2024-12-12,2024-12-12,2024-12-15,3,direct,EUR,425.38,425.38,False,1276.14,True,False,False,False
BK00412,andrea conti,andrea.conti606@icloud.com,Netherlands,senza glutine,2024-12-13,2024-12-13,2024-12-15,2,direct,EUR,434.8,434.8,False,869.6,True,False,False,False
BK00413,astrid patel,astrid.patel624@icloud.com,Spain,italiana,2024-12-13,2024-12-13,2024-12-17,4,OTA,EUR,463.04,463.04,False,1852.16,True,False,False,False
BK00414,marco singh,marco.singh3@gmail.com,Italy,senza glutine,2024-12-13,2024-12-13,2024-12-17,4,OTA,EUR,432.78,432.78,False,1731.12,True,False,False,False
BK00415,chiara novak,chiara.novak71@gmail.com,USA,pesce,2024-12-13,2024-12-13,2024-12-15,2,OTA,EUR,485.71,485.71,True,0.0,True,False,False,False
BK00416,arjun sokolov,arjun.sokolov151@icloud.com,Switzerland,vegetariana,2024-12-13,2024-12-13,2024-12-17,4,OTA,EUR,412.56,412.56,False,1650.24,True,False,False,False
BK00417,ananya ivanov,ananya.ivanov689@yahoo.com,Switzerland,internazionale,2024-09-27,2024-12-14,2024-12-16,2,direct,EUR,402.03,402.03,False,804.06,True,False,False,True
BK00418,al-rashid kenji,kenji.al-rashid280@outlook.com,UK,kosher,2024-12-14,2024-12-14,2024-12-20,6,OTA,EUR,420.67,420.67,False,2524.02,True,False,False,False
BK00419,aiko lopez,aiko.lopez935@outlook.com,Spain,vegana,2024-12-14,2024-12-14,2024-12-17,3,OTA,EUR,377.34,377.34,False,1132.02,True,False,False,False
BK00420,lefevre thomas,thomas.lefevre955@icloud.com,UK,pesce,2024-12-14,2024-12-14,2024-12-16,2,direct,EUR,416.48,416.48,False,832.96,True,False,False,False
BK00421,chiara kaczmarek,chiara.kaczmarek591@icloud.com,Switzerland,pesce,2024-12-14,2024-12-14,2024-12-15,1,direct,EUR,372.35,372.35,False,372.35,True,False,False,False
BK00422,layla popov,layla.popov982@yahoo.com,Germany,vegana,2024-12-15,2024-12-15,2024-12-18,3,direct,EUR,435.98,435.98,False,1307.94,True,False,False,False
BK00423,astrid fischer,astrid.fischer739@gmail.com,Germany,senza glutine,2024-12-15,2024-12-15,2024-12-17,2,OTA,EUR,399.26,399.26,False,798.52,True,False,False,False
BK00424,al-rashid ingrid,ingrid.al-rashid237@outlook.com,Switzerland,pesce,2024-12-15,2024-12-15,2024-12-20,5,OTA,EUR,447.64,447.64,False,2238.2,True,False,False,False
BK00425,arjun marino,arjun.marino531@icloud.com,Japan,kosher,2024-12-15,2024-12-15,2024-12-18,3,direct,EUR,419.09,419.09,True,0.0,True,False,False,False
BK00426,dmitri leroy,dmitri.leroy881@yahoo.com,France,senza glutine,2024-12-15,2024-12-15,2024-12-16,1,OTA,USD,410.95,378.07,False,378.07,True,False,False,False
BK00427,lefevre luca,luca.lefevre147@yahoo.com,Switzerland,vegetariana,2024-12-15,2024-12-15,2024-12-19,4,OTA,USD,485.57,446.72,False,1786.88,True,False,False,False
BK00428,greco robert,robert.greco813@outlook.com,France,vegetariana,2024-12-15,2024-12-15,2024-12-17,2,direct,EUR,430.16,430.16,True,0.0,True,False,False,False
BK00429,fatima klein,fatima.klein287@icloud.com,USA,italiana,2024-12-15,2024-12-15,2024-12-22,7,OTA,EUR,447.06,447.06,False,3129.42,True,False,False,False
BK00430,andersen erik,erik.andersen924@icloud.com,Italy,kosher,2024-12-15,2024-12-15,2024-12-23,8,OTA,USD,378.63,348.34,False,2786.72,True,False,False,False
BK00431,pierre yamamoto,pierre.yamamoto861@yahoo.com,Switzerland,internazionale,2024-12-15,2024-12-15,2024-12-19,4,OTA,EUR,463.02,463.02,False,1852.08,True,False,False,False
BK00432,nakamura sara,sara.nakamura409@gmail.com,UAE,italiana,2024-12-15,2024-12-15,2024-12-26,11,direct,USD,429.15,394.82,False,4343.02,True,False,False,True
BK00433,ibrahim jean,jean.ibrahim624@yahoo.com,USA,italiana,2024-12-15,2024-12-15,2024-12-18,3,OTA,EUR,403.21,403.21,False,1209.63,True,False,False,True
BK00434,bruno paolo,paolo.bruno210@yahoo.com,USA,internazionale,2024-12-16,2024-12-16,2024-12-23,7,direct,EUR,411.02,411.02,True,0.0,True,False,False,False
BK00435,federica muller,federica.muller883@yahoo.com,Spain,kosher,2024-12-16,2024-12-16,2024-12-20,4,direct,EUR,442.49,442.49,False,1769.96,True,False,False,False
BK00436,layla nakamura,layla.nakamura140@gmail.com,USA,italiana,2024-12-16,2024-12-16,2024-12-20,4,direct,EUR,386.94,386.94,False,1547.76,True,False,False,True
BK00437,carlos smith,carlos.smith390@icloud.com,USA,halal,2024-12-16,2024-12-16,2024-12-17,1,OTA,EUR,485.57,485.57,False,485.57,True,False,False,False
BK00438,dubois john,john.dubois735@gmail.com,Germany,vegana,2024-12-16,2024-12-16,2024-12-19,3,OTA,EUR,445.05,445.05,False,1335.15,True,False,False,False
BK00439,anna lefevre,anna.lefevre135@outlook.com,France,vegetariana,2024-12-17,2024-12-17,2024-12-21,4,direct,USD,425.61,391.56,False,1566.24,True,False,False,False
BK00440,david watanabe,david.watanabe586@icloud.com,Netherlands,vegana,2024-12-17,2024-12-17,2024-12-19,2,OTA,EUR,413.22,413.22,False,826.44,True,False,False,False
BK00441,garcia lucia,lucia.garcia96@icloud.com,Japan,vegana,2024-12-18,2024-12-18,2024-12-24,6,OTA,EUR,462.73,462.73,False,2776.38,True,False,False,False
BK00442,diego tanaka,diego.tanaka136@yahoo.com,Netherlands,vegana,2024-12-18,2024-12-18,2024-12-20,2,OTA,EUR,388.05,388.05,False,776.1,True,False,False,False
BK00443,novak omar,omar.novak133@icloud.com,Spain,pesce,2024-12-18,2024-12-18,2024-12-19,1,OTA,EUR,404.25,404.25,False,404.25,True,False,False,False
BK00444,colombo omar,omar.colombo757@outlook.com,France,kosher,2024-12-18,2024-12-18,2024-12-21,3,OTA,USD,412.93,379.9,False,1139.7,True,False,False,False
BK00445,john weber,john.weber424@icloud.com,USA,internazionale,2024-12-18,2024-12-18,2024-12-23,5,OTA,EUR,435.61,435.61,False,2178.05,True,False,False,False
BK00446,ekaterina martinez,ekaterina.martinez639@icloud.com,Spain,vegetariana,2024-12-18,2024-12-18,2024-12-22,4,OTA,EUR,370.44,370.44,False,1481.76,True,False,False,True
BK00447,aiko nakamura,aiko.nakamura765@gmail.com,France,pesce,2024-12-18,2024-12-18,2024-12-21,3,OTA,EUR,357.7,357.7,False,1073.1,True,False,False,False
BK00448,fischer youssef,youssef.fischer205@outlook.com,Germany,kosher,2024-12-18,2024-12-18,2024-12-23,5,OTA,EUR,408.48,408.48,False,2042.4,True,False,False,False
BK00449,hans tanaka,hans.tanaka387@icloud.com,Netherlands,senza glutine,2024-12-19,2024-12-19,2024-12-21,2,direct,USD,481.66,443.13,False,886.26,True,False,False,False
BK00450,fischer simone,simone.fischer343@icloud.com,Netherlands,kosher,2024-12-19,2024-12-19,2024-12-23,4,direct,EUR,411.93,411.93,False,1647.72,True,False,False,False
BK00451,carlos suzuki,carlos.suzuki274@icloud.com,UK,internazionale,2024-12-19,2024-12-19,2024-12-20,1,OTA,EUR,479.86,479.86,False,479.86,True,False,False,False
BK00452,bruno william,william.bruno12@icloud.com,Japan,senza glutine,2024-12-19,2024-12-19,2024-12-22,3,OTA,EUR,471.99,471.99,False,1415.97,True,False,False,False
BK00453,diego petrov,diego.petrov767@gmail.com,Japan,senza glutine,2024-12-19,2024-12-19,2024-12-22,3,direct,USD,401.49,369.37,False,1108.11,True,False,False,False
BK00454,fischer layla,layla.fischer144@outlook.com,Japan,internazionale,2024-12-20,2024-12-20,2024-12-25,5,OTA,EUR,478.72,478.72,False,2393.6,True,False,False,False
BK00455,emma novak,emma.novak334@gmail.com,UAE,vegana,2024-12-20,2024-12-20,2024-12-24,4,OTA,EUR,415.93,415.93,False,1663.72,True,False,False,False
BK00456,popov valentina,valentina.popov859@yahoo.com,Japan,halal,2024-12-20,2024-12-20,2024-12-22,2,direct,EUR,384.75,384.75,False,769.5,True,False,False,False
BK00457,erik fischer,erik.fischer793@icloud.com,Spain,pesce,2024-12-20,2024-12-20,2024-12-23,3,direct,EUR,409.62,409.62,False,1228.86,True,False,False,False
BK00458,astrid ivanov,astrid.ivanov6@icloud.com,Switzerland,halal,2024-12-20,2024-12-20,2024-12-23,3,OTA,USD,539.85,496.66,True,0.0,True,False,False,False
BK00459,costa fatima,fatima.costa252@gmail.com,USA,internazionale,2024-12-20,2024-12-20,2024-12-25,5,direct,EUR,500.58,500.58,False,2502.9,True,False,False,True
BK00460,muller robert,robert.muller421@yahoo.com,Italy,vegana,2024-12-20,2024-12-20,2024-12-21,1,OTA,EUR,372.57,372.57,False,372.57,True,False,False,True
BK00461,conti kenji,kenji.conti660@outlook.com,UK,internazionale,2024-12-20,2024-12-20,2024-12-23,3,OTA,EUR,408.96,408.96,False,1226.88,True,False,False,False
BK00462,petrov robert,robert.petrov741@icloud.com,USA,vegetariana,2024-12-20,2024-12-20,2024-12-23,3,OTA,EUR,378.03,378.03,False,1134.09,True,False,False,False
BK00463,ferreira klaus,klaus.ferreira545@yahoo.com,UAE,kosher,2024-12-21,2024-12-21,2024-12-26,5,direct,EUR,414.69,414.69,False,2073.45,True,False,False,False
BK00464,ivanov sara,sara.ivanov463@gmail.com,Italy,vegana,2024-12-21,2024-12-21,2024-12-25,4,direct,EUR,342.51,342.51,False,1370.04,True,False,False,True
BK00465,charlotte hassan,charlotte.hassan475@yahoo.com,Switzerland,pesce,2024-12-21,2024-12-21,2024-12-24,3,OTA,USD,450.19,414.17,False,1242.51,True,False,False,False
BK00466,priya silva,priya.silva103@gmail.com,Germany,vegetariana,2024-12-21,2024-12-21,2024-12-23,2,OTA,USD,502.41,462.22,False,924.44,True,False,False,False
BK00467,leroy sophie,sophie.leroy254@gmail.com,UAE,vegetariana,2024-12-21,2024-12-21,2024-12-25,4,direct,USD,397.92,366.09,False,1464.36,True,False,False,False
BK00468,nowak william,william.nowak869@outlook.com,UK,vegetariana,2024-12-21,2024-12-21,2024-12-22,1,direct,EUR,387.57,387.57,False,387.57,True,False,False,False
BK00469,andersen elena,elena.andersen670@icloud.com,France,italiana,2024-12-22,2024-12-22,2024-12-26,4,OTA,USD,522.08,480.31,False,1921.24,True,False,False,False
BK00470,elena petrov,elena.petrov538@icloud.com,Spain,vegana,2024-12-22,2024-12-22,2024-12-26,4,OTA,EUR,383.65,383.65,False,1534.6,True,False,False,False
BK00471,al-rashid marie,marie.al-rashid148@yahoo.com,France,senza glutine,2024-12-22,2024-12-22,2024-12-27,5,OTA,USD,467.95,430.51,False,2152.55,True,False,False,True
BK00472,anna conti,anna.conti348@gmail.com,USA,vegetariana,2024-12-22,2024-12-22,2024-12-30,8,direct,USD,424.23,390.29,False,3122.32,True,False,False,False
BK00473,fernandez pierre,pierre.fernandez972@icloud.com,Italy,internazionale,2024-12-22,2024-12-22,2024-12-24,2,OTA,EUR,443.52,443.52,False,887.04,True,False,False,False
BK00474,ibrahim patricia,patricia.ibrahim937@gmail.com,France,italiana,2024-12-22,2024-12-22,2024-12-25,3,OTA,USD,472.93,435.1,False,1305.3,True,False,False,True
BK00475,ananya park,ananya.park16@outlook.com,Germany,italiana,2024-12-22,2024-12-22,2024-12-26,4,OTA,EUR,397.19,397.19,False,1588.76,True,False,False,False
BK00476,luca smith,luca.smith792@outlook.com,Spain,internazionale,2024-12-22,2024-12-22,2024-12-25,3,OTA,EUR,418.75,418.75,False,1256.25,True,False,False,False
BK00477,alessandro rossi,alessandro.rossi802@icloud.com,USA,vegana,2024-11-16,2024-12-23,2024-12-26,3,direct,USD,384.65,353.88,False,1061.64,True,False,False,True
BK00478,jean rossi,jean.rossi777@icloud.com,UK,kosher,2024-12-23,2024-12-23,2024-12-28,5,OTA,USD,429.93,395.54,False,1977.7,True,False,False,True
BK00479,esposito kenji,kenji.esposito334@icloud.com,Germany,italiana,2024-12-23,2024-12-23,2024-12-30,7,OTA,EUR,395.37,395.37,False,2767.59,True,False,False,False
BK00480,james schmidt,james.schmidt360@outlook.com,Spain,pesce,2024-12-23,2024-12-23,2024-12-28,5,OTA,EUR,462.15,462.15,False,2310.75,True,False,False,False
BK00481,conti lucia,lucia.conti231@gmail.com,Netherlands,kosher,2024-12-23,2024-12-23,2024-12-25,2,OTA,EUR,424.97,424.97,False,849.94,True,False,False,False
BK00482,henri kowalski,henri.kowalski962@yahoo.com,Italy,halal,2024-12-23,2024-12-23,2024-12-26,3,direct,EUR,376.22,376.22,False,1128.66,True,False,False,False
BK00483,costa ekaterina,ekaterina.costa794@icloud.com,Germany,vegetariana,2024-12-23,2024-12-23,2024-12-27,4,direct,EUR,439.07,439.07,False,1756.28,True,False,False,False
BK00484,olivia weber,olivia.weber558@yahoo.com,Spain,halal,2024-12-24,2024-12-24,2024-12-26,2,OTA,EUR,448.7,448.7,False,897.4,True,False,False,False
BK00485,ferrari omar,omar.ferrari589@yahoo.com,USA,halal,2024-12-24,2024-12-24,2024-12-26,2,direct,EUR,464.87,464.87,True,0.0,True,False,False,False
BK00486,james kim,james.kim167@icloud.com,Netherlands,internazionale,2024-12-24,2024-12-24,2024-12-26,2,OTA,USD,384.67,353.9,False,707.8,True,False,False,False
BK00487,alessandro yamamoto,alessandro.yamamoto58@gmail.com,France,senza glutine,2024-12-24,2024-12-24,2024-12-27,3,OTA,USD,471.99,434.23,True,0.0,True,False,True,False
BK00488,dmitri dubois,dmitri.dubois857@yahoo.com,Italy,senza glutine,2024-12-24,2024-12-24,2024-12-26,2,direct,EUR,392.7,392.7,False,785.4,True,False,False,False
BK00489,arjun singh,arjun.singh548@yahoo.com,Italy,internazionale,2024-12-25,2024-12-25,2024-12-27,2,direct,EUR,390.51,390.51,False,781.02,True,False,False,False
BK00490,ibrahim omar,omar.ibrahim674@yahoo.com,Japan,italiana,2024-12-25,2024-12-25,2024-12-28,3,OTA,USD,438.88,403.77,False,1211.31,True,False,False,False
BK00491,andersen astrid,astrid.andersen752@yahoo.com,Netherlands,halal,2024-12-25,2024-12-25,2024-12-26,1,OTA,USD,423.53,389.65,False,389.65,True,False,False,False
BK00492,andrea colombo,andrea.colombo577@icloud.com,Spain,kosher,2024-12-25,2024-12-25,2024-12-28,3,OTA,EUR,329.83,329.83,False,989.49,True,False,False,False
BK00493,bruno layla,layla.bruno211@icloud.com,UK,italiana,2024-12-25,2024-12-25,2024-12-27,2,OTA,USD,463.08,426.03,False,852.06,True,False,False,False
BK00494,aiko suzuki,aiko.suzuki966@outlook.com,UK,italiana,2024-12-25,2024-12-25,2024-12-28,3,direct,EUR,452.75,452.75,False,1358.25,True,False,False,False
BK00495,ibrahim paolo,paolo.ibrahim248@yahoo.com,Italy,senza glutine,2024-12-25,2024-12-25,2024-12-27,2,OTA,EUR,407.85,407.85,True,0.0,True,False,False,False
BK00496,johnson priya,priya.johnson231@outlook.com,USA,halal,2024-12-25,2024-12-25,2024-12-27,2,direct,EUR,380.37,380.37,False,760.74,True,False,False,False
BK00497,matteo meyer,matteo.meyer605@outlook.com,UAE,kosher,2024-12-25,2024-12-25,2024-12-28,3,direct,USD,422.75,388.93,False,1166.79,True,False,False,False
BK00498,chen luca,luca.chen784@outlook.com,UAE,pesce,2024-12-25,2024-12-25,2024-12-27,2,OTA,EUR,453.75,453.75,True,0.0,True,False,False,False
BK00499,hans schmidt,hans.schmidt703@icloud.com,UK,halal,2024-12-25,2024-12-25,2024-12-26,1,OTA,EUR,391.09,391.09,False,391.09,True,False,False,False
BK00500,ferreira giorgia,giorgia.ferreira333@yahoo.com,USA,italiana,2024-12-25,2024-12-25,2024-12-27,2,OTA,EUR,399.46,399.46,False,798.92,True,False,False,False
BK00501,camille nakamura,camille.nakamura89@outlook.com,UAE,internazionale,2024-12-25,2024-12-25,2024-12-29,4,OTA,USD,450.81,414.75,False,1659.0,True,False,False,False
BK00502,lucia muller,lucia.muller488@gmail.com,France,internazionale,2024-12-25,2024-12-25,2024-12-27,2,direct,USD,397.68,365.87,False,731.74,True,False,False,False
BK00503,esposito olga,olga.esposito26@icloud.com,France,halal,2024-12-25,2024-12-25,2024-12-27,2,OTA,EUR,384.69,384.69,False,769.38,True,False,False,False
BK00504,colombo robert,robert.colombo284@icloud.com,UAE,kosher,2024-12-26,2024-12-26,2024-12-28,2,OTA,EUR,416.6,416.6,False,833.2,True,False,False,False
BK00505,kobayashi paolo,paolo.kobayashi176@icloud.com,France,pesce,2024-12-26,2024-12-26,2024-12-30,4,OTA,EUR,441.11,441.11,False,1764.44,True,False,False,False
BK00506,priya sokolov,priya.sokolov425@outlook.com,UK,italiana,2024-12-26,2024-12-26,2024-12-28,2,OTA,EUR,378.68,378.68,True,0.0,True,False,False,False
BK00507,silvia tanaka,silvia.tanaka14@yahoo.com,Netherlands,vegana,2024-12-26,2024-12-26,2024-12-29,3,direct,EUR,348.61,348.61,False,1045.83,True,False,True,False
BK00508,ahmed lefevre,ahmed.lefevre237@outlook.com,Spain,vegetariana,2024-12-26,2024-12-26,2024-12-30,4,OTA,EUR,513.56,513.56,False,2054.24,True,False,False,False
BK00509,aiko dubois,aiko.dubois551@outlook.com,Switzerland,vegetariana,2024-12-27,2024-12-27,2024-12-30,3,OTA,EUR,489.48,489.48,False,1468.44,True,False,False,False
BK00510,luca nowak,luca.nowak583@gmail.com,Italy,vegana,2024-12-27,2024-12-27,2024-12-30,3,direct,EUR,450.4,450.4,True,0.0,True,False,False,False
BK00511,federica fischer,federica.fischer680@icloud.com,Germany,kosher,2024-12-27,2024-12-27,2025-01-01,5,OTA,EUR,499.79,499.79,False,2498.95,True,False,False,False
BK00512,alessandro ferrari,alessandro.ferrari67@icloud.com,UK,kosher,2024-12-27,2024-12-27,2024-12-28,1,direct,EUR,458.82,458.82,False,458.82,True,False,False,False
BK00513,alessandro muller,alessandro.muller491@yahoo.com,USA,pesce,2024-12-28,2024-12-28,2024-12-30,2,direct,USD,339.78,312.6,False,625.2,True,False,False,False
BK00514,ferreira silvia,silvia.ferreira258@icloud.com,Spain,halal,2024-12-28,2024-12-28,2024-12-29,1,OTA,EUR,426.06,426.06,True,0.0,True,False,False,False
BK00515,camille ibrahim,camille.ibrahim356@yahoo.com,Japan,vegana,2024-11-06,2024-12-28,2024-12-31,3,OTA,EUR,479.51,479.51,True,0.0,True,False,False,True
BK00516,astrid park,astrid.park206@gmail.com,Switzerland,italiana,2024-12-28,2024-12-28,2025-01-03,6,OTA,EUR,411.46,411.46,False,2468.76,True,False,False,False
BK00517,smith thomas,thomas.smith130@outlook.com,Spain,halal,2024-12-28,2024-12-28,2024-12-29,1,direct,USD,425.55,391.51,False,391.51,True,False,False,False
BK00518,camille moreau,camille.moreau644@outlook.com,Netherlands,vegetariana,2024-12-28,2024-12-28,2025-01-01,4,direct,USD,339.97,312.77,False,1251.08,True,False,False,False
BK00519,lopez priya,priya.lopez144@icloud.com,Italy,vegana,2024-12-28,2024-12-28,2024-12-29,1,OTA,EUR,397.25,397.25,False,397.25,True,False,False,False
BK00520,emma moreau,emma.moreau256@icloud.com,Netherlands,vegana,2024-12-28,2024-12-28,2024-12-31,3,direct,EUR,376.98,376.98,False,1130.94,True,False,True,False
BK00521,james patel,james.patel80@gmail.com,France,vegetariana,2024-12-28,2024-12-28,2025-01-02,5,direct,EUR,433.62,433.62,False,2168.1,True,False,False,False
BK00522,francesco girard,francesco.girard327@outlook.com,UAE,internazionale,2024-12-28,2024-12-28,2024-12-30,2,direct,EUR,448.18,448.18,False,896.36,True,False,False,False
BK00523,giorgia muller,giorgia.muller511@yahoo.com,France,kosher,2024-12-29,2024-12-29,2024-12-31,2,OTA,USD,390.21,358.99,False,717.98,True,False,False,False
BK00524,silva silvia,silvia.silva565@gmail.com,Germany,pesce,2024-12-29,2024-12-29,2025-01-02,4,direct,EUR,404.32,404.32,False,1617.28,True,False,False,False
BK00525,henri kumar,henri.kumar220@gmail.com,USA,vegetariana,2024-12-30,2024-12-30,2025-01-01,2,OTA,EUR,406.75,406.75,False,813.5,True,False,False,False
BK00526,omar ricci,omar.ricci275@outlook.com,Germany,halal,2024-12-30,2024-12-30,2025-01-06,7,OTA,EUR,454.43,454.43,False,3181.01,True,False,False,True
BK00527,giorgia girard,giorgia.girard336@yahoo.com,France,kosher,2024-12-30,2024-12-30,2025-01-03,4,OTA,EUR,473.82,473.82,False,1895.28,True,False,False,False
BK00528,dubois yuki,yuki.dubois934@outlook.com,Switzerland,internazionale,2024-12-30,2024-12-30,2025-01-02,3,OTA,USD,361.14,332.25,False,996.75,True,False,False,False
BK00529,al-farsi john,john.al-farsi552@outlook.com,Spain,vegetariana,2024-12-30,2024-12-30,2025-01-07,8,OTA,EUR,430.87,430.87,False,3446.96,True,False,False,True
BK00530,luca petrov,luca.petrov521@yahoo.com,USA,vegetariana,2024-12-30,2024-12-30,2025-01-02,3,direct,EUR,414.7,414.7,False,1244.1,True,False,False,False
BK00531,erik ricci,erik.ricci505@outlook.com,UK,halal,2024-12-30,2024-12-30,2025-01-05,6,OTA,EUR,534.24,534.24,False,3205.44,True,False,False,False
BK00532,dubois isabella,isabella.dubois250@gmail.com,Germany,halal,2024-12-31,2024-12-31,2025-01-03,3,direct,USD,472.56,434.76,False,1304.28,True,False,False,False
BK00533,fernandez youssef,youssef.fernandez79@icloud.com,UAE,internazionale,2024-12-31,2024-12-31,2025-01-04,4,direct,USD,384.98,354.18,False,1416.72,True,False,False,False
BK00534,colombo nikolai,nikolai.colombo177@icloud.com,USA,kosher,2024-12-31,2024-12-31,2025-01-01,1,OTA,EUR,404.61,404.61,False,404.61,True,False,False,False
BK00535,nowak paolo,paolo.nowak204@icloud.com,Japan,vegetariana,2025-01-01,2025-01-01,2025-01-05,4,direct,EUR,236.81,236.81,True,0.0,False,False,False,False
BK00536,ferreira olga,olga.ferreira435@gmail.com,USA,pesce,2025-01-01,2025-01-01,2025-01-04,3,OTA,EUR,260.83,260.83,False,782.49,False,False,False,False
BK00537,hans nilsson,hans.nilsson554@yahoo.com,Germany,senza glutine,2025-01-01,2025-01-01,2025-01-02,1,OTA,EUR,259.01,259.01,False,259.01,False,False,False,False
BK00538,fischer sophie,sophie.fischer499@outlook.com,France,internazionale,2025-01-02,2025-01-02,2025-01-04,2,OTA,EUR,229.3,229.3,False,458.6,False,False,False,False
BK00539,emma kim,emma.kim509@icloud.com,Italy,internazionale,2025-01-03,2025-01-03,2025-01-06,3,OTA,EUR,249.23,249.23,False,747.69,False,False,False,False
BK00540,jean lopez,jean.lopez859@outlook.com,Switzerland,pesce,2025-01-03,2025-01-03,2025-01-05,2,OTA,EUR,157.34,157.34,False,314.68,False,False,False,False
BK00541,camille park,camille.park893@gmail.com,UAE,italiana,2025-01-03,2025-01-03,2025-01-08,5,direct,EUR,219.62,219.62,False,1098.1,False,False,False,False
BK00542,romano simone,simone.romano453@outlook.com,Switzerland,kosher,2024-09-28,2025-01-03,2025-01-05,2,direct,EUR,235.73,235.73,False,471.46,False,False,False,False
BK00543,klaus lopez,klaus.lopez671@yahoo.com,USA,italiana,2025-01-03,2025-01-03,2025-01-08,5,OTA,EUR,237.25,237.25,False,1186.25,False,False,False,False
BK00544,marino thomas,thomas.marino615@outlook.com,USA,kosher,2025-01-03,2025-01-03,2025-01-07,4,OTA,EUR,272.64,272.64,False,1090.56,False,False,False,False
BK00545,kaczmarek priya,priya.kaczmarek225@gmail.com,UAE,vegana,2025-01-03,2025-01-03,2025-01-09,6,direct,USD,253.4,233.13,False,1398.78,False,False,False,False
BK00546,al-farsi laura,laura.al-farsi89@yahoo.com,Italy,kosher,2025-01-03,2025-01-03,2025-01-08,5,OTA,USD,228.4,210.13,False,1050.65,False,False,False,False
BK00547,francesco kowalski,francesco.kowalski958@outlook.com,Netherlands,kosher,2025-01-03,2025-01-03,2025-01-05,2,direct,EUR,264.85,264.85,False,529.7,False,False,False,False
BK00548,priya weber,priya.weber729@icloud.com,France,senza glutine,2025-01-04,2025-01-04,2025-01-06,2,OTA,USD,272.43,250.64,False,501.28,False,False,False,False
BK00549,alessandro kowalski,alessandro.kowalski615@yahoo.com,Germany,vegetariana,2025-01-04,2025-01-04,2025-01-11,7,OTA,USD,258.15,237.5,False,1662.5,False,False,False,False
BK00550,ibrahim priya,priya.ibrahim947@icloud.com,USA,senza glutine,2025-01-05,2025-01-05,2025-01-07,2,OTA,EUR,234.65,234.65,False,469.3,False,False,False,False
BK00551,bruno henri,henri.bruno788@icloud.com,UAE,halal,2025-01-05,2025-01-05,2025-01-08,3,OTA,EUR,219.99,219.99,False,659.97,False,False,False,True
BK00552,andersen simone,simone.andersen822@icloud.com,Switzerland,pesce,2025-01-05,2025-01-05,2025-01-07,2,OTA,USD,264.06,242.94,False,485.88,False,False,False,False
BK00553,al-rashid john,john.al-rashid634@yahoo.com,USA,halal,2025-01-05,2025-01-05,2025-01-08,3,OTA,EUR,231.83,231.83,False,695.49,False,False,False,False
BK00554,charlotte ferreira,charlotte.ferreira86@gmail.com,France,vegana,2025-01-06,2025-01-06,2025-01-09,3,OTA,USD,263.97,242.85,False,728.55,False,False,False,False
BK00555,petrov pierre,pierre.petrov777@yahoo.com,Spain,halal,2024-09-17,2025-01-06,2025-01-07,1,OTA,EUR,194.93,194.93,False,194.93,False,False,False,False
BK00556,johnson maria,maria.johnson585@icloud.com,Netherlands,senza glutine,2025-01-06,2025-01-06,2025-01-08,2,OTA,EUR,238.12,238.12,False,476.24,False,False,False,False
BK00557,marie nakamura,marie.nakamura824@icloud.com,Netherlands,senza glutine,2025-01-07,2025-01-07,2025-01-13,6,OTA,EUR,248.99,248.99,False,1493.94,False,False,False,False
BK00558,ferreira giulia,giulia.ferreira988@outlook.com,USA,vegana,2025-01-07,2025-01-07,2025-01-08,1,direct,EUR,254.79,254.79,False,254.79,False,False,False,False
BK00559,diego yamamoto,diego.yamamoto645@icloud.com,UAE,vegana,2025-01-07,2025-01-07,2025-01-14,7,OTA,EUR,238.78,238.78,False,1671.46,False,False,False,False
BK00560,marino valentina,valentina.marino254@outlook.com,Switzerland,vegetariana,2025-01-07,2025-01-07,2025-01-08,1,OTA,USD,249.18,229.25,False,229.25,False,False,False,False
BK00561,ferrari henri,henri.ferrari895@yahoo.com,USA,halal,2025-01-08,2025-01-08,2025-01-12,4,OTA,EUR,280.19,280.19,False,1120.76,False,False,False,False
BK00562,henri sokolov,henri.sokolov657@outlook.com,Italy,vegana,2025-01-08,2025-01-08,2025-01-12,4,direct,EUR,178.7,178.7,False,714.8,False,False,False,False
BK00563,ferreira layla,layla.ferreira844@yahoo.com,UAE,senza glutine,2025-01-09,2025-01-09,2025-01-10,1,OTA,EUR,272.25,272.25,False,272.25,False,False,False,False
BK00564,anna leroy,anna.leroy48@gmail.com,Spain,vegetariana,2025-01-10,2025-01-10,2025-01-13,3,OTA,EUR,235.28,235.28,False,705.84,False,False,False,False
BK00565,maria moreau,maria.moreau173@gmail.com,Switzerland,pesce,2025-01-10,2025-01-10,2025-01-12,2,OTA,EUR,258.97,258.97,False,517.94,False,False,False,False
BK00566,costa erik,erik.costa590@gmail.com,Japan,internazionale,2025-01-11,2025-01-11,2025-01-13,2,direct,EUR,272.7,272.7,False,545.4,False,False,False,False
BK00567,esposito yuki,yuki.esposito439@gmail.com,Italy,internazionale,2025-01-11,2025-01-11,2025-01-15,4,OTA,EUR,233.97,233.97,False,935.88,False,False,False,False
BK00568,costa simone,simone.costa115@icloud.com,UAE,pesce,2025-01-12,2025-01-12,2025-01-15,3,OTA,USD,164.19,151.05,False,453.15,False,False,False,False
BK00569,johnson klaus,klaus.johnson470@outlook.com,USA,halal,2025-01-12,2025-01-12,2025-01-13,1,OTA,EUR,294.48,294.48,False,294.48,False,False,False,False
BK00570,bianchi david,david.bianchi922@outlook.com,Italy,internazionale,2025-01-12,2025-01-12,2025-01-13,1,OTA,EUR,254.86,254.86,False,254.86,False,False,False,False
BK00571,hans lopez,hans.lopez260@yahoo.com,Germany,internazionale,2025-01-12,2025-01-12,2025-01-13,1,OTA,EUR,273.44,273.44,False,273.44,False,False,False,False
BK00572,tanaka youssef,youssef.tanaka429@gmail.com,Germany,vegetariana,2025-01-12,2025-01-12,2025-01-17,5,OTA,EUR,234.53,234.53,False,1172.65,False,False,False,True
BK00573,ivanov silvia,silvia.ivanov152@gmail.com,Netherlands,vegana,2025-01-12,2025-01-12,2025-01-14,2,OTA,EUR,291.74,291.74,False,583.48,False,False,False,True
BK00574,costa sophie,sophie.costa631@gmail.com,Italy,italiana,2025-01-13,2025-01-13,2025-01-16,3,OTA,EUR,248.73,248.73,False,746.19,False,False,False,False
BK00575,ekaterina ricci,ekaterina.ricci299@icloud.com,France,halal,2025-01-13,2025-01-13,2025-01-14,1,OTA,EUR,278.63,278.63,False,278.63,False,False,False,False
BK00576,johnson patricia,patricia.johnson425@icloud.com,Italy,halal,2025-01-13,2025-01-13,2025-01-15,2,OTA,USD,254.23,233.89,False,467.78,False,False,False,False
BK00577,fischer luca,luca.fischer656@icloud.com,Switzerland,kosher,2025-01-13,2025-01-13,2025-01-15,2,OTA,EUR,252.12,252.12,False,504.24,False,False,False,False
BK00578,kumar patricia,patricia.kumar266@gmail.com,Switzerland,kosher,2025-01-13,2025-01-13,2025-01-15,2,OTA,USD,219.73,202.15,False,404.3,False,False,False,False
BK00579,fernandez isabella,isabella.fernandez575@outlook.com,France,vegetariana,2025-01-14,2025-01-14,2025-01-16,2,OTA,EUR,181.33,181.33,False,362.66,False,False,False,False
BK00580,dmitri kaczmarek,dmitri.kaczmarek504@outlook.com,France,vegana,2025-01-14,2025-01-14,2025-01-15,1,OTA,EUR,263.28,263.28,False,263.28,False,False,False,False
BK00581,paolo tanaka,paolo.tanaka523@gmail.com,Switzerland,vegetariana,2025-01-14,2025-01-14,2025-01-18,4,OTA,EUR,210.98,210.98,False,843.92,False,False,False,False
BK00582,ivanov maria,maria.ivanov551@icloud.com,Spain,vegetariana,2025-01-14,2025-01-14,2025-01-17,3,OTA,EUR,265.45,265.45,False,796.35,False,False,False,False
BK00583,chen giorgia,giorgia.chen877@gmail.com,France,senza glutine,2025-01-14,2025-01-14,2025-01-15,1,direct,EUR,236.97,236.97,False,236.97,False,False,False,False
BK00584,federica leroy,federica.leroy557@outlook.com,Switzerland,italiana,2025-01-15,2025-01-15,2025-01-17,2,OTA,EUR,216.36,216.36,True,0.0,False,False,False,False
BK00585,bernard emma,emma.bernard528@yahoo.com,Spain,pesce,2025-01-15,2025-01-15,2025-01-17,2,direct,EUR,261.21,261.21,True,0.0,False,False,True,False
BK00586,francesco hassan,francesco.hassan708@icloud.com,Switzerland,vegetariana,2025-01-15,2025-01-15,2025-01-17,2,OTA,USD,200.98,184.9,False,369.8,False,False,False,False
BK00587,anna colombo,anna.colombo188@gmail.com,UK,halal,2025-01-15,2025-01-15,2025-01-18,3,direct,EUR,232.35,232.35,False,697.05,False,False,False,False
BK00588,francesco silva,francesco.silva268@gmail.com,Netherlands,halal,2025-01-16,2025-01-16,2025-01-17,1,OTA,EUR,283.62,283.62,False,283.62,False,False,False,False
BK00589,layla marino,layla.marino202@yahoo.com,UAE,italiana,2025-01-16,2025-01-16,2025-01-18,2,direct,EUR,182.48,182.48,True,0.0,False,False,False,False
BK00590,laura sharma,laura.sharma913@gmail.com,Germany,italiana,2025-01-17,2025-01-17,2025-01-20,3,OTA,USD,291.75,268.41,True,0.0,False,False,False,False
BK00591,olivia wagner,olivia.wagner989@gmail.com,Netherlands,internazionale,2025-01-17,2025-01-17,2025-01-18,1,OTA,EUR,270.81,270.81,False,270.81,False,False,False,False
BK00592,costa fatima,fatima.costa252@gmail.com,USA,internazionale,2024-12-20,2025-01-17,2025-01-23,6,OTA,EUR,276.35,276.35,False,1658.1,False,False,False,True
BK00593,priya smith,priya.smith541@icloud.com,Italy,vegana,2025-01-17,2025-01-17,2025-01-18,1,direct,USD,216.11,198.82,False,198.82,False,False,False,False
BK00594,ivanov jean,jean.ivanov187@gmail.com,UAE,kosher,2025-01-17,2025-01-17,2025-01-18,1,OTA,EUR,237.95,237.95,False,237.95,False,False,False,False
BK00595,henri kaczmarek,henri.kaczmarek739@yahoo.com,UAE,vegetariana,2025-01-17,2025-01-17,2025-01-19,2,OTA,EUR,241.33,241.33,False,482.66,False,False,False,False
BK00596,anna chen,anna.chen377@gmail.com,Japan,internazionale,2025-01-17,2025-01-17,2025-01-19,2,OTA,EUR,181.59,181.59,False,363.18,False,False,False,False
BK00597,kenji sokolov,kenji.sokolov661@yahoo.com,UK,vegana,2025-01-18,2025-01-18,2025-01-21,3,OTA,EUR,224.9,224.9,False,674.7,False,False,False,False
BK00598,marco ricci,marco.ricci39@outlook.com,Spain,vegetariana,2025-01-18,2025-01-18,2025-01-19,1,OTA,EUR,236.92,236.92,False,236.92,False,False,False,False
BK00599,conti olivia,olivia.conti178@yahoo.com,France,senza glutine,2025-01-18,2025-01-18,2025-01-23,5,OTA,EUR,182.22,182.22,False,911.1,False,False,False,False
BK00600,ibrahim kenji,kenji.ibrahim96@icloud.com,USA,kosher,2025-01-18,2025-01-18,2025-01-20,2,direct,EUR,199.95,199.95,False,399.9,False,False,False,False
BK00601,ekaterina martinez,ekaterina.martinez639@icloud.com,Spain,vegetariana,2024-12-18,2025-01-18,2025-01-19,1,direct,EUR,284.06,284.06,False,284.06,False,False,False,True
BK00602,james meyer,james.meyer889@gmail.com,Netherlands,vegana,2025-01-18,2025-01-18,2025-01-21,3,OTA,EUR,282.37,282.37,False,847.11,False,False,False,False
BK00603,garcia nikolai,nikolai.garcia777@yahoo.com,France,vegana,2025-01-18,2025-01-18,2025-01-20,2,OTA,USD,238.52,219.44,False,438.88,False,False,False,False
BK00604,chen lucia,lucia.chen807@yahoo.com,Netherlands,kosher,2024-10-28,2025-01-19,2025-01-21,2,direct,EUR,168.4,168.4,False,336.8,False,False,False,False
BK00605,maria marino,maria.marino988@yahoo.com,USA,halal,2025-01-19,2025-01-19,2025-01-22,3,direct,EUR,213.34,213.34,False,640.02,False,False,False,False
BK00606,camille schmidt,camille.schmidt671@gmail.com,Germany,kosher,2025-01-19,2025-01-19,2025-01-21,2,OTA,EUR,230.87,230.87,False,461.74,False,False,False,False
BK00607,chiara rossi,chiara.rossi133@gmail.com,Spain,halal,2025-01-20,2025-01-20,2025-01-24,4,OTA,EUR,300.6,300.6,False,1202.4,False,False,False,False
BK00608,erik patel,erik.patel321@gmail.com,Germany,halal,2025-01-20,2025-01-20,2025-01-23,3,direct,EUR,270.28,270.28,False,810.84,False,False,False,False
BK00609,robert schmidt,robert.schmidt739@gmail.com,Switzerland,vegana,2025-01-20,2025-01-20,2025-01-23,3,OTA,EUR,272.8,272.8,False,818.4,False,False,False,False
BK00610,sophie tanaka,sophie.tanaka567@outlook.com,Japan,internazionale,2025-01-21,2025-01-21,2025-01-25,4,OTA,USD,190.66,175.41,False,701.64,False,False,False,False
BK00611,ananya wagner,ananya.wagner451@yahoo.com,Spain,kosher,2025-01-21,2025-01-21,2025-01-23,2,OTA,USD,267.17,245.8,False,491.6,False,False,False,True
BK00612,yamamoto yuki,yuki.yamamoto235@yahoo.com,USA,halal,2025-01-21,2025-01-21,2025-01-24,3,OTA,EUR,243.14,243.14,False,729.42,False,False,False,False
BK00613,priya sharma,priya.sharma884@icloud.com,UK,vegana,2025-01-21,2025-01-21,2025-01-26,5,OTA,EUR,259.87,259.87,False,1299.35,False,False,False,True
BK00614,leroy lucia,lucia.leroy779@yahoo.com,UK,vegetariana,2025-01-22,2025-01-22,2025-01-25,3,OTA,EUR,246.97,246.97,False,740.91,False,False,False,False
BK00615,erik greco,erik.greco835@yahoo.com,Japan,senza glutine,2025-01-22,2025-01-22,2025-01-24,2,direct,EUR,241.32,241.32,False,482.64,False,False,False,False
BK00616,alessandro smith,alessandro.smith505@yahoo.com,Italy,kosher,2025-01-23,2025-01-23,2025-01-25,2,OTA,EUR,239.87,239.87,False,479.74,False,False,False,True
BK00617,erik novak,erik.novak197@yahoo.com,Netherlands,pesce,2025-01-23,2025-01-23,2025-01-25,2,OTA,EUR,226.48,226.48,False,452.96,False,False,False,False
BK00618,aiko ivanov,aiko.ivanov318@gmail.com,Germany,halal,2025-01-23,2025-01-23,2025-01-27,4,direct,EUR,249.92,249.92,False,999.68,False,False,False,False
BK00619,carlos nowak,carlos.nowak542@outlook.com,UAE,italiana,2025-01-24,2025-01-24,2025-01-25,1,OTA,EUR,250.21,250.21,False,250.21,False,False,False,False
BK00620,anna greco,anna.greco63@yahoo.com,UAE,kosher,2025-01-24,2025-01-24,2025-01-28,4,OTA,EUR,253.05,253.05,False,1012.2,False,False,False,True
BK00621,elena ivanov,elena.ivanov494@outlook.com,France,vegana,2025-01-24,2025-01-24,2025-01-27,3,OTA,USD,241.83,222.48,True,0.0,False,False,False,False
BK00622,lefevre priya,priya.lefevre538@icloud.com,Spain,halal,2025-01-24,2025-01-24,2025-01-26,2,OTA,EUR,207.18,207.18,False,414.36,False,False,False,True
BK00623,hassan patricia,patricia.hassan567@icloud.com,France,italiana,2025-01-24,2025-01-24,2025-01-25,1,direct,EUR,243.1,243.1,False,243.1,False,False,False,False
BK00624,fatima singh,fatima.singh471@yahoo.com,Italy,vegana,2025-01-24,2025-01-24,2025-01-26,2,OTA,EUR,222.16,222.16,False,444.32,False,False,False,False
BK00625,ekaterina leroy,ekaterina.leroy148@icloud.com,UK,internazionale,2025-01-24,2025-01-24,2025-01-26,2,OTA,EUR,237.18,237.18,False,474.36,False,False,False,False
BK00626,arjun weber,arjun.weber76@gmail.com,France,pesce,2025-01-24,2025-01-24,2025-01-27,3,OTA,EUR,222.3,222.3,False,666.9,False,False,False,False
BK00627,patel youssef,youssef.patel793@yahoo.com,Italy,halal,2024-09-20,2025-01-25,2025-01-27,2,direct,EUR,225.96,225.96,False,451.92,False,False,False,True
BK00628,garcia jean,jean.garcia26@outlook.com,UAE,senza glutine,2025-01-25,2025-01-25,2025-01-28,3,direct,EUR,217.82,217.82,False,653.46,False,False,False,False
BK00629,federica fernandez,federica.fernandez695@outlook.com,UAE,pesce,2025-01-25,2025-01-25,2025-01-27,2,OTA,USD,230.27,211.85,True,0.0,False,False,False,False
BK00630,petrov thomas,thomas.petrov504@yahoo.com,Japan,senza glutine,2025-01-26,2025-01-26,2025-01-29,3,direct,EUR,245.19,245.19,False,735.57,False,False,False,False
BK00631,andrea weber,andrea.weber643@icloud.com,Germany,kosher,2025-01-26,2025-01-26,2025-01-27,1,OTA,EUR,247.45,247.45,True,0.0,False,False,False,False
BK00632,david weber,david.weber123@yahoo.com,UAE,internazionale,2025-01-26,2025-01-26,2025-01-27,1,direct,EUR,250.39,250.39,False,250.39,False,False,False,True
BK00633,carlos muller,carlos.muller520@yahoo.com,France,kosher,2025-01-28,2025-01-28,2025-01-29,1,OTA,EUR,222.26,222.26,False,222.26,False,False,False,False
BK00634,fatima park,fatima.park88@yahoo.com,UAE,pesce,2025-01-28,2025-01-28,2025-01-31,3,OTA,EUR,283.47,283.47,False,850.41,False,False,False,True
BK00635,isabella kumar,isabella.kumar318@outlook.com,Spain,vegana,2025-01-28,2025-01-28,2025-01-29,1,direct,EUR,212.07,212.07,False,212.07,False,False,False,False
BK00636,arjun kowalski,arjun.kowalski239@outlook.com,Switzerland,pesce,2025-01-28,2025-01-28,2025-01-29,1,OTA,EUR,257.04,257.04,False,257.04,False,False,False,False
BK00637,bianchi layla,layla.bianchi767@outlook.com,Netherlands,italiana,2025-01-28,2025-01-28,2025-01-29,1,OTA,EUR,224.75,224.75,False,224.75,False,False,False,False
BK00638,olga weber,olga.weber809@yahoo.com,UAE,kosher,2025-01-29,2025-01-29,2025-02-01,3,OTA,USD,200.03,184.03,False,552.09,False,False,False,True
BK00639,klaus ricci,klaus.ricci726@gmail.com,UK,pesce,2024-09-22,2025-01-29,2025-02-01,3,OTA,USD,253.05,232.81,False,698.43,False,False,False,False
BK00640,al-farsi john,john.al-farsi552@outlook.com,Spain,vegetariana,2024-12-30,2025-01-29,2025-01-31,2,OTA,USD,252.06,231.9,False,463.8,False,False,False,True
BK00641,aiko singh,aiko.singh725@outlook.com,Japan,italiana,2024-09-19,2025-01-29,2025-01-30,1,OTA,USD,219.54,201.98,False,201.98,False,False,False,False
BK00642,emma park,emma.park149@outlook.com,Italy,internazionale,2025-01-29,2025-01-29,2025-02-02,4,OTA,EUR,185.54,185.54,False,742.16,False,False,False,False
BK00643,andrea schmidt,andrea.schmidt222@gmail.com,UAE,pesce,2025-01-29,2025-01-29,2025-01-30,1,OTA,EUR,285.86,285.86,False,285.86,False,False,False,False
BK00644,bruno chiara,chiara.bruno971@yahoo.com,Japan,vegana,2025-01-31,2025-01-31,2025-02-04,4,OTA,EUR,205.79,205.79,False,823.16,False,False,False,False
BK00645,layla meyer,layla.meyer851@icloud.com,UK,pesce,2025-01-31,2025-01-31,2025-02-01,1,OTA,EUR,276.87,276.87,False,276.87,False,False,False,False
BK00646,ekaterina romano,ekaterina.romano392@outlook.com,UAE,senza glutine,2025-01-31,2025-01-31,2025-02-03,3,OTA,EUR,250.03,250.03,True,0.0,False,False,False,False
BK00647,meyer olivia,olivia.meyer302@icloud.com,Germany,halal,2025-01-31,2025-01-31,2025-02-01,1,direct,EUR,228.92,228.92,False,228.92,False,False,False,True
BK00648,ibrahim patricia,patricia.ibrahim937@gmail.com,France,italiana,2024-12-22,2025-02-01,2025-02-02,1,OTA,USD,233.15,214.5,False,214.5,False,False,False,True
BK00649,hassan william,william.hassan973@icloud.com,France,vegana,2025-02-01,2025-02-01,2025-02-05,4,OTA,USD,266.7,245.36,False,981.44,False,False,False,False
BK00650,erik nakamura,erik.nakamura356@yahoo.com,France,kosher,2024-12-10,2025-02-01,2025-02-02,1,direct,EUR,240.88,240.88,True,0.0,False,False,False,True
BK00651,james sokolov,james.sokolov436@outlook.com,Italy,kosher,2025-02-01,2025-02-01,2025-02-06,5,direct,EUR,248.59,248.59,False,1242.95,False,False,False,False
BK00652,arjun singh,arjun.singh548@yahoo.com,Italy,internazionale,2024-12-25,2025-02-02,2025-02-04,2,OTA,EUR,260.45,260.45,False,520.9,False,False,False,False
BK00653,francesco klein,francesco.klein547@outlook.com,Japan,kosher,2025-02-02,2025-02-02,2025-02-05,3,OTA,EUR,266.05,266.05,False,798.15,False,False,False,False
BK00654,esposito matteo,matteo.esposito468@gmail.com,UAE,senza glutine,2025-02-02,2025-02-02,2025-02-04,2,OTA,EUR,213.59,213.59,False,427.18,False,False,False,False
BK00655,giorgia singh,giorgia.singh790@outlook.com,Switzerland,pesce,2025-02-03,2025-02-03,2025-02-04,1,OTA,USD,220.16,202.55,True,0.0,False,False,False,False
BK00656,chen william,william.chen487@outlook.com,Italy,italiana,2025-02-03,2025-02-03,2025-02-13,10,direct,EUR,301.35,301.35,False,3013.5,False,False,False,False
BK00657,lucia park,lucia.park3@outlook.com,Germany,vegana,2024-11-11,2025-02-04,2025-02-05,1,OTA,EUR,217.17,217.17,False,217.17,False,False,False,False
BK00658,marco weber,marco.weber324@yahoo.com,Spain,vegetariana,2025-02-04,2025-02-04,2025-02-05,1,OTA,USD,228.84,210.53,False,210.53,False,False,False,False
BK00659,park simone,simone.park84@gmail.com,Netherlands,vegana,2024-11-27,2025-02-04,2025-02-05,1,OTA,EUR,221.49,221.49,False,221.49,False,False,False,False
BK00660,arjun klein,arjun.klein559@outlook.com,USA,internazionale,2025-02-05,2025-02-05,2025-02-07,2,OTA,EUR,201.25,201.25,False,402.5,False,False,False,False
BK00661,lefevre priya,priya.lefevre538@icloud.com,Spain,halal,2025-01-24,2025-02-05,2025-02-06,1,OTA,USD,281.54,259.02,False,259.02,False,False,False,True
BK00662,carlos kim,carlos.kim743@gmail.com,Spain,pesce,2025-02-06,2025-02-06,2025-02-07,1,OTA,EUR,248.74,248.74,False,248.74,False,False,False,True
BK00663,federica suzuki,federica.suzuki81@outlook.com,Switzerland,kosher,2025-02-06,2025-02-06,2025-02-07,1,OTA,EUR,291.24,291.24,False,291.24,False,False,False,True
BK00664,andersen charlotte,charlotte.andersen354@gmail.com,UK,senza glutine,2025-02-06,2025-02-06,2025-02-10,4,OTA,EUR,236.5,236.5,False,946.0,False,False,False,False
BK00665,ananya bernard,ananya.bernard770@outlook.com,UAE,vegetariana,2025-02-06,2025-02-06,2025-02-08,2,OTA,EUR,188.68,188.68,False,377.36,False,False,False,False
BK00666,fernandez james,james.fernandez189@outlook.com,USA,senza glutine,2025-02-07,2025-02-07,2025-02-08,1,OTA,EUR,207.66,207.66,False,207.66,False,False,False,False
BK00667,olga suzuki,olga.suzuki286@outlook.com,France,internazionale,2024-10-29,2025-02-07,2025-02-09,2,OTA,EUR,210.39,210.39,False,420.78,False,False,False,False
BK00668,paolo weber,paolo.weber539@icloud.com,Spain,pesce,2025-02-08,2025-02-08,2025-02-09,1,direct,EUR,249.66,249.66,False,249.66,False,False,False,True
BK00669,ferreira john,john.ferreira872@gmail.com,Spain,vegana,2025-02-08,2025-02-08,2025-02-10,2,OTA,EUR,288.43,288.43,False,576.86,False,False,False,False
BK00670,fernandez paolo,paolo.fernandez773@outlook.com,UK,vegana,2025-02-08,2025-02-08,2025-02-11,3,OTA,EUR,181.71,181.71,False,545.13,False,False,False,False
BK00671,ahmed patel,ahmed.patel311@icloud.com,Germany,pesce,2024-10-15,2025-02-09,2025-02-13,4,OTA,EUR,242.56,242.56,False,970.24,False,False,False,True
BK00672,kobayashi marie,marie.kobayashi158@icloud.com,Spain,vegetariana,2025-02-09,2025-02-09,2025-02-11,2,OTA,EUR,263.16,263.16,False,526.32,False,False,False,False
BK00673,patricia tanaka,patricia.tanaka442@yahoo.com,Spain,vegetariana,2025-02-09,2025-02-09,2025-02-11,2,OTA,USD,261.36,240.45,False,480.9,False,False,False,False
BK00674,carlos novak,carlos.novak532@icloud.com,Germany,senza glutine,2024-10-06,2025-02-09,2025-02-11,2,OTA,EUR,188.55,188.55,False,377.1,False,False,False,True
BK00675,andersen omar,omar.andersen83@yahoo.com,Germany,vegetariana,2024-12-11,2025-02-09,2025-02-10,1,OTA,EUR,222.89,222.89,False,222.89,False,False,False,False
BK00676,ahmed park,ahmed.park675@outlook.com,Germany,vegetariana,2025-02-10,2025-02-10,2025-02-13,3,OTA,EUR,263.6,263.6,False,790.8,False,False,False,False
BK00677,muller silvia,silvia.muller198@gmail.com,UK,pesce,2025-02-10,2025-02-10,2025-02-13,3,OTA,USD,232.75,214.13,False,642.39,False,False,False,False
BK00678,andrea conti,andrea.conti606@icloud.com,Netherlands,senza glutine,2024-12-13,2025-02-11,2025-02-12,1,OTA,EUR,286.24,286.24,False,286.24,False,False,False,False
BK00679,lefevre omar,omar.lefevre234@icloud.com,France,vegana,2025-02-11,2025-02-11,2025-02-18,7,OTA,EUR,265.61,265.61,False,1859.27,False,False,False,False
BK00680,dubois emma,emma.dubois719@yahoo.com,France,kosher,2025-02-11,2025-02-11,2025-02-16,5,OTA,EUR,239.11,239.11,False,1195.55,False,False,False,False
BK00681,marino sara,sara.marino696@outlook.com,Germany,vegetariana,2025-02-12,2025-02-12,2025-02-13,1,direct,EUR,199.2,199.2,False,199.2,False,False,False,False
BK00682,layla yamamoto,layla.yamamoto533@gmail.com,Netherlands,vegana,2024-11-15,2025-02-12,2025-02-15,3,OTA,EUR,266.55,266.55,False,799.65,False,False,False,False
BK00683,kim laura,laura.kim427@icloud.com,France,pesce,2025-02-13,2025-02-13,2025-02-15,2,OTA,USD,316.79,291.45,False,582.9,False,False,False,False
BK00684,ferreira paolo,paolo.ferreira565@yahoo.com,USA,vegetariana,2025-02-13,2025-02-13,2025-02-15,2,OTA,EUR,249.62,249.62,False,499.24,False,False,False,False
BK00685,fernandez valentina,valentina.fernandez290@yahoo.com,UK,pesce,2024-09-20,2025-02-13,2025-02-14,1,direct,USD,237.01,218.05,False,218.05,False,False,False,False
BK00686,fernandez luca,luca.fernandez472@yahoo.com,Italy,kosher,2025-02-13,2025-02-13,2025-02-14,1,OTA,EUR,262.78,262.78,False,262.78,False,False,False,False
BK00687,david weber,david.weber123@yahoo.com,UAE,internazionale,2025-01-26,2025-02-14,2025-02-15,1,OTA,USD,196.61,180.88,False,180.88,False,False,False,True
BK00688,david johnson,david.johnson607@gmail.com,Switzerland,internazionale,2025-02-14,2025-02-14,2025-02-15,1,OTA,USD,219.05,201.53,True,0.0,False,False,False,False
BK00689,john yamamoto,john.yamamoto544@outlook.com,Italy,vegana,2025-02-14,2025-02-14,2025-02-15,1,OTA,EUR,187.66,187.66,False,187.66,False,False,False,False
BK00690,moreau sara,sara.moreau393@outlook.com,France,vegana,2025-02-14,2025-02-14,2025-02-17,3,OTA,EUR,215.71,215.71,False,647.13,False,False,False,False
BK00691,andersen emma,emma.andersen350@icloud.com,USA,internazionale,2025-02-14,2025-02-14,2025-02-16,2,OTA,EUR,213.43,213.43,False,426.86,False,False,False,False
BK00692,ingrid ricci,ingrid.ricci881@yahoo.com,Japan,italiana,2025-02-14,2025-02-14,2025-02-16,2,OTA,USD,283.73,261.03,False,522.06,False,False,False,False
BK00693,aiko johnson,aiko.johnson287@icloud.com,France,senza glutine,2025-02-15,2025-02-15,2025-02-16,1,OTA,EUR,254.38,254.38,False,254.38,False,False,False,False
BK00694,ingrid sokolov,ingrid.sokolov971@outlook.com,Germany,senza glutine,2025-02-15,2025-02-15,2025-02-16,1,OTA,USD,240.99,221.71,False,221.71,False,False,False,False
BK00695,johnson valentina,valentina.johnson863@yahoo.com,Germany,senza glutine,2025-02-15,2025-02-15,2025-02-17,2,OTA,USD,219.46,201.9,False,403.8,False,False,False,True
BK00696,lucia suzuki,lucia.suzuki770@yahoo.com,Switzerland,italiana,2025-02-16,2025-02-16,2025-02-17,1,OTA,EUR,258.59,258.59,False,258.59,False,False,False,False
BK00697,lucia patel,lucia.patel6@yahoo.com,Spain,kosher,2025-02-16,2025-02-16,2025-02-20,4,OTA,EUR,232.59,232.59,False,930.36,False,False,False,False
BK00698,alessandro tanaka,alessandro.tanaka679@icloud.com,Germany,internazionale,2025-02-16,2025-02-16,2025-02-20,4,OTA,USD,240.74,221.48,False,885.92,False,False,False,False
BK00699,federica weber,federica.weber397@icloud.com,UAE,italiana,2025-02-16,2025-02-16,2025-02-19,3,OTA,USD,218.05,200.61,False,601.83,False,False,False,False
BK00700,erik fischer,erik.fischer793@icloud.com,Spain,pesce,2024-12-20,2025-02-17,2025-02-20,3,OTA,EUR,236.4,236.4,False,709.2,False,False,False,False
BK00701,chen dmitri,dmitri.chen416@yahoo.com,Germany,senza glutine,2025-02-17,2025-02-17,2025-02-19,2,direct,EUR,236.81,236.81,True,0.0,False,False,False,False
BK00702,ferreira thomas,thomas.ferreira860@yahoo.com,Japan,internazionale,2025-02-17,2025-02-17,2025-02-18,1,direct,EUR,233.73,233.73,False,233.73,False,False,False,False
BK00703,nilsson youssef,youssef.nilsson131@outlook.com,UAE,vegana,2025-02-18,2025-02-18,2025-02-20,2,OTA,EUR,188.97,188.97,False,377.94,False,False,False,True
BK00704,fatima smith,fatima.smith870@gmail.com,UAE,kosher,2025-02-18,2025-02-18,2025-02-20,2,direct,EUR,228.88,228.88,False,457.76,False,False,False,False
BK00705,federica kowalski,federica.kowalski253@icloud.com,UK,vegana,2025-02-18,2025-02-18,2025-02-20,2,OTA,EUR,259.65,259.65,False,519.3,False,False,False,False
BK00706,giorgia kim,giorgia.kim175@yahoo.com,Netherlands,vegana,2025-02-19,2025-02-19,2025-02-20,1,OTA,EUR,272.7,272.7,False,272.7,False,False,False,False
BK00707,john weber,john.weber424@icloud.com,USA,internazionale,2024-12-18,2025-02-19,2025-02-20,1,OTA,EUR,274.27,274.27,False,274.27,False,False,False,False
BK00708,ahmed al-rashid,ahmed.al-rashid471@outlook.com,Germany,kosher,2025-02-19,2025-02-19,2025-02-23,4,OTA,EUR,207.19,207.19,False,828.76,False,False,False,True
BK00709,esposito giulia,giulia.esposito937@gmail.com,UK,kosher,2024-10-27,2025-02-19,2025-02-22,3,OTA,EUR,236.72,236.72,False,710.16,False,False,False,False
BK00710,moreau omar,omar.moreau192@gmail.com,Japan,vegana,2025-02-19,2025-02-19,2025-02-20,1,direct,EUR,218.77,218.77,False,218.77,False,False,False,False
BK00711,maria nakamura,maria.nakamura7@outlook.com,Switzerland,vegetariana,2025-02-20,2025-02-20,2025-02-21,1,OTA,USD,275.71,253.65,False,253.65,False,False,False,False
BK00712,erik moreau,erik.moreau438@outlook.com,France,senza glutine,2025-02-20,2025-02-20,2025-02-23,3,direct,EUR,234.22,234.22,False,702.66,False,False,False,False
BK00713,leroy marco,marco.leroy545@outlook.com,France,pesce,2025-02-20,2025-02-20,2025-02-22,2,OTA,EUR,244.14,244.14,False,488.28,False,False,False,False
BK00714,alessandro sharma,alessandro.sharma443@outlook.com,UK,italiana,2025-02-21,2025-02-21,2025-02-23,2,OTA,EUR,295.75,295.75,False,591.5,False,False,False,False
BK00715,david petrov,david.petrov511@gmail.com,France,italiana,2025-02-22,2025-02-22,2025-02-24,2,OTA,EUR,226.53,226.53,False,453.06,False,False,False,False
BK00716,ahmed chen,ahmed.chen370@outlook.com,Netherlands,halal,2025-02-22,2025-02-22,2025-02-25,3,OTA,EUR,200.88,200.88,False,602.64,False,False,False,False
BK00717,james suzuki,james.suzuki13@gmail.com,UAE,halal,2025-02-22,2025-02-22,2025-02-23,1,OTA,EUR,206.34,206.34,True,0.0,False,False,False,False
BK00718,ahmed sharma,ahmed.sharma65@icloud.com,France,kosher,2024-11-13,2025-02-23,2025-02-24,1,direct,EUR,204.68,204.68,False,204.68,False,False,False,False
BK00719,omar ricci,omar.ricci275@outlook.com,Germany,halal,2024-12-30,2025-02-24,2025-02-25,1,OTA,EUR,197.75,197.75,False,197.75,False,False,False,True
BK00720,kowalski sara,sara.kowalski832@gmail.com,Germany,kosher,2025-02-24,2025-02-24,2025-02-25,1,OTA,EUR,303.64,303.64,False,303.64,False,False,False,False
BK00721,henri novak,henri.novak637@yahoo.com,France,vegetariana,2025-02-24,2025-02-24,2025-03-01,5,OTA,USD,239.24,220.1,False,1100.5,False,False,False,False
BK00722,amelia hassan,amelia.hassan782@icloud.com,UK,kosher,2025-02-24,2025-02-24,2025-02-25,1,OTA,EUR,186.54,186.54,False,186.54,False,False,False,False
BK00723,ivanov james,james.ivanov525@icloud.com,UAE,italiana,2025-02-24,2025-02-24,2025-02-26,2,direct,EUR,226.54,226.54,False,453.08,False,False,True,False
BK00724,giulia sokolov,giulia.sokolov521@outlook.com,UAE,halal,2025-02-25,2025-02-25,2025-02-27,2,OTA,EUR,271.81,271.81,False,543.62,False,False,False,False
BK00725,jean martinez,jean.martinez872@icloud.com,UK,italiana,2025-02-25,2025-02-25,2025-02-27,2,OTA,USD,270.48,248.84,False,497.68,False,False,False,False
BK00726,marco schmidt,marco.schmidt979@outlook.com,UAE,senza glutine,2025-02-25,2025-02-25,2025-02-26,1,direct,USD,206.05,189.57,False,189.57,False,False,False,False
BK00727,al-farsi charlotte,charlotte.al-farsi69@gmail.com,UK,pesce,2025-02-25,2025-02-25,2025-02-27,2,OTA,EUR,280.14,280.14,False,560.28,False,False,False,False
BK00728,al-rashid patricia,patricia.al-rashid610@gmail.com,Spain,senza glutine,2025-02-26,2025-02-26,2025-03-02,4,OTA,EUR,211.48,211.48,False,845.92,False,False,False,False
BK00729,diego ricci,diego.ricci233@gmail.com,Netherlands,vegetariana,2025-02-27,2025-02-27,2025-03-01,2,OTA,EUR,204.73,204.73,False,409.46,False,False,False,False
BK00730,greco youssef,youssef.greco609@yahoo.com,USA,kosher,2025-02-27,2025-02-27,2025-03-01,2,OTA,EUR,229.19,229.19,False,458.38,False,False,False,False
BK00731,charlotte fischer,charlotte.fischer428@icloud.com,UAE,vegana,2025-02-27,2025-02-27,2025-03-01,2,OTA,USD,244.48,224.92,False,449.84,False,False,False,False
BK00732,charlotte sokolov,charlotte.sokolov36@outlook.com,Switzerland,vegana,2025-02-28,2025-02-28,2025-03-01,1,direct,EUR,235.72,235.72,True,0.0,False,False,False,True
BK00733,astrid kim,astrid.kim413@gmail.com,USA,vegana,2025-03-01,2025-03-01,2025-03-06,5,OTA,EUR,248.18,248.18,True,0.0,False,False,False,False
BK00734,hans kowalski,hans.kowalski836@outlook.com,UK,kosher,2025-03-01,2025-03-01,2025-03-03,2,OTA,EUR,230.69,230.69,False,461.38,False,False,False,False
BK00735,francesco nilsson,francesco.nilsson464@gmail.com,France,italiana,2025-03-01,2025-03-01,2025-03-03,2,OTA,EUR,254.11,254.11,False,508.22,False,False,False,True
BK00736,bruno william,william.bruno12@icloud.com,Japan,senza glutine,2024-12-19,2025-03-01,2025-03-02,1,OTA,EUR,248.5,248.5,False,248.5,False,False,False,False
BK00737,henri schmidt,henri.schmidt423@icloud.com,UK,pesce,2025-03-02,2025-03-02,2025-03-05,3,OTA,EUR,288.77,288.77,False,866.31,False,False,False,False
BK00738,chen silvia,silvia.chen211@yahoo.com,Spain,vegana,2025-03-02,2025-03-02,2025-03-05,3,direct,EUR,290.99,290.99,False,872.97,False,False,False,False
BK00739,kumar laura,laura.kumar796@gmail.com,UK,vegetariana,2025-03-03,2025-03-03,2025-03-05,2,direct,EUR,192.6,192.6,False,385.2,False,False,False,False
BK00740,colombo youssef,youssef.colombo658@yahoo.com,Japan,kosher,2025-03-03,2025-03-03,2025-03-06,3,OTA,EUR,247.28,247.28,False,741.84,False,False,False,False
BK00741,layla leroy,layla.leroy716@yahoo.com,Japan,senza glutine,2025-03-03,2025-03-03,2025-03-06,3,OTA,EUR,209.58,209.58,False,628.74,False,False,False,False
BK00742,kim sophie,sophie.kim201@outlook.com,UK,vegana,2025-03-03,2025-03-03,2025-03-04,1,OTA,EUR,202.74,202.74,False,202.74,False,False,False,False
BK00743,greco isabella,isabella.greco17@icloud.com,Japan,kosher,2025-03-04,2025-03-04,2025-03-06,2,OTA,EUR,281.62,281.62,False,563.24,False,False,False,True
BK00744,aiko meyer,aiko.meyer160@outlook.com,Spain,halal,2025-03-04,2025-03-04,2025-03-07,3,OTA,EUR,274.88,274.88,False,824.64,False,False,False,False
BK00745,giulia marino,giulia.marino913@yahoo.com,Spain,vegetariana,2025-03-05,2025-03-05,2025-03-07,2,OTA,EUR,216.36,216.36,False,432.72,False,False,False,False
BK00746,francesco nakamura,francesco.nakamura440@gmail.com,Netherlands,halal,2025-03-05,2025-03-05,2025-03-08,3,direct,EUR,279.38,279.38,False,838.14,False,False,False,False
BK00747,ahmed esposito,ahmed.esposito621@icloud.com,Germany,kosher,2025-03-05,2025-03-05,2025-03-10,5,OTA,EUR,222.38,222.38,False,1111.9,False,False,False,False
BK00748,andrea ferrari,andrea.ferrari756@outlook.com,USA,pesce,2025-03-05,2025-03-05,2025-03-06,1,direct,EUR,238.05,238.05,False,238.05,False,False,False,False
BK00749,astrid patel,astrid.patel624@icloud.com,Spain,italiana,2024-12-13,2025-03-05,2025-03-06,1,direct,USD,271.18,249.49,False,249.49,False,False,False,False
BK00750,james sokolov,james.sokolov436@outlook.com,Italy,kosher,2025-02-01,2025-03-05,2025-03-08,3,direct,EUR,157.81,157.81,False,473.43,False,False,False,False
BK00751,marco park,marco.park759@outlook.com,Spain,pesce,2025-03-05,2025-03-05,2025-03-07,2,OTA,USD,218.47,200.99,False,401.98,False,False,False,False
BK00752,ananya ferrari,ananya.ferrari963@outlook.com,Italy,vegetariana,2025-03-06,2025-03-06,2025-03-08,2,OTA,EUR,233.42,233.42,False,466.84,False,False,False,False
BK00753,chen chiara,chiara.chen485@icloud.com,Switzerland,vegetariana,2025-03-06,2025-03-06,2025-03-07,1,OTA,EUR,264.65,264.65,True,0.0,False,False,False,False
BK00754,ibrahim thomas,thomas.ibrahim188@icloud.com,Switzerland,senza glutine,2025-03-07,2025-03-07,2025-03-11,4,direct,USD,272.98,251.14,False,1004.56,False,False,False,False
BK00755,esposito henri,henri.esposito770@yahoo.com,Switzerland,senza glutine,2025-03-07,2025-03-07,2025-03-09,2,direct,EUR,257.44,257.44,True,0.0,False,False,False,False
BK00756,kenji kowalski,kenji.kowalski406@yahoo.com,Germany,vegana,2025-03-07,2025-03-07,2025-03-10,3,OTA,EUR,222.33,222.33,False,666.99,False,False,False,False
BK00757,al-rashid klaus,klaus.al-rashid635@yahoo.com,Japan,pesce,2025-03-08,2025-03-08,2025-03-11,3,OTA,EUR,184.14,184.14,False,552.42,False,False,False,False
BK00758,johnson simone,simone.johnson212@gmail.com,Japan,vegana,2025-03-08,2025-03-08,2025-03-12,4,OTA,EUR,216.74,216.74,False,866.96,False,False,False,False
BK00759,arjun conti,arjun.conti88@icloud.com,Japan,pesce,2025-03-08,2025-03-08,2025-03-10,2,OTA,EUR,234.66,234.66,False,469.32,False,False,False,False
BK00760,bernard matteo,matteo.bernard387@icloud.com,Japan,pesce,2024-12-11,2025-03-08,2025-03-09,1,OTA,EUR,280.15,280.15,False,280.15,False,False,False,False
BK00761,klaus park,klaus.park315@gmail.com,Germany,italiana,2025-03-09,2025-03-09,2025-03-10,1,OTA,EUR,271.09,271.09,False,271.09,False,False,False,True
BK00762,patricia petrov,patricia.petrov376@icloud.com,Switzerland,kosher,2025-03-10,2025-03-10,2025-03-11,1,direct,EUR,273.78,273.78,False,273.78,False,False,False,False
BK00763,elena kaczmarek,elena.kaczmarek277@icloud.com,Spain,internazionale,2025-03-10,2025-03-10,2025-03-13,3,OTA,EUR,233.05,233.05,False,699.15,False,False,False,False
BK00764,dmitri lopez,dmitri.lopez913@icloud.com,USA,halal,2025-03-10,2025-03-10,2025-03-13,3,OTA,EUR,248.15,248.15,False,744.45,False,False,False,False
BK00765,alessandro andersen,alessandro.andersen395@gmail.com,USA,internazionale,2025-03-10,2025-03-10,2025-03-13,3,OTA,EUR,203.34,203.34,False,610.02,False,False,False,False
BK00766,bianchi hans,hans.bianchi866@gmail.com,Italy,senza glutine,2025-03-10,2025-03-10,2025-03-17,7,OTA,EUR,264.97,264.97,False,1854.79,False,False,False,False
BK00767,colombo hans,hans.colombo550@gmail.com,UK,vegana,2024-12-12,2025-03-10,2025-03-14,4,direct,EUR,232.99,232.99,False,931.96,False,False,False,False
BK00768,muller sara,sara.muller965@yahoo.com,UAE,italiana,2024-09-14,2025-03-10,2025-03-11,1,OTA,EUR,178.48,178.48,False,178.48,False,False,False,False
BK00769,giorgia romano,giorgia.romano661@gmail.com,Germany,pesce,2025-03-10,2025-03-10,2025-03-14,4,OTA,USD,272.26,250.48,False,1001.92,False,False,False,False
BK00770,ivanov silvia,silvia.ivanov152@gmail.com,Netherlands,vegana,2025-01-12,2025-03-11,2025-03-15,4,OTA,EUR,219.97,219.97,False,879.88,False,False,False,True
BK00771,diego girard,diego.girard680@outlook.com,UAE,vegana,2025-03-11,2025-03-11,2025-03-13,2,OTA,EUR,294.4,294.4,False,588.8,False,False,False,False
BK00772,chen james,james.chen319@outlook.com,Italy,halal,2025-03-11,2025-03-11,2025-03-13,2,direct,EUR,225.31,225.31,False,450.62,False,False,False,False
BK00773,costa laura,laura.costa617@yahoo.com,Switzerland,internazionale,2025-03-11,2025-03-11,2025-03-13,2,OTA,EUR,270.98,270.98,False,541.96,False,False,False,False
BK00774,aiko novak,aiko.novak239@gmail.com,USA,senza glutine,2025-03-11,2025-03-11,2025-03-14,3,OTA,USD,175.08,161.07,False,483.21,False,False,False,False
BK00775,al-farsi pierre,pierre.al-farsi747@outlook.com,UAE,pesce,2025-03-11,2025-03-11,2025-03-12,1,OTA,USD,251.97,231.81,True,0.0,False,False,False,False
BK00776,carlos kowalski,carlos.kowalski475@icloud.com,Switzerland,kosher,2025-03-12,2025-03-12,2025-03-19,7,OTA,EUR,253.7,253.7,False,1775.9,False,False,False,True
BK00777,hassan olga,olga.hassan846@outlook.com,UAE,senza glutine,2025-03-12,2025-03-12,2025-03-14,2,OTA,EUR,223.74,223.74,False,447.48,False,False,False,False
BK00778,klein valentina,valentina.klein436@gmail.com,Germany,vegetariana,2025-03-12,2025-03-12,2025-03-14,2,direct,EUR,266.78,266.78,False,533.56,False,False,False,False
BK00779,suzuki youssef,youssef.suzuki42@icloud.com,Spain,pesce,2025-03-12,2025-03-12,2025-03-13,1,OTA,USD,219.23,201.69,False,201.69,False,False,False,True
BK00780,isabella sokolov,isabella.sokolov856@outlook.com,Italy,internazionale,2025-03-12,2025-03-12,2025-03-15,3,direct,EUR,260.23,260.23,True,0.0,False,False,False,False
BK00781,kaczmarek klaus,klaus.kaczmarek419@gmail.com,USA,senza glutine,2025-03-12,2025-03-12,2025-03-14,2,direct,EUR,231.21,231.21,False,462.42,False,False,False,True
BK00782,klein layla,layla.klein613@gmail.com,USA,pesce,2025-03-12,2025-03-12,2025-03-16,4,direct,EUR,244.61,244.61,False,978.44,False,False,False,False
BK00783,diego lefevre,diego.lefevre727@outlook.com,Italy,vegetariana,2025-03-13,2025-03-13,2025-03-14,1,OTA,EUR,218.52,218.52,False,218.52,False,False,False,True
BK00784,al-farsi erik,erik.al-farsi894@gmail.com,Japan,vegetariana,2025-03-13,2025-03-13,2025-03-15,2,OTA,EUR,225.68,225.68,False,451.36,False,False,False,False
BK00785,carlos patel,carlos.patel35@gmail.com,UK,vegetariana,2025-03-13,2025-03-13,2025-03-14,1,direct,EUR,324.65,324.65,False,324.65,False,False,False,False
BK00786,camille moreau,camille.moreau644@outlook.com,Netherlands,vegetariana,2024-12-28,2025-03-14,2025-03-16,2,OTA,EUR,282.98,282.98,False,565.96,False,False,False,False
BK00787,emma lopez,emma.lopez372@outlook.com,Italy,halal,2025-03-14,2025-03-14,2025-03-16,2,OTA,EUR,230.8,230.8,False,461.6,False,False,False,True
BK00788,giulia kaczmarek,giulia.kaczmarek689@gmail.com,UK,internazionale,2025-03-14,2025-03-14,2025-03-17,3,OTA,EUR,210.46,210.46,True,0.0,False,False,False,False
BK00789,diego weber,diego.weber787@outlook.com,Italy,internazionale,2025-03-15,2025-03-15,2025-03-17,2,OTA,EUR,208.57,208.57,False,417.14,False,False,False,False
BK00790,chiara ricci,chiara.ricci487@gmail.com,Spain,internazionale,2025-03-15,2025-03-15,2025-03-17,2,OTA,EUR,302.46,302.46,False,604.92,False,False,False,False
BK00791,dubois francesco,francesco.dubois886@outlook.com,France,internazionale,2025-03-15,2025-03-15,2025-03-18,3,OTA,EUR,268.96,268.96,False,806.88,False,False,False,False
BK00792,ekaterina ferreira,ekaterina.ferreira392@outlook.com,Japan,pesce,2025-03-15,2025-03-15,2025-03-18,3,OTA,EUR,253.68,253.68,False,761.04,False,False,False,False
BK00793,jean nakamura,jean.nakamura960@gmail.com,USA,vegana,2025-03-16,2025-03-16,2025-03-17,1,direct,EUR,205.99,205.99,False,205.99,False,False,False,False
BK00794,garcia priya,priya.garcia485@outlook.com,Netherlands,halal,2025-03-16,2025-03-16,2025-03-17,1,OTA,EUR,279.79,279.79,False,279.79,False,False,False,False
BK00795,bernard valentina,valentina.bernard31@icloud.com,Spain,kosher,2025-03-16,2025-03-16,2025-03-19,3,OTA,EUR,214.13,214.13,False,642.39,False,False,False,False
BK00796,leroy youssef,youssef.leroy898@gmail.com,Spain,internazionale,2024-12-04,2025-03-16,2025-03-17,1,direct,EUR,232.19,232.19,False,232.19,False,False,False,False
BK00797,garcia patricia,patricia.garcia164@yahoo.com,Netherlands,italiana,2025-03-16,2025-03-16,2025-03-18,2,OTA,EUR,132.45,132.45,False,264.9,False,False,False,False
BK00798,kenji kumar,kenji.kumar572@yahoo.com,Switzerland,italiana,2025-03-17,2025-03-17,2025-03-19,2,OTA,EUR,264.0,264.0,False,528.0,False,False,False,False
BK00799,layla lefevre,layla.lefevre572@gmail.com,USA,senza glutine,2025-03-17,2025-03-17,2025-03-18,1,OTA,EUR,196.65,196.65,False,196.65,False,False,False,False
BK00800,al-rashid camille,camille.al-rashid300@yahoo.com,USA,senza glutine,2025-03-17,2025-03-17,2025-03-21,4,direct,EUR,292.68,292.68,False,1170.72,False,False,False,False
BK00801,wagner youssef,youssef.wagner782@icloud.com,France,italiana,2025-03-18,2025-03-18,2025-03-19,1,OTA,EUR,262.39,262.39,False,262.39,False,False,False,True
BK00802,al-farsi emma,emma.al-farsi291@yahoo.com,Netherlands,pesce,2025-03-18,2025-03-18,2025-03-23,5,direct,EUR,207.19,207.19,False,1035.95,False,False,False,True
BK00803,martinez william,william.martinez422@outlook.com,USA,vegana,2025-03-18,2025-03-18,2025-03-25,7,OTA,EUR,250.63,250.63,False,1754.41,False,False,False,True
BK00804,sharma simone,simone.sharma528@outlook.com,Germany,italiana,2025-03-19,2025-03-19,2025-03-21,2,OTA,EUR,275.44,275.44,False,550.88,False,False,False,False
BK00805,kowalski marco,marco.kowalski773@gmail.com,UAE,pesce,2025-03-19,2025-03-19,2025-03-24,5,OTA,EUR,202.15,202.15,False,1010.75,False,False,False,False
BK00806,bernard laura,laura.bernard139@outlook.com,UK,kosher,2025-03-19,2025-03-19,2025-03-20,1,direct,EUR,170.31,170.31,False,170.31,False,False,False,True
BK00807,chiara wagner,chiara.wagner612@icloud.com,Germany,italiana,2025-03-19,2025-03-19,2025-03-21,2,OTA,EUR,178.31,178.31,False,356.62,False,False,False,False
BK00808,esposito klaus,klaus.esposito10@gmail.com,Netherlands,kosher,2025-03-19,2025-03-19,2025-03-26,7,OTA,EUR,224.81,224.81,False,1573.67,False,False,False,False
BK00809,luca schmidt,luca.schmidt207@icloud.com,France,kosher,2025-03-19,2025-03-19,2025-03-21,2,OTA,EUR,274.89,274.89,True,0.0,False,False,False,False
BK00810,nikolai patel,nikolai.patel311@outlook.com,Germany,senza glutine,2025-03-20,2025-03-20,2025-03-22,2,OTA,EUR,242.74,242.74,False,485.48,False,False,False,False
BK00811,ingrid wagner,ingrid.wagner989@outlook.com,France,senza glutine,2025-03-20,2025-03-20,2025-03-22,2,OTA,EUR,257.57,257.57,False,515.14,False,False,False,False
BK00812,bruno kenji,kenji.bruno616@yahoo.com,Japan,vegetariana,2025-03-21,2025-03-21,2025-03-26,5,OTA,EUR,294.16,294.16,False,1470.8,False,False,False,False
BK00813,matteo tanaka,matteo.tanaka494@yahoo.com,France,vegana,2024-11-02,2025-03-21,2025-03-22,1,OTA,EUR,201.81,201.81,False,201.81,False,False,False,True
BK00814,ekaterina yamamoto,ekaterina.yamamoto72@yahoo.com,UK,italiana,2025-03-22,2025-03-22,2025-03-25,3,OTA,EUR,245.33,245.33,False,735.99,False,False,False,False
BK00815,laura singh,laura.singh747@yahoo.com,Netherlands,vegana,2025-03-22,2025-03-22,2025-03-24,2,OTA,USD,264.31,243.17,True,0.0,False,False,False,False
BK00816,esposito lucia,lucia.esposito888@outlook.com,Japan,halal,2025-03-23,2025-03-23,2025-03-25,2,OTA,EUR,230.62,230.62,False,461.24,False,False,False,False
BK00817,ekaterina watanabe,ekaterina.watanabe172@icloud.com,Japan,pesce,2024-12-05,2025-03-23,2025-03-25,2,OTA,EUR,238.96,238.96,False,477.92,False,False,False,False
BK00818,isabella marino,isabella.marino837@yahoo.com,UAE,kosher,2025-03-24,2025-03-24,2025-03-25,1,direct,EUR,219.35,219.35,False,219.35,False,False,False,False
BK00819,ananya yamamoto,ananya.yamamoto466@outlook.com,Netherlands,kosher,2025-03-25,2025-03-25,2025-03-26,1,OTA,EUR,263.1,263.1,False,263.1,False,False,False,False
BK00820,kumar william,william.kumar490@icloud.com,Spain,italiana,2025-03-25,2025-03-25,2025-03-27,2,OTA,EUR,225.94,225.94,False,451.88,False,False,False,False
BK00821,jean johnson,jean.johnson30@yahoo.com,UAE,pesce,2025-03-25,2025-03-25,2025-03-26,1,direct,EUR,255.71,255.71,False,255.71,False,False,False,False
BK00822,camille silva,camille.silva360@gmail.com,Spain,halal,2025-03-25,2025-03-25,2025-03-27,2,direct,EUR,225.19,225.19,False,450.38,False,False,False,True
BK00823,rossi youssef,youssef.rossi65@icloud.com,USA,internazionale,2025-03-25,2025-03-25,2025-03-26,1,direct,EUR,217.74,217.74,False,217.74,False,False,False,False
BK00824,ingrid ivanov,ingrid.ivanov178@outlook.com,France,vegana,2025-03-25,2025-03-25,2025-03-27,2,OTA,USD,243.26,223.8,False,447.6,False,False,False,True
BK00825,costa james,james.costa994@gmail.com,Germany,halal,2025-03-26,2025-03-26,2025-03-29,3,OTA,EUR,303.11,303.11,False,909.33,False,False,False,False
BK00826,diego novak,diego.novak49@outlook.com,France,italiana,2024-12-03,2025-03-26,2025-03-30,4,OTA,EUR,261.09,261.09,False,1044.36,False,False,False,False
BK00827,dubois valentina,valentina.dubois463@yahoo.com,Switzerland,senza glutine,2025-03-26,2025-03-26,2025-03-27,1,OTA,EUR,211.5,211.5,False,211.5,False,False,False,False
BK00828,luca muller,luca.muller382@outlook.com,France,pesce,2025-03-26,2025-03-26,2025-04-02,7,direct,EUR,185.44,185.44,False,1298.08,False,False,False,False
BK00829,john petrov,john.petrov373@gmail.com,Italy,vegetariana,2025-03-26,2025-03-26,2025-03-30,4,OTA,EUR,213.86,213.86,False,855.44,False,False,False,False
BK00830,kobayashi silvia,silvia.kobayashi166@gmail.com,Germany,halal,2025-03-26,2025-03-26,2025-03-28,2,direct,EUR,245.87,245.87,False,491.74,False,False,False,False
BK00831,kowalski omar,omar.kowalski746@yahoo.com,Spain,pesce,2025-03-26,2025-03-26,2025-03-29,3,direct,EUR,194.24,194.24,False,582.72,False,False,False,False
BK00832,nikolai romano,nikolai.romano860@gmail.com,Japan,italiana,2025-03-27,2025-03-27,2025-03-30,3,OTA,EUR,170.59,170.59,False,511.77,False,False,False,False
BK00833,robert watanabe,robert.watanabe412@yahoo.com,Netherlands,vegana,2025-03-27,2025-03-27,2025-03-28,1,direct,EUR,247.94,247.94,False,247.94,False,False,False,False
BK00834,girard kenji,kenji.girard958@outlook.com,Switzerland,halal,2024-10-21,2025-03-27,2025-03-29,2,OTA,EUR,226.56,226.56,False,453.12,False,False,False,False
BK00835,costa youssef,youssef.costa800@outlook.com,Italy,italiana,2025-03-28,2025-03-28,2025-03-30,2,OTA,EUR,270.22,270.22,False,540.44,False,False,False,False
BK00836,ferrari matteo,matteo.ferrari315@outlook.com,Germany,senza glutine,2025-03-28,2025-03-28,2025-03-30,2,OTA,EUR,246.45,246.45,False,492.9,False,False,False,False
BK00837,al-rashid andrea,andrea.al-rashid667@outlook.com,UK,vegetariana,2025-03-28,2025-03-28,2025-03-30,2,OTA,EUR,270.54,270.54,True,0.0,False,False,False,False
BK00838,fischer youssef,youssef.fischer205@outlook.com,Germany,kosher,2024-12-18,2025-03-29,2025-03-31,2,OTA,EUR,212.9,212.9,False,425.8,False,False,False,False
BK00839,elena leroy,elena.leroy507@yahoo.com,USA,halal,2025-03-29,2025-03-29,2025-04-02,4,OTA,EUR,276.39,276.39,False,1105.56,False,False,False,False
BK00840,johnson olivia,olivia.johnson636@yahoo.com,Switzerland,halal,2025-03-29,2025-03-29,2025-03-30,1,direct,EUR,222.38,222.38,False,222.38,False,False,False,False
BK00841,ferreira robert,robert.ferreira234@gmail.com,France,italiana,2025-03-29,2025-03-29,2025-03-31,2,OTA,EUR,242.5,242.5,False,485.0,False,False,False,False
BK00842,kenji martinez,kenji.martinez127@yahoo.com,France,italiana,2025-03-30,2025-03-30,2025-03-31,1,OTA,EUR,253.18,253.18,False,253.18,False,False,False,False
BK00843,aiko fischer,aiko.fischer772@gmail.com,Germany,halal,2025-03-30,2025-03-30,2025-04-05,6,OTA,EUR,313.4,313.4,False,1880.4,False,False,False,False
BK00844,ekaterina popov,ekaterina.popov878@outlook.com,France,halal,2025-03-30,2025-03-30,2025-03-31,1,OTA,EUR,210.39,210.39,False,210.39,False,False,False,False
BK00845,amelia weber,amelia.weber46@yahoo.com,Italy,halal,2025-03-30,2025-03-30,2025-04-07,8,OTA,EUR,203.49,203.49,False,1627.92,False,False,False,True
BK00846,kenji meyer,kenji.meyer889@yahoo.com,USA,italiana,2025-03-31,2025-03-31,2025-04-02,2,direct,EUR,202.15,202.15,False,404.3,False,False,False,False
BK00847,pierre singh,pierre.singh577@gmail.com,Netherlands,vegana,2025-03-31,2025-03-31,2025-04-01,1,OTA,EUR,250.12,250.12,False,250.12,False,False,False,False
BK00848,isabella martinez,isabella.martinez569@yahoo.com,Switzerland,vegetariana,2025-03-31,2025-03-31,2025-04-03,3,OTA,EUR,245.46,245.46,False,736.38,False,False,False,True
BK00849,bruno ekaterina,ekaterina.bruno631@yahoo.com,Netherlands,vegetariana,2025-04-01,2025-04-01,2025-04-07,6,OTA,EUR,257.34,257.34,True,0.0,False,False,False,True
BK00850,charlotte esposito,charlotte.esposito422@outlook.com,Japan,kosher,2025-04-01,2025-04-01,2025-04-03,2,OTA,EUR,207.16,207.16,False,414.32,False,False,False,False
BK00851,charlotte muller,charlotte.muller520@gmail.com,Italy,senza glutine,2025-04-02,2025-04-02,2025-04-08,6,OTA,EUR,229.44,229.44,False,1376.64,False,False,False,False
BK00852,ekaterina petrov,ekaterina.petrov729@yahoo.com,UK,pesce,2025-04-02,2025-04-02,2025-04-07,5,OTA,EUR,232.22,232.22,False,1161.1,False,False,False,False
BK00853,dmitri nakamura,dmitri.nakamura618@yahoo.com,Japan,pesce,2025-04-02,2025-04-02,2025-04-05,3,OTA,USD,232.18,213.61,False,640.83,False,False,False,False
BK00854,al-farsi giorgia,giorgia.al-farsi74@icloud.com,UK,pesce,2025-04-03,2025-04-03,2025-04-04,1,direct,EUR,202.15,202.15,False,202.15,False,False,False,False
BK00855,bianchi maria,maria.bianchi850@gmail.com,UAE,senza glutine,2025-04-03,2025-04-03,2025-04-04,1,OTA,USD,214.92,197.73,False,197.73,False,False,False,False
BK00856,federica petrov,federica.petrov603@gmail.com,Italy,vegana,2025-04-03,2025-04-03,2025-04-06,3,OTA,EUR,197.91,197.91,False,593.73,False,False,False,False
BK00857,hans novak,hans.novak849@icloud.com,Italy,italiana,2025-04-04,2025-04-04,2025-04-06,2,direct,EUR,291.12,291.12,False,582.24,False,False,False,False
BK00858,erik ricci,erik.ricci505@outlook.com,UK,halal,2024-12-30,2025-04-04,2025-04-07,3,direct,EUR,241.63,241.63,False,724.89,False,False,False,False
BK00859,ingrid klein,ingrid.klein587@gmail.com,Italy,kosher,2025-04-04,2025-04-04,2025-04-05,1,OTA,EUR,231.73,231.73,False,231.73,False,False,False,False
BK00860,novak silvia,silvia.novak927@yahoo.com,Italy,pesce,2025-04-04,2025-04-04,2025-04-06,2,OTA,EUR,220.42,220.42,False,440.84,False,False,False,False
BK00861,andersen henri,henri.andersen496@yahoo.com,Netherlands,internazionale,2025-04-04,2025-04-04,2025-04-07,3,direct,EUR,231.31,231.31,False,693.93,False,False,False,True
BK00862,astrid ivanov,astrid.ivanov6@icloud.com,Switzerland,halal,2024-12-20,2025-04-04,2025-04-07,3,OTA,EUR,272.31,272.31,False,816.93,False,False,False,False
BK00863,bruno patricia,patricia.bruno855@outlook.com,Germany,pesce,2025-04-04,2025-04-04,2025-04-06,2,OTA,EUR,238.32,238.32,False,476.64,False,False,False,False
BK00864,costa federica,federica.costa129@yahoo.com,UAE,vegana,2025-04-04,2025-04-04,2025-04-06,2,OTA,EUR,251.65,251.65,True,0.0,False,False,False,False
BK00865,watanabe youssef,youssef.watanabe191@yahoo.com,UK,pesce,2024-09-24,2025-04-04,2025-04-06,2,direct,EUR,186.79,186.79,False,373.58,False,False,False,False
BK00866,dmitri yamamoto,dmitri.yamamoto887@gmail.com,France,halal,2025-04-05,2025-04-05,2025-04-08,3,OTA,EUR,261.87,261.87,False,785.61,False,False,False,False
BK00867,elena esposito,elena.esposito714@gmail.com,Netherlands,pesce,2025-04-05,2025-04-05,2025-04-07,2,OTA,EUR,170.63,170.63,False,341.26,False,False,False,False
BK00868,matteo yamamoto,matteo.yamamoto94@icloud.com,UAE,senza glutine,2025-04-05,2025-04-05,2025-04-07,2,direct,EUR,227.02,227.02,False,454.04,False,False,False,True
BK00869,anna ferreira,anna.ferreira832@gmail.com,UK,halal,2025-04-05,2025-04-05,2025-04-08,3,OTA,EUR,250.57,250.57,False,751.71,False,False,False,False
BK00870,nilsson patricia,patricia.nilsson468@outlook.com,Netherlands,internazionale,2025-04-05,2025-04-05,2025-04-06,1,OTA,EUR,301.67,301.67,False,301.67,False,False,False,False
BK00871,anna popov,anna.popov276@icloud.com,Italy,italiana,2025-04-06,2025-04-06,2025-04-09,3,OTA,EUR,247.94,247.94,False,743.82,False,False,False,False
BK00872,giulia marino,giulia.marino913@yahoo.com,Spain,vegetariana,2025-03-05,2025-04-06,2025-04-09,3,OTA,EUR,279.73,279.73,False,839.19,False,False,False,False
BK00873,erik rossi,erik.rossi212@gmail.com,Switzerland,pesce,2025-04-06,2025-04-06,2025-04-08,2,direct,EUR,258.05,258.05,False,516.1,False,False,False,False
BK00874,kobayashi matteo,matteo.kobayashi93@icloud.com,Spain,vegana,2025-04-07,2025-04-07,2025-04-09,2,direct,EUR,209.93,209.93,False,419.86,False,False,False,False
BK00875,matteo smith,matteo.smith16@yahoo.com,Italy,internazionale,2025-04-07,2025-04-07,2025-04-08,1,direct,EUR,221.92,221.92,False,221.92,False,False,False,False
BK00876,isabella weber,isabella.weber158@outlook.com,Netherlands,internazionale,2025-04-08,2025-04-08,2025-04-17,9,OTA,EUR,253.35,253.35,False,2280.15,False,False,False,False
BK00877,kowalski yuki,yuki.kowalski731@icloud.com,Italy,pesce,2025-04-08,2025-04-08,2025-04-10,2,OTA,EUR,278.49,278.49,True,0.0,False,False,False,True
BK00878,arjun garcia,arjun.garcia876@yahoo.com,UK,pesce,2025-04-08,2025-04-08,2025-04-10,2,OTA,EUR,236.72,236.72,False,473.44,False,False,False,False
BK00879,girard jean,jean.girard276@gmail.com,Netherlands,halal,2025-04-09,2025-04-09,2025-04-14,5,OTA,EUR,249.52,249.52,False,1247.6,False,False,False,False
BK00880,erik kim,erik.kim935@icloud.com,Italy,kosher,2025-04-09,2025-04-09,2025-04-15,6,OTA,USD,279.49,257.13,False,1542.78,False,False,False,False
BK00881,romano youssef,youssef.romano989@outlook.com,Netherlands,senza glutine,2025-04-09,2025-04-09,2025-04-12,3,OTA,EUR,220.84,220.84,False,662.52,False,False,False,False
BK00882,chiara kowalski,chiara.kowalski841@gmail.com,USA,kosher,2025-04-09,2025-04-09,2025-04-10,1,direct,EUR,241.59,241.59,False,241.59,False,False,False,False
BK00883,hassan layla,layla.hassan556@icloud.com,Netherlands,internazionale,2025-04-09,2025-04-09,2025-04-11,2,OTA,EUR,226.44,226.44,False,452.88,False,False,False,False
BK00884,fernandez patricia,patricia.fernandez632@outlook.com,Spain,vegetariana,2025-04-09,2025-04-09,2025-04-11,2,OTA,EUR,260.96,260.96,False,521.92,False,False,False,False
BK00885,al-rashid john,john.al-rashid634@yahoo.com,USA,halal,2025-01-05,2025-04-09,2025-04-10,1,OTA,USD,256.02,235.54,False,235.54,False,False,False,False
BK00886,petrov yuki,yuki.petrov227@gmail.com,Switzerland,halal,2025-04-10,2025-04-10,2025-04-12,2,direct,EUR,209.06,209.06,False,418.12,False,False,False,False
BK00887,erik lefevre,erik.lefevre80@gmail.com,UK,senza glutine,2025-04-10,2025-04-10,2025-04-11,1,OTA,EUR,265.99,265.99,False,265.99,False,False,False,True
BK00888,nikolai silva,nikolai.silva634@icloud.com,France,halal,2025-04-10,2025-04-10,2025-04-13,3,direct,EUR,216.31,216.31,False,648.93,False,False,False,False
BK00889,ekaterina esposito,ekaterina.esposito516@icloud.com,Germany,senza glutine,2025-04-10,2025-04-10,2025-04-11,1,direct,EUR,223.47,223.47,False,223.47,False,False,False,False
BK00890,kaczmarek paolo,paolo.kaczmarek311@yahoo.com,Switzerland,pesce,2025-04-10,2025-04-10,2025-04-11,1,OTA,USD,225.02,207.02,False,207.02,False,False,False,False
BK00891,andrea smith,andrea.smith287@icloud.com,UK,internazionale,2025-04-10,2025-04-10,2025-04-11,1,OTA,EUR,278.85,278.85,False,278.85,False,False,False,False
BK00892,amelia muller,amelia.muller348@outlook.com,Spain,italiana,2025-04-11,2025-04-11,2025-04-12,1,direct,USD,238.33,219.26,False,219.26,False,False,False,False
BK00893,alessandro ibrahim,alessandro.ibrahim189@icloud.com,Spain,senza glutine,2025-04-11,2025-04-11,2025-04-13,2,OTA,EUR,298.75,298.75,False,597.5,False,False,False,False
BK00894,sophie watanabe,sophie.watanabe560@outlook.com,Switzerland,halal,2025-04-12,2025-04-12,2025-04-14,2,OTA,EUR,240.67,240.67,False,481.34,False,False,False,False
BK00895,camille dubois,camille.dubois527@icloud.com,UK,vegana,2025-04-12,2025-04-12,2025-04-15,3,OTA,USD,306.21,281.71,False,845.13,False,False,False,False
BK00896,andrea popov,andrea.popov255@icloud.com,Spain,italiana,2025-04-13,2025-04-13,2025-04-14,1,direct,EUR,203.14,203.14,False,203.14,False,False,False,False
BK00897,al-farsi david,david.al-farsi110@icloud.com,Japan,senza glutine,2025-04-13,2025-04-13,2025-04-17,4,OTA,EUR,260.32,260.32,False,1041.28,False,False,False,True
BK00898,esposito silvia,silvia.esposito25@gmail.com,Spain,vegetariana,2025-04-13,2025-04-13,2025-04-15,2,direct,EUR,254.31,254.31,False,508.62,False,False,False,False
BK00899,aiko esposito,aiko.esposito233@gmail.com,France,senza glutine,2025-04-13,2025-04-13,2025-04-17,4,OTA,EUR,297.91,297.91,False,1191.64,False,False,False,False
BK00900,ahmed bianchi,ahmed.bianchi864@outlook.com,UK,vegana,2025-04-14,2025-04-14,2025-04-16,2,direct,EUR,219.46,219.46,False,438.92,False,False,False,False
BK00901,lefevre olivia,olivia.lefevre780@yahoo.com,Italy,pesce,2025-04-14,2025-04-14,2025-04-16,2,OTA,USD,232.31,213.73,False,427.46,False,False,False,False
BK00902,charlotte park,charlotte.park125@icloud.com,USA,italiana,2025-04-15,2025-04-15,2025-04-17,2,OTA,EUR,215.25,215.25,True,0.0,False,False,False,True
BK00903,dmitri singh,dmitri.singh24@outlook.com,Switzerland,vegetariana,2025-04-15,2025-04-15,2025-04-17,2,direct,USD,245.7,226.04,False,452.08,False,False,False,False
BK00904,lefevre patricia,patricia.lefevre678@outlook.com,Italy,senza glutine,2025-04-15,2025-04-15,2025-04-18,3,OTA,USD,231.2,212.7,False,638.1,False,False,False,False
BK00905,ananya ferreira,ananya.ferreira413@gmail.com,Spain,internazionale,2025-04-16,2025-04-16,2025-04-17,1,direct,EUR,218.28,218.28,False,218.28,False,False,False,True
BK00906,andersen nikolai,nikolai.andersen586@icloud.com,Italy,internazionale,2025-04-16,2025-04-16,2025-04-18,2,OTA,EUR,251.6,251.6,False,503.2,False,False,False,False
BK00907,jean kim,jean.kim542@outlook.com,Germany,halal,2025-04-16,2025-04-16,2025-04-19,3,OTA,EUR,256.89,256.89,False,770.67,False,False,False,True
BK00908,klein youssef,youssef.klein71@icloud.com,Netherlands,italiana,2025-04-16,2025-04-16,2025-04-18,2,OTA,EUR,324.66,324.66,False,649.32,False,False,False,False
BK00909,chen ingrid,ingrid.chen87@yahoo.com,Japan,senza glutine,2025-04-17,2025-04-17,2025-04-19,2,OTA,USD,252.81,232.59,False,465.18,False,False,False,False
BK00910,erik ferreira,erik.ferreira635@outlook.com,France,italiana,2025-04-17,2025-04-17,2025-04-19,2,OTA,EUR,295.19,295.19,True,0.0,False,False,False,False
BK00911,sokolov thomas,thomas.sokolov900@icloud.com,Spain,halal,2025-04-18,2025-04-18,2025-04-26,8,OTA,EUR,236.69,236.69,False,1893.52,False,False,False,False
BK00912,amelia petrov,amelia.petrov119@yahoo.com,UK,vegetariana,2025-04-18,2025-04-18,2025-04-23,5,OTA,EUR,232.68,232.68,False,1163.4,False,False,False,False
BK00913,al-farsi carlos,carlos.al-farsi959@gmail.com,France,kosher,2025-04-18,2025-04-18,2025-04-21,3,OTA,EUR,283.05,283.05,False,849.15,False,False,False,False
BK00914,marino sara,sara.marino696@outlook.com,Germany,vegetariana,2025-02-12,2025-04-18,2025-04-21,3,direct,EUR,202.88,202.88,False,608.64,False,False,False,False
BK00915,john suzuki,john.suzuki766@yahoo.com,France,pesce,2025-04-19,2025-04-19,2025-04-21,2,OTA,EUR,194.38,194.38,False,388.76,False,False,False,False
BK00916,fischer jean,jean.fischer576@yahoo.com,Spain,pesce,2024-09-16,2025-04-19,2025-04-22,3,OTA,EUR,245.52,245.52,False,736.56,False,False,False,False
BK00917,colombo john,john.colombo457@gmail.com,Italy,halal,2025-04-20,2025-04-20,2025-04-22,2,OTA,EUR,255.99,255.99,False,511.98,False,False,False,False
BK00918,meyer simone,simone.meyer92@outlook.com,UAE,vegana,2025-04-20,2025-04-20,2025-04-27,7,OTA,USD,305.53,281.09,False,1967.63,False,False,False,False
BK00919,al-farsi marie,marie.al-farsi112@gmail.com,UK,internazionale,2025-04-20,2025-04-20,2025-04-22,2,OTA,EUR,221.16,221.16,False,442.32,False,False,False,False
BK00920,moreau omar,omar.moreau192@gmail.com,Japan,vegana,2025-02-19,2025-04-21,2025-04-22,1,direct,EUR,268.2,268.2,False,268.2,False,False,False,False
BK00921,giorgia sharma,giorgia.sharma70@outlook.com,Switzerland,pesce,2025-04-22,2025-04-22,2025-04-25,3,OTA,EUR,286.15,286.15,False,858.45,False,False,False,False
BK00922,popov sara,sara.popov96@gmail.com,Switzerland,internazionale,2025-04-22,2025-04-22,2025-04-24,2,direct,EUR,296.45,296.45,False,592.9,False,False,False,False
BK00923,layla nowak,layla.nowak591@outlook.com,Netherlands,senza glutine,2025-04-22,2025-04-22,2025-04-23,1,OTA,EUR,229.94,229.94,False,229.94,False,False,False,False
BK00924,hans kumar,hans.kumar727@yahoo.com,Japan,vegetariana,2024-12-04,2025-04-23,2025-04-28,5,OTA,USD,259.24,238.5,False,1192.5,False,False,False,True
BK00925,marino priya,priya.marino121@icloud.com,Netherlands,vegetariana,2025-04-23,2025-04-23,2025-04-25,2,OTA,EUR,232.48,232.48,False,464.96,False,False,False,False
BK00926,camille costa,camille.costa708@gmail.com,Japan,pesce,2025-04-23,2025-04-23,2025-04-24,1,direct,EUR,192.89,192.89,False,192.89,False,False,False,False
BK00927,romano yuki,yuki.romano345@yahoo.com,USA,halal,2025-04-24,2025-04-24,2025-04-25,1,direct,EUR,230.42,230.42,False,230.42,False,False,False,False
BK00928,kaczmarek robert,robert.kaczmarek580@gmail.com,USA,kosher,2025-04-24,2025-04-24,2025-04-28,4,OTA,USD,214.16,197.03,False,788.12,False,False,False,False
BK00929,ekaterina patel,ekaterina.patel928@yahoo.com,UAE,vegetariana,2025-04-25,2025-04-25,2025-04-26,1,OTA,USD,193.75,178.25,False,178.25,False,False,False,False
BK00930,al-farsi robert,robert.al-farsi929@gmail.com,Japan,vegetariana,2025-04-25,2025-04-25,2025-04-28,3,direct,EUR,282.53,282.53,False,847.59,False,False,False,False
BK00931,leroy olga,olga.leroy9@outlook.com,France,halal,2025-04-25,2025-04-25,2025-04-27,2,OTA,EUR,237.98,237.98,False,475.96,False,False,False,False
BK00932,al-rashid olga,olga.al-rashid372@outlook.com,UK,senza glutine,2025-04-25,2025-04-25,2025-04-27,2,OTA,EUR,273.59,273.59,False,547.18,False,False,False,False
BK00933,marie tanaka,marie.tanaka995@outlook.com,UK,halal,2025-04-26,2025-04-26,2025-04-28,2,OTA,EUR,225.59,225.59,False,451.18,False,False,False,False
BK00934,moreau pierre,pierre.moreau793@gmail.com,Italy,senza glutine,2025-04-26,2025-04-26,2025-04-27,1,OTA,EUR,295.65,295.65,False,295.65,False,False,False,False
BK00935,ferreira kenji,kenji.ferreira355@yahoo.com,Switzerland,pesce,2025-04-26,2025-04-26,2025-04-28,2,OTA,USD,200.83,184.76,False,369.52,False,False,False,False
BK00936,elena smith,elena.smith597@gmail.com,Italy,senza glutine,2025-04-26,2025-04-26,2025-04-29,3,OTA,USD,270.18,248.57,False,745.71,False,False,False,False
BK00937,greco luca,luca.greco361@yahoo.com,Netherlands,halal,2025-04-26,2025-04-26,2025-04-28,2,direct,USD,261.06,240.18,False,480.36,False,False,False,False
BK00938,ananya bianchi,ananya.bianchi770@yahoo.com,France,halal,2025-04-26,2025-04-26,2025-05-04,8,OTA,EUR,223.02,223.02,False,1784.16,False,False,False,False
BK00939,sharma yuki,yuki.sharma113@yahoo.com,Germany,italiana,2025-04-26,2025-04-26,2025-05-01,5,OTA,EUR,259.34,259.34,True,0.0,False,False,False,False
BK00940,aiko park,aiko.park705@icloud.com,UK,italiana,2025-04-27,2025-04-27,2025-04-28,1,OTA,EUR,235.85,235.85,False,235.85,False,False,False,True
BK00941,giorgia sokolov,giorgia.sokolov225@icloud.com,UAE,vegetariana,2025-04-28,2025-04-28,2025-05-01,3,direct,EUR,187.47,187.47,False,562.41,False,False,False,False
BK00942,lopez youssef,youssef.lopez697@icloud.com,Italy,pesce,2025-04-28,2025-04-28,2025-04-30,2,OTA,EUR,270.66,270.66,False,541.32,False,False,False,False
BK00943,ekaterina moreau,ekaterina.moreau583@gmail.com,Spain,kosher,2025-04-29,2025-04-29,2025-05-01,2,OTA,USD,217.24,199.86,False,399.72,False,False,False,True
BK00944,johnson kenji,kenji.johnson710@yahoo.com,USA,vegetariana,2025-04-29,2025-04-29,2025-04-30,1,OTA,EUR,224.98,224.98,True,0.0,False,False,False,False
BK00945,ingrid leroy,ingrid.leroy6@yahoo.com,Netherlands,senza glutine,2025-04-29,2025-04-29,2025-04-30,1,direct,EUR,231.87,231.87,False,231.87,False,False,False,False
BK00946,ferreira matteo,matteo.ferreira30@yahoo.com,Spain,kosher,2025-04-29,2025-04-29,2025-05-01,2,OTA,EUR,294.35,294.35,False,588.7,False,False,False,False
BK00947,kaczmarek thomas,thomas.kaczmarek603@gmail.com,Japan,kosher,2025-04-30,2025-04-30,2025-05-04,4,direct,EUR,273.19,273.19,False,1092.76,False,False,False,False
BK00948,meyer robert,robert.meyer747@yahoo.com,Switzerland,kosher,2025-04-30,2025-04-30,2025-05-05,5,OTA,EUR,277.0,277.0,False,1385.0,False,False,False,False
BK00949,omar popov,omar.popov836@icloud.com,Netherlands,vegana,2025-05-01,2025-05-01,2025-05-02,1,OTA,EUR,203.0,203.0,False,203.0,False,False,False,False
BK00950,ingrid kobayashi,ingrid.kobayashi216@gmail.com,Spain,vegetariana,2024-12-05,2025-05-02,2025-05-04,2,OTA,EUR,258.68,258.68,False,517.36,False,False,False,False
BK00951,ingrid lopez,ingrid.lopez637@outlook.com,France,pesce,2025-05-03,2025-05-03,2025-05-07,4,OTA,EUR,277.75,277.75,False,1111.0,False,False,False,False
BK00952,jean lopez,jean.lopez859@outlook.com,Switzerland,pesce,2025-01-03,2025-05-04,2025-05-05,1,OTA,EUR,251.91,251.91,False,251.91,False,False,False,False
BK00953,john ricci,john.ricci203@gmail.com,USA,vegana,2025-05-04,2025-05-04,2025-05-05,1,OTA,EUR,231.17,231.17,False,231.17,False,False,False,False
BK00954,matteo singh,matteo.singh198@gmail.com,USA,vegana,2025-05-04,2025-05-04,2025-05-05,1,OTA,EUR,226.99,226.99,False,226.99,False,False,False,False
BK00955,bianchi dmitri,dmitri.bianchi299@outlook.com,Switzerland,vegana,2025-05-05,2025-05-05,2025-05-07,2,direct,EUR,202.58,202.58,True,0.0,False,False,False,False
BK00956,isabella rossi,isabella.rossi752@gmail.com,UAE,italiana,2025-05-05,2025-05-05,2025-05-06,1,direct,EUR,225.14,225.14,False,225.14,False,False,False,False
BK00957,alessandro singh,alessandro.singh722@yahoo.com,USA,senza glutine,2025-05-06,2025-05-06,2025-05-07,1,OTA,EUR,287.01,287.01,False,287.01,False,False,False,False
BK00958,silvia singh,silvia.singh323@yahoo.com,UK,italiana,2025-05-06,2025-05-06,2025-05-10,4,OTA,EUR,270.36,270.36,False,1081.44,False,False,False,True
BK00959,jean kim,jean.kim542@outlook.com,Germany,halal,2025-04-16,2025-05-07,2025-05-13,6,OTA,EUR,258.49,258.49,False,1550.94,False,False,False,True
BK00960,ferreira marco,marco.ferreira609@icloud.com,Spain,italiana,2025-05-07,2025-05-07,2025-05-13,6,OTA,EUR,211.74,211.74,False,1270.44,False,False,False,False
BK00961,fernandez lucia,lucia.fernandez469@gmail.com,France,italiana,2024-10-24,2025-05-07,2025-05-09,2,OTA,EUR,231.9,231.9,False,463.8,False,False,False,True
BK00962,anna ferreira,anna.ferreira832@gmail.com,UK,halal,2025-04-05,2025-05-07,2025-05-08,1,OTA,EUR,259.57,259.57,False,259.57,False,False,False,False
BK00963,astrid suzuki,astrid.suzuki689@icloud.com,UAE,pesce,2025-05-08,2025-05-08,2025-05-09,1,OTA,EUR,204.54,204.54,False,204.54,False,False,False,False
BK00964,moreau sophie,sophie.moreau918@icloud.com,Germany,vegana,2025-05-08,2025-05-08,2025-05-10,2,OTA,EUR,256.03,256.03,False,512.06,False,False,False,False
BK00965,hans schmidt,hans.schmidt703@icloud.com,UK,halal,2024-12-25,2025-05-08,2025-05-14,6,OTA,EUR,291.74,291.74,False,1750.44,False,False,False,False
BK00966,anna kaczmarek,anna.kaczmarek229@icloud.com,Spain,pesce,2025-05-09,2025-05-09,2025-05-10,1,direct,USD,231.66,213.13,False,213.13,False,False,False,False
BK00967,al-farsi henri,henri.al-farsi602@outlook.com,Japan,internazionale,2024-09-22,2025-05-10,2025-05-16,6,direct,EUR,225.71,225.71,False,1354.26,False,False,False,False
BK00968,charlotte hassan,charlotte.hassan475@yahoo.com,Switzerland,pesce,2024-12-21,2025-05-11,2025-05-13,2,OTA,USD,238.88,219.77,False,439.54,False,False,False,False
BK00969,klaus nakamura,klaus.nakamura370@icloud.com,UK,internazionale,2025-05-11,2025-05-11,2025-05-16,5,OTA,EUR,238.48,238.48,True,0.0,False,False,False,False
BK00970,kim olga,olga.kim749@outlook.com,Spain,italiana,2025-05-11,2025-05-11,2025-05-12,1,direct,EUR,211.15,211.15,False,211.15,False,False,False,True
BK00971,jean kumar,jean.kumar138@icloud.com,USA,internazionale,2025-05-11,2025-05-11,2025-05-13,2,OTA,EUR,173.03,173.03,False,346.06,False,False,False,False
BK00972,erik smith,erik.smith472@gmail.com,Italy,vegetariana,2025-05-12,2025-05-12,2025-05-13,1,OTA,EUR,305.25,305.25,False,305.25,False,False,False,False
BK00973,lucia sharma,lucia.sharma198@icloud.com,Netherlands,vegana,2025-05-12,2025-05-12,2025-05-14,2,direct,EUR,170.68,170.68,False,341.36,False,False,False,False
BK00974,fischer olivia,olivia.fischer984@gmail.com,UAE,kosher,2025-05-12,2025-05-12,2025-05-15,3,OTA,EUR,238.25,238.25,False,714.75,False,False,False,False
BK00975,ananya hassan,ananya.hassan165@yahoo.com,USA,senza glutine,2025-05-12,2025-05-12,2025-05-14,2,direct,USD,203.41,187.14,False,374.28,False,False,False,False
BK00976,lucia watanabe,lucia.watanabe869@icloud.com,Italy,internazionale,2025-05-12,2025-05-12,2025-05-13,1,direct,EUR,188.01,188.01,False,188.01,False,False,False,True
BK00977,ivanov laura,laura.ivanov467@icloud.com,USA,kosher,2025-05-13,2025-05-13,2025-05-15,2,OTA,EUR,213.31,213.31,False,426.62,False,False,False,False
BK00978,anna fernandez,anna.fernandez122@icloud.com,France,vegana,2025-05-13,2025-05-13,2025-05-14,1,direct,EUR,241.42,241.42,True,0.0,False,False,False,False
BK00979,ferrari james,james.ferrari322@yahoo.com,Switzerland,internazionale,2025-05-13,2025-05-13,2025-05-15,2,direct,USD,213.81,196.71,False,393.42,False,False,False,False
BK00980,olivia rossi,olivia.rossi699@gmail.com,Switzerland,halal,2025-05-13,2025-05-13,2025-05-18,5,OTA,EUR,266.43,266.43,False,1332.15,False,False,False,False
BK00981,popov simone,simone.popov666@outlook.com,France,italiana,2025-05-13,2025-05-13,2025-05-14,1,OTA,EUR,257.07,257.07,False,257.07,False,False,False,False
BK00982,ferrari simone,simone.ferrari790@outlook.com,Netherlands,kosher,2024-10-31,2025-05-14,2025-05-16,2,OTA,EUR,250.19,250.19,False,500.38,False,False,True,True
BK00983,elena silva,elena.silva108@icloud.com,Italy,vegetariana,2025-05-15,2025-05-15,2025-05-17,2,OTA,USD,258.81,238.11,False,476.22,False,False,False,False
BK00984,nowak paolo,paolo.nowak204@icloud.com,Japan,vegetariana,2025-01-01,2025-05-15,2025-05-18,3,direct,EUR,258.37,258.37,False,775.11,False,False,False,False
BK00985,kim maria,maria.kim987@yahoo.com,France,halal,2025-05-15,2025-05-15,2025-05-19,4,OTA,EUR,280.98,280.98,False,1123.92,False,False,False,False
BK00986,lucia watanabe,lucia.watanabe869@icloud.com,Italy,internazionale,2025-05-12,2025-05-15,2025-05-18,3,OTA,USD,237.04,218.08,True,0.0,False,False,False,True
BK00987,luca nakamura,luca.nakamura881@icloud.com,USA,pesce,2025-05-15,2025-05-15,2025-05-16,1,direct,USD,242.05,222.69,False,222.69,False,False,False,False
BK00988,isabella nakamura,isabella.nakamura971@outlook.com,UAE,internazionale,2025-05-15,2025-05-15,2025-05-16,1,OTA,EUR,229.85,229.85,False,229.85,False,False,False,False
BK00989,ivanov olga,olga.ivanov98@gmail.com,UK,vegetariana,2024-11-09,2025-05-16,2025-05-18,2,OTA,EUR,211.01,211.01,True,0.0,False,False,True,False
BK00990,dubois henri,henri.dubois90@icloud.com,Switzerland,vegana,2025-05-17,2025-05-17,2025-05-18,1,OTA,EUR,238.75,238.75,False,238.75,False,False,False,False
BK00991,dmitri kumar,dmitri.kumar318@outlook.com,UAE,italiana,2025-05-17,2025-05-17,2025-05-25,8,OTA,EUR,199.52,199.52,False,1596.16,False,False,False,False
BK00992,popov robert,robert.popov124@gmail.com,Italy,pesce,2025-05-17,2025-05-17,2025-05-19,2,direct,USD,273.56,251.68,False,503.36,False,False,False,False
BK00993,ekaterina girard,ekaterina.girard388@outlook.com,Italy,halal,2024-11-26,2025-05-17,2025-05-18,1,OTA,EUR,242.11,242.11,False,242.11,False,False,False,False
BK00994,anna watanabe,anna.watanabe76@gmail.com,Netherlands,pesce,2025-05-18,2025-05-18,2025-05-21,3,OTA,EUR,250.34,250.34,False,751.02,False,False,False,False
BK00995,popov sophie,sophie.popov904@yahoo.com,UAE,vegetariana,2025-05-18,2025-05-18,2025-05-19,1,OTA,EUR,269.36,269.36,False,269.36,False,False,False,False
BK00996,marie patel,marie.patel692@yahoo.com,USA,italiana,2025-05-19,2025-05-19,2025-05-23,4,OTA,EUR,210.05,210.05,False,840.2,False,False,False,True
BK00997,federica petrov,federica.petrov603@gmail.com,Italy,vegana,2025-04-03,2025-05-20,2025-05-23,3,OTA,EUR,267.38,267.38,False,802.14,False,False,False,False
BK00998,elena sokolov,elena.sokolov471@outlook.com,UK,internazionale,2025-05-20,2025-05-20,2025-05-22,2,OTA,EUR,249.1,249.1,False,498.2,False,False,False,False
BK00999,federica johnson,federica.johnson968@yahoo.com,Germany,senza glutine,2025-05-20,2025-05-20,2025-05-23,3,OTA,EUR,260.23,260.23,False,780.69,False,False,False,False
BK01000,arjun tanaka,arjun.tanaka254@icloud.com,UK,internazionale,2025-05-20,2025-05-20,2025-05-21,1,OTA,EUR,207.51,207.51,False,207.51,False,False,False,False
BK01001,ibrahim james,james.ibrahim563@yahoo.com,USA,vegana,2025-05-21,2025-05-21,2025-05-23,2,direct,EUR,256.96,256.96,False,513.92,False,False,False,False
BK01002,astrid garcia,astrid.garcia110@outlook.com,USA,vegetariana,2024-11-08,2025-05-22,2025-05-28,6,OTA,USD,214.25,197.11,False,1182.66,False,False,False,True
BK01003,al-farsi david,david.al-farsi110@icloud.com,Japan,senza glutine,2025-04-13,2025-05-22,2025-05-23,1,OTA,USD,256.55,236.03,False,236.03,False,False,False,True
BK01004,muller thomas,thomas.muller941@yahoo.com,Italy,kosher,2025-05-22,2025-05-22,2025-05-24,2,direct,USD,178.37,164.1,False,328.2,False,False,False,False
BK01005,greco klaus,klaus.greco67@gmail.com,Switzerland,pesce,2025-05-22,2025-05-22,2025-05-24,2,OTA,EUR,277.16,277.16,False,554.32,False,False,False,False
BK01006,astrid watanabe,astrid.watanabe864@yahoo.com,Italy,vegana,2025-05-23,2025-05-23,2025-05-28,5,OTA,EUR,271.67,271.67,False,1358.35,False,False,False,False
BK01007,colombo marie,marie.colombo267@gmail.com,Italy,senza glutine,2025-05-23,2025-05-23,2025-05-24,1,OTA,USD,281.82,259.27,False,259.27,False,False,False,False
BK01008,alessandro chen,alessandro.chen491@icloud.com,Japan,pesce,2025-05-23,2025-05-23,2025-05-26,3,OTA,USD,217.43,200.04,False,600.12,False,False,False,False
BK01009,ivanov silvia,silvia.ivanov152@gmail.com,Netherlands,vegana,2025-01-12,2025-05-23,2025-05-29,6,direct,USD,254.49,234.13,False,1404.78,False,False,False,True
BK01010,dubois william,william.dubois557@icloud.com,Switzerland,pesce,2024-10-03,2025-05-24,2025-05-27,3,OTA,USD,216.09,198.8,False,596.4,False,False,False,True
BK01011,bruno pierre,pierre.bruno540@gmail.com,Spain,halal,2025-05-24,2025-05-24,2025-05-27,3,direct,EUR,190.6,190.6,False,571.8,False,False,False,False
BK01012,diego lopez,diego.lopez820@icloud.com,UAE,vegana,2025-05-24,2025-05-24,2025-05-26,2,OTA,EUR,262.96,262.96,False,525.92,False,False,False,False
BK01013,al-rashid thomas,thomas.al-rashid958@yahoo.com,Japan,senza glutine,2024-09-14,2025-05-24,2025-05-27,3,OTA,EUR,240.72,240.72,False,722.16,False,False,False,False
BK01014,ingrid nowak,ingrid.nowak330@gmail.com,Spain,vegetariana,2024-09-24,2025-05-25,2025-05-27,2,OTA,USD,297.43,273.64,False,547.28,False,False,False,False
BK01015,hans suzuki,hans.suzuki489@yahoo.com,USA,pesce,2025-05-25,2025-05-25,2025-05-26,1,direct,EUR,223.36,223.36,False,223.36,False,False,False,False
BK01016,emma petrov,emma.petrov646@gmail.com,UAE,internazionale,2025-05-25,2025-05-25,2025-05-26,1,OTA,EUR,157.99,157.99,False,157.99,False,False,False,False
BK01017,fernandez omar,omar.fernandez343@gmail.com,Italy,senza glutine,2025-05-25,2025-05-25,2025-05-28,3,OTA,USD,220.98,203.3,False,609.9,False,False,False,False
BK01018,garcia sara,sara.garcia250@yahoo.com,Germany,halal,2025-05-25,2025-05-25,2025-05-27,2,OTA,EUR,227.53,227.53,False,455.06,False,False,False,False
BK01019,fatima nakamura,fatima.nakamura133@icloud.com,Japan,italiana,2025-05-25,2025-05-25,2025-05-28,3,OTA,EUR,199.53,199.53,False,598.59,False,False,False,False
BK01020,laura popov,laura.popov364@gmail.com,Japan,internazionale,2025-05-26,2025-05-26,2025-05-29,3,direct,USD,230.94,212.46,False,637.38,False,False,False,False
BK01021,john martinez,john.martinez355@yahoo.com,Switzerland,vegana,2025-05-26,2025-05-26,2025-05-30,4,OTA,EUR,222.85,222.85,False,891.4,False,False,False,False
BK01022,klaus kowalski,klaus.kowalski418@gmail.com,UK,italiana,2025-05-26,2025-05-26,2025-05-28,2,OTA,EUR,268.31,268.31,True,0.0,False,False,False,False
BK01023,novak olivia,olivia.novak954@yahoo.com,UAE,vegana,2025-05-26,2025-05-26,2025-05-28,2,OTA,EUR,211.17,211.17,False,422.34,False,False,False,False
BK01024,lopez matteo,matteo.lopez80@yahoo.com,Italy,internazionale,2025-05-26,2025-05-26,2025-05-27,1,OTA,EUR,248.36,248.36,True,0.0,False,False,False,False
BK01025,nikolai popov,nikolai.popov466@outlook.com,Spain,pesce,2025-05-27,2025-05-27,2025-05-30,3,direct,EUR,200.69,200.69,False,602.07,False,False,False,False
BK01026,carlos sokolov,carlos.sokolov94@icloud.com,UAE,halal,2025-05-27,2025-05-27,2025-06-01,5,direct,USD,232.61,214.0,False,1070.0,False,False,False,False
BK01027,park sara,sara.park245@gmail.com,Spain,kosher,2025-05-27,2025-05-27,2025-05-31,4,OTA,EUR,248.52,248.52,False,994.08,False,False,False,True
BK01028,john kowalski,john.kowalski861@gmail.com,Switzerland,pesce,2024-09-22,2025-05-28,2025-05-30,2,direct,EUR,218.37,218.37,False,436.74,False,False,False,False
BK01029,esposito isabella,isabella.esposito80@gmail.com,Netherlands,pesce,2025-05-28,2025-05-28,2025-06-02,5,direct,EUR,291.45,291.45,False,1457.25,False,False,False,False
BK01030,leroy yuki,yuki.leroy881@yahoo.com,UAE,kosher,2025-05-29,2025-05-29,2025-05-30,1,OTA,EUR,213.59,213.59,False,213.59,False,False,False,False
BK01031,costa giulia,giulia.costa422@gmail.com,USA,kosher,2025-05-29,2025-05-29,2025-05-31,2,direct,EUR,241.35,241.35,False,482.7,False,False,False,False
BK01032,chen isabella,isabella.chen343@icloud.com,Spain,pesce,2025-05-29,2025-05-29,2025-05-31,2,OTA,EUR,256.37,256.37,False,512.74,False,False,False,False
BK01033,ferreira sara,sara.ferreira871@gmail.com,Switzerland,vegana,2025-05-29,2025-05-29,2025-05-30,1,OTA,EUR,214.55,214.55,False,214.55,False,False,False,False
BK01034,ahmed yamamoto,ahmed.yamamoto894@icloud.com,Spain,italiana,2025-05-30,2025-05-30,2025-06-03,4,OTA,EUR,187.44,187.44,False,749.76,False,False,False,False
BK01035,charlotte fischer,charlotte.fischer428@icloud.com,UAE,vegana,2025-02-27,2025-05-30,2025-05-31,1,direct,USD,221.72,203.98,False,203.98,False,False,False,False
BK01036,aiko ferrari,aiko.ferrari570@gmail.com,France,internazionale,2025-05-30,2025-05-30,2025-06-01,2,direct,EUR,215.46,215.46,False,430.92,False,False,False,False
BK01037,dmitri nilsson,dmitri.nilsson915@gmail.com,France,pesce,2025-05-30,2025-05-30,2025-06-01,2,OTA,EUR,258.9,258.9,False,517.8,False,False,False,False
BK01038,carlos romano,carlos.romano832@gmail.com,UAE,vegana,2025-06-01,2025-06-01,2025-06-02,1,OTA,EUR,478.92,478.92,False,478.92,True,False,False,False
BK01039,johnson olivia,olivia.johnson636@yahoo.com,Switzerland,halal,2025-03-29,2025-06-01,2025-06-06,5,direct,EUR,393.92,393.92,False,1969.6,True,False,False,False
BK01040,fernandez marco,marco.fernandez542@icloud.com,Germany,internazionale,2025-06-01,2025-06-01,2025-06-05,4,direct,EUR,430.85,430.85,True,0.0,True,False,False,False
BK01041,jean silva,jean.silva867@gmail.com,Italy,italiana,2025-06-01,2025-06-01,2025-06-06,5,direct,EUR,455.38,455.38,False,2276.9,True,False,False,True
BK01042,marco singh,marco.singh3@gmail.com,Italy,senza glutine,2024-12-13,2025-06-01,2025-06-02,1,direct,EUR,373.44,373.44,False,373.44,True,False,False,False
BK01043,ivanov layla,layla.ivanov47@gmail.com,Switzerland,vegana,2025-06-01,2025-06-01,2025-06-05,4,OTA,EUR,454.38,454.38,False,1817.52,True,False,False,False
BK01044,diego smith,diego.smith777@gmail.com,Germany,senza glutine,2025-06-01,2025-06-01,2025-06-03,2,OTA,EUR,425.73,425.73,False,851.46,True,False,False,False
BK01045,amelia schmidt,amelia.schmidt452@yahoo.com,Netherlands,kosher,2025-06-01,2025-06-01,2025-06-06,5,direct,EUR,399.0,399.0,False,1995.0,True,False,False,False
BK01046,dmitri popov,dmitri.popov842@yahoo.com,UK,vegana,2025-06-01,2025-06-01,2025-06-04,3,OTA,EUR,459.52,459.52,False,1378.56,True,False,False,False
BK01047,lefevre william,william.lefevre680@gmail.com,Japan,pesce,2025-06-01,2025-06-01,2025-06-03,2,direct,EUR,395.23,395.23,False,790.46,True,False,False,False
BK01048,johnson nikolai,nikolai.johnson659@yahoo.com,Switzerland,pesce,2025-06-02,2025-06-02,2025-06-05,3,direct,EUR,386.31,386.31,False,1158.93,True,False,False,False
BK01049,andrea ibrahim,andrea.ibrahim46@icloud.com,Switzerland,italiana,2025-06-02,2025-06-02,2025-06-06,4,direct,EUR,354.69,354.69,False,1418.76,True,False,False,False
BK01050,garcia silvia,silvia.garcia38@outlook.com,Netherlands,senza glutine,2025-06-02,2025-06-02,2025-06-03,1,OTA,EUR,465.48,465.48,False,465.48,True,False,False,False
BK01051,ekaterina singh,ekaterina.singh210@gmail.com,Switzerland,pesce,2025-06-02,2025-06-02,2025-06-06,4,direct,EUR,491.33,491.33,False,1965.32,True,False,False,False
BK01052,ferreira yuki,yuki.ferreira615@gmail.com,Japan,vegana,2025-06-02,2025-06-02,2025-06-07,5,OTA,EUR,417.47,417.47,False,2087.35,True,False,False,False
BK01053,giorgia lopez,giorgia.lopez671@yahoo.com,France,vegetariana,2025-06-02,2025-06-02,2025-06-07,5,OTA,EUR,488.84,488.84,False,2444.2,True,False,False,False
BK01054,fischer james,james.fischer219@outlook.com,Italy,pesce,2025-06-02,2025-06-02,2025-06-04,2,direct,USD,335.13,308.32,False,616.64,True,False,False,True
BK01055,camille silva,camille.silva360@gmail.com,Spain,halal,2025-03-25,2025-06-02,2025-06-05,3,OTA,EUR,475.76,475.76,False,1427.28,True,False,False,True
BK01056,al-rashid charlotte,charlotte.al-rashid308@icloud.com,UK,vegetariana,2025-06-02,2025-06-02,2025-06-03,1,direct,USD,389.3,358.16,False,358.16,True,False,False,True
BK01057,ingrid lefevre,ingrid.lefevre733@icloud.com,Spain,internazionale,2025-06-03,2025-06-03,2025-06-06,3,OTA,EUR,392.24,392.24,False,1176.72,True,False,False,True
BK01058,francesco park,francesco.park364@gmail.com,Netherlands,vegetariana,2025-06-03,2025-06-03,2025-06-08,5,OTA,EUR,379.46,379.46,False,1897.3,True,False,False,False
BK01059,giorgia hassan,giorgia.hassan836@icloud.com,Italy,internazionale,2025-06-03,2025-06-03,2025-06-06,3,direct,EUR,389.67,389.67,False,1169.01,True,False,False,False
BK01060,robert wagner,robert.wagner475@icloud.com,Germany,halal,2025-06-03,2025-06-03,2025-06-05,2,direct,EUR,503.35,503.35,False,1006.7,True,False,False,False
BK01061,fatima sokolov,fatima.sokolov126@gmail.com,Italy,vegetariana,2025-06-03,2025-06-03,2025-06-07,4,direct,USD,444.02,408.5,True,0.0,True,False,False,False
BK01062,garcia marco,marco.garcia938@gmail.com,USA,kosher,2025-06-03,2025-06-03,2025-06-07,4,OTA,EUR,401.61,401.61,False,1606.44,True,False,False,False
BK01063,costa paolo,paolo.costa815@icloud.com,France,vegetariana,2025-06-03,2025-06-03,2025-06-10,7,OTA,EUR,437.96,437.96,False,3065.72,True,False,False,False
BK01064,al-rashid elena,elena.al-rashid611@yahoo.com,Italy,vegetariana,2025-06-04,2025-06-04,2025-06-07,3,OTA,EUR,465.43,465.43,False,1396.29,True,False,False,False
BK01065,ananya kowalski,ananya.kowalski389@outlook.com,UK,senza glutine,2025-06-04,2025-06-04,2025-06-07,3,direct,EUR,447.14,447.14,False,1341.42,True,False,False,False
BK01066,giulia smith,giulia.smith346@outlook.com,UK,italiana,2025-06-04,2025-06-04,2025-06-09,5,OTA,EUR,458.62,458.62,False,2293.1,True,False,False,False
BK01067,aiko nilsson,aiko.nilsson728@icloud.com,UK,senza glutine,2025-06-04,2025-06-04,2025-06-10,6,direct,EUR,436.49,436.49,False,2618.94,True,False,False,False
BK01068,francesco garcia,francesco.garcia130@gmail.com,UK,pesce,2025-06-04,2025-06-04,2025-06-07,3,direct,EUR,455.84,455.84,False,1367.52,True,False,False,False
BK01069,bianchi klaus,klaus.bianchi234@icloud.com,Germany,senza glutine,2025-06-04,2025-06-04,2025-06-08,4,direct,EUR,424.3,424.3,False,1697.2,True,False,False,True
BK01070,wagner youssef,youssef.wagner782@icloud.com,France,italiana,2025-03-18,2025-06-04,2025-06-11,7,OTA,EUR,366.3,366.3,False,2564.1,True,False,False,True
BK01071,alessandro suzuki,alessandro.suzuki437@icloud.com,USA,vegetariana,2025-06-04,2025-06-04,2025-06-05,1,OTA,USD,446.04,410.36,False,410.36,True,False,False,False
BK01072,paolo patel,paolo.patel993@outlook.com,Netherlands,senza glutine,2025-06-04,2025-06-04,2025-06-07,3,OTA,EUR,434.0,434.0,False,1302.0,True,False,False,False
BK01073,nikolai romano,nikolai.romano860@gmail.com,Japan,italiana,2025-03-27,2025-06-05,2025-06-08,3,OTA,USD,427.76,393.54,False,1180.62,True,False,False,False
BK01074,fischer nikolai,nikolai.fischer570@gmail.com,Netherlands,vegetariana,2025-06-05,2025-06-05,2025-06-06,1,direct,EUR,410.71,410.71,False,410.71,True,False,False,False
BK01075,marco patel,marco.patel106@icloud.com,UAE,vegetariana,2025-06-05,2025-06-05,2025-06-09,4,OTA,USD,403.77,371.47,False,1485.88,True,False,False,False
BK01076,ferrari maria,maria.ferrari863@icloud.com,UK,vegetariana,2025-06-05,2025-06-05,2025-06-09,4,direct,EUR,428.8,428.8,False,1715.2,True,False,False,False
BK01077,chiara sokolov,chiara.sokolov340@outlook.com,Switzerland,vegetariana,2025-06-05,2025-06-05,2025-06-06,1,direct,EUR,439.17,439.17,False,439.17,True,False,False,False
BK01078,costa lucia,lucia.costa379@outlook.com,Netherlands,halal,2025-06-05,2025-06-05,2025-06-11,6,direct,EUR,447.02,447.02,False,2682.12,True,False,False,False
BK01079,diego kim,diego.kim382@gmail.com,France,vegana,2025-06-05,2025-06-05,2025-06-09,4,OTA,USD,473.14,435.29,False,1741.16,True,False,False,True
BK01080,emma johnson,emma.johnson680@outlook.com,UAE,internazionale,2025-06-05,2025-06-05,2025-06-06,1,OTA,EUR,330.52,330.52,False,330.52,True,False,False,False
BK01081,kim valentina,valentina.kim388@gmail.com,UAE,vegana,2024-09-26,2025-06-05,2025-06-09,4,OTA,EUR,458.56,458.56,False,1834.24,True,False,False,True
BK01082,giorgia nilsson,giorgia.nilsson993@gmail.com,USA,vegetariana,2025-06-06,2025-06-06,2025-06-08,2,direct,EUR,430.88,430.88,False,861.76,True,False,False,False
BK01083,ingrid ivanov,ingrid.ivanov178@outlook.com,France,vegana,2025-03-25,2025-06-06,2025-06-10,4,OTA,EUR,439.78,439.78,False,1759.12,True,False,False,True
BK01084,henri nilsson,henri.nilsson50@icloud.com,Italy,halal,2025-06-06,2025-06-06,2025-06-08,2,OTA,EUR,429.75,429.75,False,859.5,True,False,False,False
BK01085,girard yuki,yuki.girard14@yahoo.com,USA,senza glutine,2024-09-18,2025-06-06,2025-06-08,2,OTA,EUR,428.35,428.35,False,856.7,True,False,False,False
BK01086,amelia yamamoto,amelia.yamamoto754@outlook.com,Switzerland,kosher,2025-06-06,2025-06-06,2025-06-07,1,direct,EUR,378.41,378.41,False,378.41,True,False,False,False
BK01087,klein nikolai,nikolai.klein619@yahoo.com,Switzerland,kosher,2025-06-06,2025-06-06,2025-06-09,3,OTA,EUR,464.9,464.9,False,1394.7,True,False,False,False
BK01088,astrid nilsson,astrid.nilsson693@gmail.com,Spain,vegetariana,2025-06-06,2025-06-06,2025-06-09,3,direct,USD,495.92,456.25,False,1368.75,True,False,False,False
BK01089,bianchi elena,elena.bianchi519@gmail.com,Netherlands,internazionale,2025-06-07,2025-06-07,2025-06-09,2,OTA,EUR,480.29,480.29,False,960.58,True,False,False,False
BK01090,nilsson silvia,silvia.nilsson723@outlook.com,France,italiana,2025-06-07,2025-06-07,2025-06-09,2,OTA,EUR,364.45,364.45,False,728.9,True,False,False,False
BK01091,maria patel,maria.patel896@outlook.com,Italy,internazionale,2025-06-07,2025-06-07,2025-06-11,4,OTA,EUR,373.18,373.18,False,1492.72,True,False,False,False
BK01092,ekaterina fernandez,ekaterina.fernandez594@gmail.com,UK,halal,2025-06-07,2025-06-07,2025-06-09,2,OTA,EUR,420.54,420.54,False,841.08,True,False,False,False
BK01093,kumar robert,robert.kumar841@gmail.com,USA,kosher,2025-06-07,2025-06-07,2025-06-09,2,direct,EUR,367.47,367.47,False,734.94,True,False,False,False
BK01094,chen olga,olga.chen821@outlook.com,Switzerland,vegana,2025-06-07,2025-06-07,2025-06-11,4,OTA,EUR,471.14,471.14,False,1884.56,True,False,False,True
BK01095,dubois thomas,thomas.dubois181@yahoo.com,Germany,vegana,2025-06-07,2025-06-07,2025-06-10,3,OTA,EUR,446.77,446.77,False,1340.31,True,False,False,False
BK01096,chen hans,hans.chen82@outlook.com,Switzerland,italiana,2025-06-07,2025-06-07,2025-06-11,4,OTA,EUR,356.82,356.82,True,0.0,True,False,False,True
BK01097,john nakamura,john.nakamura112@yahoo.com,USA,vegana,2025-06-08,2025-06-08,2025-06-13,5,OTA,EUR,374.19,374.19,False,1870.95,True,False,False,True
BK01098,bruno emma,emma.bruno25@outlook.com,UAE,vegetariana,2025-06-08,2025-06-08,2025-06-11,3,direct,EUR,429.6,429.6,False,1288.8,True,False,False,False
BK01099,john wagner,john.wagner640@gmail.com,Spain,senza glutine,2025-06-08,2025-06-08,2025-06-10,2,direct,EUR,444.95,444.95,False,889.9,True,False,False,False
BK01100,chiara leroy,chiara.leroy962@yahoo.com,Netherlands,vegetariana,2025-06-08,2025-06-08,2025-06-10,2,OTA,USD,428.11,393.86,False,787.72,True,False,False,True
BK01101,luca ricci,luca.ricci819@gmail.com,UK,senza glutine,2025-06-08,2025-06-08,2025-06-12,4,direct,EUR,407.87,407.87,False,1631.48,True,False,False,False
BK01102,diego watanabe,diego.watanabe24@icloud.com,France,senza glutine,2025-06-08,2025-06-08,2025-06-11,3,direct,EUR,475.23,475.23,False,1425.69,True,False,False,False
BK01103,francesco johnson,francesco.johnson725@outlook.com,UK,italiana,2025-06-08,2025-06-08,2025-06-11,3,direct,EUR,378.17,378.17,False,1134.51,True,False,False,False
BK01104,chiara greco,chiara.greco692@outlook.com,Japan,vegetariana,2025-06-08,2025-06-08,2025-06-11,3,OTA,USD,435.45,400.61,True,0.0,True,False,False,False
BK01105,giulia park,giulia.park903@yahoo.com,USA,pesce,2025-06-08,2025-06-08,2025-06-12,4,OTA,EUR,428.23,428.23,False,1712.92,True,False,False,False
BK01106,kumar matteo,matteo.kumar588@outlook.com,Spain,halal,2025-06-09,2025-06-09,2025-06-11,2,OTA,EUR,403.19,403.19,False,806.38,True,False,False,False
BK01107,hassan marie,marie.hassan102@outlook.com,Netherlands,pesce,2025-06-09,2025-06-09,2025-06-13,4,OTA,EUR,408.06,408.06,False,1632.24,True,False,False,False
BK01108,carlos kaczmarek,carlos.kaczmarek938@gmail.com,USA,italiana,2025-06-09,2025-06-09,2025-06-11,2,direct,USD,436.81,401.87,False,803.74,True,False,False,False
BK01109,giulia kim,giulia.kim946@yahoo.com,Japan,internazionale,2025-06-09,2025-06-09,2025-06-15,6,direct,USD,431.23,396.73,True,0.0,True,False,False,False
BK01110,marie schmidt,marie.schmidt142@icloud.com,UK,vegana,2025-06-09,2025-06-09,2025-06-13,4,direct,EUR,414.76,414.76,False,1659.04,True,False,False,False
BK01111,fatima kim,fatima.kim925@yahoo.com,France,halal,2025-06-10,2025-06-10,2025-06-12,2,direct,EUR,455.64,455.64,False,911.28,True,False,False,True
BK01112,andrea ferrari,andrea.ferrari756@outlook.com,USA,pesce,2025-03-05,2025-06-10,2025-06-12,2,OTA,EUR,378.31,378.31,False,756.62,True,False,False,False
BK01113,al-rashid matteo,matteo.al-rashid876@yahoo.com,Netherlands,internazionale,2025-06-10,2025-06-10,2025-06-11,1,OTA,EUR,446.67,446.67,False,446.67,True,False,False,False
BK01114,james nowak,james.nowak311@gmail.com,USA,vegetariana,2025-06-10,2025-06-10,2025-06-13,3,OTA,EUR,432.23,432.23,False,1296.69,True,False,False,False
BK01115,bruno jean,jean.bruno363@gmail.com,Netherlands,italiana,2025-06-11,2025-06-11,2025-06-15,4,direct,EUR,377.73,377.73,False,1510.92,True,False,False,False
BK01116,omar tanaka,omar.tanaka582@yahoo.com,USA,kosher,2025-06-11,2025-06-11,2025-06-15,4,OTA,EUR,419.11,419.11,False,1676.44,True,False,False,False
BK01117,luca rossi,luca.rossi17@outlook.com,Netherlands,italiana,2025-06-11,2025-06-11,2025-06-14,3,direct,EUR,458.9,458.9,False,1376.7,True,False,False,False
BK01118,arjun wagner,arjun.wagner890@outlook.com,UAE,vegetariana,2025-06-11,2025-06-11,2025-06-16,5,OTA,EUR,448.45,448.45,False,2242.25,True,False,False,True
BK01119,luca patel,luca.patel733@gmail.com,Germany,kosher,2025-06-11,2025-06-11,2025-06-18,7,OTA,EUR,403.59,403.59,False,2825.13,True,False,False,False
BK01120,camille smith,camille.smith311@gmail.com,Netherlands,vegetariana,2025-06-11,2025-06-11,2025-06-12,1,OTA,EUR,463.18,463.18,False,463.18,True,False,False,False
BK01121,silva simone,simone.silva70@outlook.com,UK,senza glutine,2025-06-12,2025-06-12,2025-06-14,2,OTA,EUR,450.13,450.13,False,900.26,True,False,False,False
BK01122,omar sharma,omar.sharma558@outlook.com,Germany,pesce,2025-06-12,2025-06-12,2025-06-20,8,direct,USD,425.1,391.09,False,3128.72,True,False,False,False
BK01123,astrid schmidt,astrid.schmidt192@icloud.com,UK,pesce,2025-06-12,2025-06-12,2025-06-16,4,direct,EUR,399.37,399.37,False,1597.48,True,False,False,False
BK01124,olivia silva,olivia.silva299@outlook.com,USA,senza glutine,2025-06-12,2025-06-12,2025-06-14,2,OTA,EUR,391.31,391.31,False,782.62,True,False,False,False
BK01125,kenji sharma,kenji.sharma335@yahoo.com,Japan,senza glutine,2025-06-12,2025-06-12,2025-06-15,3,direct,EUR,448.1,448.1,False,1344.3,True,False,False,True
BK01126,bianchi kenji,kenji.bianchi330@gmail.com,USA,italiana,2025-06-12,2025-06-12,2025-06-17,5,direct,EUR,435.56,435.56,False,2177.8,True,False,False,True
BK01127,diego lefevre,diego.lefevre727@outlook.com,Italy,vegetariana,2025-03-13,2025-06-12,2025-06-15,3,direct,USD,380.06,349.66,False,1048.98,True,False,False,True
BK01128,meyer thomas,thomas.meyer937@icloud.com,Switzerland,pesce,2025-06-12,2025-06-12,2025-06-17,5,direct,EUR,431.19,431.19,False,2155.95,True,False,False,True
BK01129,ibrahim sara,sara.ibrahim475@icloud.com,USA,vegana,2025-06-13,2025-06-13,2025-06-15,2,OTA,EUR,488.43,488.43,False,976.86,True,False,False,False
BK01130,ahmed moreau,ahmed.moreau592@gmail.com,UK,italiana,2025-06-13,2025-06-13,2025-06-16,3,direct,EUR,396.76,396.76,False,1190.28,True,False,False,False
BK01131,ananya romano,ananya.romano388@gmail.com,Switzerland,kosher,2025-06-13,2025-06-13,2025-06-15,2,direct,EUR,438.21,438.21,False,876.42,True,False,False,False
BK01132,giulia ibrahim,giulia.ibrahim21@yahoo.com,UK,vegana,2025-06-13,2025-06-13,2025-06-18,5,OTA,EUR,383.26,383.26,True,0.0,True,False,False,False
BK01133,ahmed kim,ahmed.kim205@gmail.com,France,pesce,2024-09-25,2025-06-13,2025-06-14,1,OTA,EUR,443.2,443.2,False,443.2,True,False,False,False
BK01134,olivia schmidt,olivia.schmidt64@gmail.com,Spain,senza glutine,2025-06-13,2025-06-13,2025-06-17,4,direct,USD,392.19,360.81,False,1443.24,True,False,False,True
BK01135,costa olivia,olivia.costa924@icloud.com,Switzerland,halal,2025-06-13,2025-06-13,2025-06-16,3,OTA,EUR,450.12,450.12,False,1350.36,True,False,False,False
BK01136,ananya meyer,ananya.meyer909@icloud.com,Spain,senza glutine,2025-06-14,2025-06-14,2025-06-16,2,direct,EUR,413.8,413.8,True,0.0,True,False,False,False
BK01137,federica suzuki,federica.suzuki81@outlook.com,Switzerland,kosher,2025-02-06,2025-06-14,2025-06-17,3,OTA,EUR,405.48,405.48,False,1216.44,True,False,False,True
BK01138,marino olivia,olivia.marino370@outlook.com,UAE,halal,2025-06-14,2025-06-14,2025-06-20,6,direct,EUR,325.95,325.95,False,1955.7,True,False,False,False
BK01139,chen giulia,giulia.chen868@gmail.com,UAE,vegetariana,2025-06-14,2025-06-14,2025-06-17,3,direct,EUR,415.51,415.51,False,1246.53,True,False,False,False
BK01140,garcia simone,simone.garcia36@yahoo.com,Switzerland,kosher,2025-06-14,2025-06-14,2025-06-17,3,direct,EUR,518.11,518.11,False,1554.33,True,False,False,False
BK01141,andersen nikolai,nikolai.andersen586@icloud.com,Italy,internazionale,2025-04-16,2025-06-15,2025-06-20,5,direct,EUR,432.98,432.98,False,2164.9,True,False,False,False
BK01142,federica ibrahim,federica.ibrahim582@outlook.com,France,vegetariana,2025-06-15,2025-06-15,2025-06-17,2,OTA,EUR,370.34,370.34,False,740.68,True,False,False,False
BK01143,layla rossi,layla.rossi926@outlook.com,Switzerland,halal,2025-06-15,2025-06-15,2025-06-18,3,OTA,USD,450.14,414.13,False,1242.39,True,False,False,False
BK01144,amelia nowak,amelia.nowak618@icloud.com,Spain,senza glutine,2025-06-15,2025-06-15,2025-06-18,3,direct,USD,417.75,384.33,False,1152.99,True,False,False,False
BK01145,fernandez william,william.fernandez985@gmail.com,UK,halal,2025-06-15,2025-06-15,2025-06-20,5,OTA,EUR,471.38,471.38,False,2356.9,True,False,False,False
BK01146,arjun popov,arjun.popov19@yahoo.com,Japan,kosher,2025-06-15,2025-06-15,2025-06-18,3,direct,EUR,316.84,316.84,False,950.52,True,False,False,False
BK01147,nakamura priya,priya.nakamura434@gmail.com,USA,senza glutine,2025-06-15,2025-06-15,2025-06-16,1,direct,EUR,412.72,412.72,False,412.72,True,False,False,False
BK01148,fatima kim,fatima.kim925@yahoo.com,France,halal,2025-06-10,2025-06-15,2025-06-19,4,OTA,EUR,391.16,391.16,False,1564.64,True,False,False,True
BK01149,andrea leroy,andrea.leroy595@icloud.com,Switzerland,pesce,2025-06-15,2025-06-15,2025-06-18,3,OTA,EUR,434.69,434.69,False,1304.07,True,False,False,False
BK01150,nilsson paolo,paolo.nilsson938@icloud.com,UK,halal,2025-06-15,2025-06-15,2025-06-18,3,direct,EUR,330.59,330.59,False,991.77,True,False,False,False
BK01151,emma martinez,emma.martinez398@gmail.com,France,pesce,2024-10-20,2025-06-16,2025-06-18,2,OTA,EUR,397.6,397.6,False,795.2,True,False,False,True
BK01152,olivia sokolov,olivia.sokolov433@gmail.com,Netherlands,italiana,2025-06-16,2025-06-16,2025-06-18,2,direct,EUR,447.2,447.2,False,894.4,True,False,False,False
BK01153,garcia matteo,matteo.garcia206@icloud.com,France,vegetariana,2025-06-16,2025-06-16,2025-06-21,5,OTA,USD,393.28,361.82,False,1809.1,True,False,False,False
BK01154,camille schmidt,camille.schmidt671@gmail.com,Germany,kosher,2025-01-19,2025-06-16,2025-06-18,2,direct,EUR,427.8,427.8,False,855.6,True,False,False,False
BK01155,silvia sokolov,silvia.sokolov382@gmail.com,Switzerland,vegana,2025-06-17,2025-06-17,2025-06-19,2,OTA,EUR,397.89,397.89,False,795.78,True,False,False,False
BK01156,carlos girard,carlos.girard222@yahoo.com,UAE,kosher,2025-06-18,2025-06-18,2025-06-20,2,direct,EUR,351.61,351.61,False,703.22,True,False,False,False
BK01157,marie suzuki,marie.suzuki401@gmail.com,Switzerland,halal,2025-06-18,2025-06-18,2025-06-20,2,direct,EUR,364.51,364.51,False,729.02,True,False,False,False
BK01158,conti elena,elena.conti979@gmail.com,UAE,italiana,2025-06-18,2025-06-18,2025-06-21,3,direct,EUR,401.58,401.58,False,1204.74,True,False,False,False
BK01159,erik nakamura,erik.nakamura356@yahoo.com,France,kosher,2024-12-10,2025-06-18,2025-06-20,2,OTA,USD,394.99,363.39,False,726.78,True,False,False,True
BK01160,ekaterina kowalski,ekaterina.kowalski311@gmail.com,USA,pesce,2025-06-18,2025-06-18,2025-06-20,2,direct,EUR,373.65,373.65,False,747.3,True,False,False,False
BK01161,weber yuki,yuki.weber945@icloud.com,Japan,senza glutine,2025-06-18,2025-06-18,2025-06-22,4,OTA,USD,426.37,392.26,False,1569.04,True,False,False,False
BK01162,william yamamoto,william.yamamoto83@yahoo.com,UK,senza glutine,2025-06-18,2025-06-18,2025-06-20,2,direct,EUR,432.69,432.69,False,865.38,True,False,False,False
BK01163,marco suzuki,marco.suzuki880@gmail.com,Germany,senza glutine,2025-06-19,2025-06-19,2025-06-24,5,direct,EUR,402.37,402.37,False,2011.85,True,False,False,True
BK01164,amelia dubois,amelia.dubois146@icloud.com,Germany,vegetariana,2025-06-19,2025-06-19,2025-06-21,2,OTA,EUR,429.01,429.01,False,858.02,True,False,False,False
BK01165,astrid chen,astrid.chen899@icloud.com,UK,vegana,2025-06-19,2025-06-19,2025-06-20,1,direct,USD,425.07,391.06,False,391.06,True,False,False,True
BK01166,klaus popov,klaus.popov398@yahoo.com,France,kosher,2025-06-19,2025-06-19,2025-06-21,2,OTA,EUR,390.55,390.55,False,781.1,True,False,False,False
BK01167,henri romano,henri.romano201@outlook.com,Italy,vegetariana,2025-06-19,2025-06-19,2025-06-23,4,OTA,EUR,351.33,351.33,False,1405.32,True,False,False,False
BK01168,bernard hans,hans.bernard130@outlook.com,UAE,vegana,2025-06-19,2025-06-19,2025-06-24,5,OTA,EUR,482.9,482.9,False,2414.5,True,False,False,False
BK01169,giorgia kaczmarek,giorgia.kaczmarek656@icloud.com,France,kosher,2025-06-19,2025-06-19,2025-06-22,3,OTA,USD,465.21,427.99,False,1283.97,True,False,False,False
BK01170,chiara ibrahim,chiara.ibrahim755@gmail.com,UK,senza glutine,2025-06-19,2025-06-19,2025-06-23,4,direct,EUR,405.19,405.19,False,1620.76,True,False,False,False
BK01171,nilsson omar,omar.nilsson443@icloud.com,Switzerland,vegetariana,2025-06-19,2025-06-19,2025-06-22,3,OTA,EUR,439.27,439.27,False,1317.81,True,False,False,False
BK01172,olga weber,olga.weber809@yahoo.com,UAE,kosher,2025-01-29,2025-06-19,2025-06-24,5,OTA,EUR,451.98,451.98,False,2259.9,True,False,False,True
BK01173,chen diego,diego.chen135@yahoo.com,France,kosher,2025-06-19,2025-06-19,2025-06-22,3,OTA,EUR,421.02,421.02,False,1263.06,True,False,False,False
BK01174,laura silva,laura.silva729@gmail.com,UAE,halal,2025-06-20,2025-06-20,2025-06-24,4,direct,EUR,379.64,379.64,True,0.0,True,False,False,False
BK01175,giulia sharma,giulia.sharma87@outlook.com,Spain,kosher,2025-06-20,2025-06-20,2025-06-22,2,OTA,EUR,438.71,438.71,True,0.0,True,False,False,False
BK01176,arjun johnson,arjun.johnson926@outlook.com,USA,vegana,2025-06-20,2025-06-20,2025-06-21,1,direct,EUR,368.65,368.65,False,368.65,True,False,False,False
BK01177,girard james,james.girard978@icloud.com,Netherlands,internazionale,2025-06-20,2025-06-20,2025-06-23,3,OTA,EUR,439.16,439.16,True,0.0,True,False,False,False
BK01178,nowak patricia,patricia.nowak695@icloud.com,UK,vegetariana,2025-06-20,2025-06-20,2025-06-21,1,direct,EUR,414.04,414.04,True,0.0,True,False,False,False
BK01179,thomas wagner,thomas.wagner168@outlook.com,France,internazionale,2025-06-20,2025-06-20,2025-06-23,3,OTA,EUR,417.07,417.07,False,1251.21,True,False,False,False
BK01180,james nakamura,james.nakamura187@outlook.com,Germany,italiana,2025-06-20,2025-06-20,2025-06-22,2,direct,EUR,448.84,448.84,False,897.68,True,False,False,True
BK01181,arjun novak,arjun.novak71@outlook.com,Netherlands,pesce,2025-06-20,2025-06-20,2025-06-24,4,OTA,USD,417.52,384.12,False,1536.48,True,False,False,False
BK01182,matteo smith,matteo.smith16@yahoo.com,Italy,internazionale,2025-04-07,2025-06-20,2025-06-25,5,direct,EUR,454.76,454.76,False,2273.8,True,False,False,False
BK01183,chen emma,emma.chen971@gmail.com,USA,senza glutine,2025-06-20,2025-06-20,2025-06-23,3,direct,EUR,444.0,444.0,False,1332.0,True,False,False,False
BK01184,alessandro silva,alessandro.silva372@outlook.com,Netherlands,vegana,2025-06-21,2025-06-21,2025-06-24,3,OTA,EUR,428.55,428.55,False,1285.65,True,False,False,False
BK01185,aiko bernard,aiko.bernard119@yahoo.com,Switzerland,halal,2025-06-21,2025-06-21,2025-06-22,1,OTA,EUR,386.02,386.02,False,386.02,True,False,False,False
BK01186,anna kowalski,anna.kowalski549@yahoo.com,Netherlands,senza glutine,2025-06-21,2025-06-21,2025-06-26,5,direct,EUR,425.49,425.49,True,0.0,True,False,False,False
BK01187,carlos meyer,carlos.meyer509@outlook.com,Italy,internazionale,2025-06-21,2025-06-21,2025-06-24,3,direct,EUR,384.71,384.71,False,1154.13,True,False,False,False
BK01188,aiko watanabe,aiko.watanabe475@outlook.com,USA,halal,2025-06-21,2025-06-21,2025-06-23,2,direct,EUR,375.76,375.76,False,751.52,True,False,False,True
BK01189,garcia giulia,giulia.garcia784@outlook.com,UAE,pesce,2025-06-22,2025-06-22,2025-06-27,5,OTA,EUR,504.32,504.32,False,2521.6,True,False,False,False
BK01190,dmitri fernandez,dmitri.fernandez254@icloud.com,USA,kosher,2025-06-22,2025-06-22,2025-06-27,5,OTA,EUR,472.0,472.0,False,2360.0,True,False,False,False
BK01191,colombo maria,maria.colombo187@gmail.com,USA,vegetariana,2025-06-22,2025-06-22,2025-06-25,3,OTA,USD,481.8,443.26,False,1329.78,True,False,False,False
BK01192,klein sophie,sophie.klein681@icloud.com,Spain,kosher,2025-06-22,2025-06-22,2025-06-25,3,direct,EUR,315.12,315.12,False,945.36,True,False,False,True
BK01193,charlotte chen,charlotte.chen71@icloud.com,France,vegana,2025-06-22,2025-06-22,2025-06-25,3,direct,EUR,376.71,376.71,False,1130.13,True,False,False,False
BK01194,ingrid muller,ingrid.muller18@gmail.com,UK,kosher,2025-06-22,2025-06-22,2025-06-24,2,direct,EUR,308.87,308.87,False,617.74,True,False,False,False
BK01195,ferreira klaus,klaus.ferreira545@yahoo.com,UAE,kosher,2024-12-21,2025-06-23,2025-06-25,2,direct,EUR,396.65,396.65,False,793.3,True,False,False,False
BK01196,nikolai watanabe,nikolai.watanabe314@yahoo.com,Japan,halal,2025-06-23,2025-06-23,2025-07-01,8,direct,USD,380.62,350.17,False,2801.36,True,False,False,False
BK01197,ekaterina lefevre,ekaterina.lefevre244@icloud.com,Italy,italiana,2025-06-23,2025-06-23,2025-06-24,1,OTA,EUR,460.8,460.8,False,460.8,True,False,False,False
BK01198,emma ivanov,emma.ivanov511@yahoo.com,UK,senza glutine,2025-06-23,2025-06-23,2025-06-28,5,OTA,EUR,345.66,345.66,False,1728.3,True,False,False,False
BK01199,layla patel,layla.patel108@icloud.com,France,senza glutine,2025-06-23,2025-06-23,2025-06-27,4,OTA,EUR,440.28,440.28,False,1761.12,True,False,False,False
BK01200,ahmed nakamura,ahmed.nakamura506@outlook.com,USA,italiana,2025-06-23,2025-06-23,2025-06-25,2,direct,USD,480.35,441.92,False,883.84,True,False,False,False
BK01201,isabella klein,isabella.klein717@icloud.com,Netherlands,internazionale,2025-06-23,2025-06-23,2025-06-25,2,direct,EUR,438.53,438.53,False,877.06,True,False,False,True
BK01202,bernard klaus,klaus.bernard755@gmail.com,Spain,halal,2025-06-24,2025-06-24,2025-06-27,3,direct,EUR,361.17,361.17,False,1083.51,True,False,False,False
BK01203,nikolai sharma,nikolai.sharma29@gmail.com,Netherlands,halal,2025-06-24,2025-06-24,2025-06-26,2,OTA,EUR,457.33,457.33,False,914.66,True,False,False,False
BK01204,dubois federica,federica.dubois707@outlook.com,Germany,vegana,2025-06-24,2025-06-24,2025-06-27,3,direct,USD,321.5,295.78,False,887.34,True,False,False,False
BK01205,fischer laura,laura.fischer270@icloud.com,UAE,pesce,2025-06-24,2025-06-24,2025-06-27,3,direct,EUR,460.36,460.36,True,0.0,True,False,False,False
BK01206,marco sharma,marco.sharma355@outlook.com,Netherlands,halal,2025-06-24,2025-06-24,2025-06-26,2,direct,USD,437.75,402.73,True,0.0,True,False,False,False
BK01207,bruno marie,marie.bruno769@gmail.com,France,kosher,2025-06-24,2025-06-24,2025-06-27,3,direct,EUR,375.25,375.25,False,1125.75,True,False,False,False
BK01208,costa thomas,thomas.costa608@outlook.com,USA,pesce,2025-06-24,2025-06-24,2025-06-27,3,OTA,EUR,435.35,435.35,False,1306.05,True,False,False,False
BK01209,girard klaus,klaus.girard472@outlook.com,Germany,italiana,2025-06-24,2025-06-24,2025-06-29,5,direct,EUR,418.35,418.35,False,2091.75,True,False,False,False
BK01210,valentina yamamoto,valentina.yamamoto125@gmail.com,Switzerland,kosher,2025-06-25,2025-06-25,2025-06-29,4,direct,EUR,446.85,446.85,False,1787.4,True,False,False,False
BK01211,emma greco,emma.greco81@icloud.com,USA,italiana,2025-06-25,2025-06-25,2025-06-29,4,direct,USD,388.32,357.25,False,1429.0,True,False,False,True
BK01212,al-farsi emma,emma.al-farsi291@yahoo.com,Netherlands,pesce,2025-03-18,2025-06-25,2025-06-27,2,OTA,EUR,483.78,483.78,False,967.56,True,False,False,True
BK01213,marino simone,simone.marino505@icloud.com,Switzerland,kosher,2025-06-25,2025-06-25,2025-07-02,7,OTA,EUR,421.3,421.3,False,2949.1,True,False,False,True
BK01214,luca martinez,luca.martinez227@gmail.com,Japan,senza glutine,2025-06-25,2025-06-25,2025-06-29,4,direct,USD,428.23,393.97,False,1575.88,True,False,False,False
BK01215,olga sokolov,olga.sokolov98@icloud.com,Japan,vegetariana,2025-06-25,2025-06-25,2025-06-30,5,direct,EUR,345.43,345.43,False,1727.15,True,False,False,False
BK01216,ananya watanabe,ananya.watanabe434@gmail.com,France,halal,2025-06-25,2025-06-25,2025-06-27,2,OTA,EUR,411.0,411.0,False,822.0,True,False,False,False
BK01217,emma moreau,emma.moreau256@icloud.com,Netherlands,vegana,2024-12-28,2025-06-25,2025-06-26,1,direct,EUR,440.83,440.83,False,440.83,True,False,False,False
BK01218,girard thomas,thomas.girard341@yahoo.com,UAE,halal,2025-06-25,2025-06-25,2025-06-28,3,direct,USD,433.04,398.4,False,1195.2,True,False,True,False
BK01219,ahmed andersen,ahmed.andersen144@gmail.com,USA,pesce,2025-06-26,2025-06-26,2025-06-30,4,direct,USD,356.29,327.79,False,1311.16,True,False,False,False
BK01220,smith valentina,valentina.smith635@yahoo.com,Japan,italiana,2025-06-26,2025-06-26,2025-06-27,1,OTA,EUR,434.07,434.07,False,434.07,True,False,False,False
BK01221,conti james,james.conti65@yahoo.com,UK,pesce,2025-06-26,2025-06-26,2025-06-30,4,direct,EUR,430.8,430.8,False,1723.2,True,False,False,False
BK01222,arjun petrov,arjun.petrov784@outlook.com,UK,vegana,2025-06-26,2025-06-26,2025-06-29,3,OTA,EUR,494.06,494.06,False,1482.18,True,False,False,False
BK01223,klein patricia,patricia.klein578@gmail.com,Italy,halal,2025-06-26,2025-06-26,2025-06-28,2,OTA,USD,404.59,372.22,False,744.44,True,False,False,False
BK01224,james lefevre,james.lefevre783@icloud.com,Japan,internazionale,2025-06-26,2025-06-26,2025-06-29,3,direct,EUR,441.35,441.35,False,1324.05,True,False,False,False
BK01225,lefevre silvia,silvia.lefevre966@yahoo.com,Italy,pesce,2025-06-26,2025-06-26,2025-07-02,6,direct,USD,409.77,376.99,True,0.0,True,False,False,False
BK01226,diego tanaka,diego.tanaka136@yahoo.com,Netherlands,vegana,2024-12-18,2025-06-26,2025-06-30,4,OTA,EUR,382.05,382.05,False,1528.2,True,False,False,False
BK01227,astrid kaczmarek,astrid.kaczmarek413@icloud.com,France,italiana,2025-06-27,2025-06-27,2025-07-01,4,OTA,EUR,401.4,401.4,False,1605.6,True,False,False,False
BK01228,jean petrov,jean.petrov949@outlook.com,Netherlands,italiana,2025-06-27,2025-06-27,2025-07-03,6,OTA,EUR,420.85,420.85,False,2525.1,True,False,False,False
BK01229,bernard robert,robert.bernard292@yahoo.com,Switzerland,vegetariana,2025-06-27,2025-06-27,2025-07-05,8,OTA,EUR,449.49,449.49,False,3595.92,True,False,False,False
BK01230,al-rashid giulia,giulia.al-rashid307@gmail.com,Netherlands,pesce,2025-06-27,2025-06-27,2025-06-29,2,direct,EUR,401.62,401.62,False,803.24,True,False,False,False
BK01231,kenji sharma,kenji.sharma335@yahoo.com,Japan,senza glutine,2025-06-12,2025-06-27,2025-07-03,6,OTA,EUR,531.95,531.95,False,3191.7,True,False,False,True
BK01232,dmitri johnson,dmitri.johnson781@gmail.com,Japan,senza glutine,2025-06-27,2025-06-27,2025-06-30,3,direct,EUR,421.61,421.61,False,1264.83,True,False,False,False
BK01233,marco silva,marco.silva292@gmail.com,UAE,kosher,2025-06-27,2025-06-27,2025-07-01,4,OTA,EUR,399.32,399.32,False,1597.28,True,False,False,False
BK01234,al-farsi silvia,silvia.al-farsi946@outlook.com,France,italiana,2025-06-28,2025-06-28,2025-07-01,3,direct,EUR,396.12,396.12,False,1188.36,True,False,False,False
BK01235,chen thomas,thomas.chen43@icloud.com,Switzerland,senza glutine,2025-06-28,2025-06-28,2025-06-30,2,direct,EUR,407.22,407.22,False,814.44,True,False,False,False
BK01236,andersen ingrid,ingrid.andersen494@outlook.com,Switzerland,senza glutine,2025-06-28,2025-06-28,2025-07-02,4,OTA,USD,330.87,304.4,False,1217.6,True,False,False,True
BK01237,andersen paolo,paolo.andersen173@yahoo.com,UAE,italiana,2025-06-28,2025-06-28,2025-06-30,2,direct,EUR,449.09,449.09,False,898.18,True,False,False,False
BK01238,colombo layla,layla.colombo512@gmail.com,UAE,kosher,2025-06-29,2025-06-29,2025-07-01,2,OTA,EUR,394.65,394.65,False,789.3,True,False,False,False
BK01239,ekaterina suzuki,ekaterina.suzuki590@gmail.com,USA,halal,2025-06-29,2025-06-29,2025-07-03,4,direct,EUR,426.84,426.84,False,1707.36,True,False,False,False
BK01240,jean yamamoto,jean.yamamoto446@yahoo.com,Spain,kosher,2025-06-29,2025-06-29,2025-07-02,3,OTA,EUR,328.84,328.84,False,986.52,True,False,False,False
BK01241,maria wagner,maria.wagner969@yahoo.com,USA,italiana,2025-06-29,2025-06-29,2025-07-02,3,direct,EUR,440.54,440.54,False,1321.62,True,False,False,False
BK01242,carlos nilsson,carlos.nilsson40@icloud.com,Switzerland,vegetariana,2025-06-29,2025-06-29,2025-07-02,3,OTA,EUR,435.79,435.79,False,1307.37,True,False,False,False
BK01243,aiko moreau,aiko.moreau772@icloud.com,Spain,internazionale,2025-06-29,2025-06-29,2025-06-30,1,OTA,EUR,438.77,438.77,False,438.77,True,False,False,False
BK01244,fatima kowalski,fatima.kowalski853@icloud.com,UAE,vegetariana,2025-06-29,2025-06-29,2025-07-02,3,direct,EUR,385.0,385.0,True,0.0,True,False,False,False
BK01245,erik ibrahim,erik.ibrahim947@outlook.com,Japan,italiana,2025-06-30,2025-06-30,2025-07-03,3,OTA,EUR,417.48,417.48,False,1252.44,True,False,False,False
BK01246,bianchi patricia,patricia.bianchi677@yahoo.com,France,senza glutine,2025-06-30,2025-06-30,2025-07-03,3,OTA,USD,424.8,390.82,False,1172.46,True,False,False,False
BK01247,bianchi erik,erik.bianchi747@icloud.com,Italy,vegetariana,2025-07-01,2025-07-01,2025-07-06,5,OTA,EUR,418.42,418.42,False,2092.1,True,False,False,False
BK01248,al-farsi ingrid,ingrid.al-farsi419@yahoo.com,Japan,senza glutine,2025-07-01,2025-07-01,2025-07-08,7,OTA,EUR,453.79,453.79,False,3176.53,True,False,False,False
BK01249,al-rashid jean,jean.al-rashid969@icloud.com,Spain,senza glutine,2025-07-01,2025-07-01,2025-07-03,2,OTA,EUR,505.04,505.04,False,1010.08,True,False,False,False
BK01250,andrea tanaka,andrea.tanaka248@yahoo.com,Japan,vegana,2025-07-01,2025-07-01,2025-07-06,5,direct,EUR,453.61,453.61,False,2268.05,True,False,False,False
BK01251,david girard,david.girard146@gmail.com,Netherlands,vegetariana,2025-07-01,2025-07-01,2025-07-07,6,OTA,EUR,445.37,445.37,False,2672.22,True,False,False,False
BK01252,esposito priya,priya.esposito848@outlook.com,France,kosher,2025-07-01,2025-07-01,2025-07-02,1,OTA,EUR,450.69,450.69,True,0.0,True,False,False,False
BK01253,laura marino,laura.marino649@gmail.com,France,internazionale,2025-07-01,2025-07-01,2025-07-06,5,direct,EUR,367.23,367.23,False,1836.15,True,False,False,False
BK01254,novak pierre,pierre.novak771@gmail.com,Spain,internazionale,2025-07-01,2025-07-01,2025-07-03,2,direct,EUR,419.84,419.84,False,839.68,True,False,False,False
BK01255,kumar layla,layla.kumar294@yahoo.com,France,pesce,2024-11-17,2025-07-01,2025-07-05,4,direct,EUR,422.61,422.61,False,1690.44,True,False,False,True
BK01256,kumar olivia,olivia.kumar512@gmail.com,France,internazionale,2025-07-01,2025-07-01,2025-07-05,4,direct,EUR,355.0,355.0,False,1420.0,True,False,False,False
BK01257,andrea bianchi,andrea.bianchi952@icloud.com,Italy,vegana,2025-07-02,2025-07-02,2025-07-06,4,OTA,EUR,422.11,422.11,False,1688.44,True,False,False,True
BK01258,bianchi giorgia,giorgia.bianchi427@icloud.com,UK,pesce,2025-07-02,2025-07-02,2025-07-06,4,OTA,EUR,486.02,486.02,False,1944.08,True,False,False,False
BK01259,hans martinez,hans.martinez371@icloud.com,Switzerland,internazionale,2025-07-02,2025-07-02,2025-07-05,3,direct,EUR,419.37,419.37,False,1258.11,True,False,False,False
BK01260,lefevre nikolai,nikolai.lefevre862@gmail.com,Spain,senza glutine,2025-07-02,2025-07-02,2025-07-06,4,OTA,EUR,373.08,373.08,False,1492.32,True,False,False,False
BK01261,amelia moreau,amelia.moreau760@gmail.com,Switzerland,senza glutine,2025-07-02,2025-07-02,2025-07-03,1,direct,EUR,380.55,380.55,False,380.55,True,False,False,False
BK01262,dubois priya,priya.dubois396@yahoo.com,UAE,vegetariana,2025-07-02,2025-07-02,2025-07-06,4,direct,EUR,488.12,488.12,False,1952.48,True,False,False,False
BK01263,omar watanabe,omar.watanabe92@icloud.com,Italy,vegana,2025-07-02,2025-07-02,2025-07-05,3,OTA,EUR,447.48,447.48,False,1342.44,True,False,False,False
BK01264,giorgia silva,giorgia.silva658@icloud.com,Italy,vegana,2025-07-02,2025-07-02,2025-07-06,4,OTA,EUR,399.79,399.79,False,1599.16,True,False,False,False
BK01265,marie watanabe,marie.watanabe464@outlook.com,Switzerland,halal,2024-11-21,2025-07-02,2025-07-05,3,OTA,EUR,486.58,486.58,False,1459.74,True,False,False,False
BK01266,kim olga,olga.kim749@outlook.com,Spain,italiana,2025-05-11,2025-07-02,2025-07-04,2,OTA,EUR,448.5,448.5,False,897.0,True,False,False,True
BK01267,diego johnson,diego.johnson781@icloud.com,Spain,pesce,2025-07-02,2025-07-02,2025-07-05,3,OTA,USD,374.84,344.85,False,1034.55,True,False,False,True
BK01268,fatima patel,fatima.patel743@yahoo.com,UAE,pesce,2025-07-02,2025-07-02,2025-07-05,3,direct,EUR,441.42,441.42,False,1324.26,True,False,False,False
BK01269,esposito giorgia,giorgia.esposito640@icloud.com,USA,vegetariana,2025-07-02,2025-07-02,2025-07-04,2,OTA,EUR,441.94,441.94,False,883.88,True,False,False,False
BK01270,federica tanaka,federica.tanaka446@gmail.com,Germany,senza glutine,2025-07-03,2025-07-03,2025-07-08,5,OTA,EUR,450.21,450.21,False,2251.05,True,False,False,False
BK01271,kenji wagner,kenji.wagner718@yahoo.com,UAE,kosher,2025-07-03,2025-07-03,2025-07-12,9,OTA,USD,364.55,335.39,True,0.0,True,False,False,False
BK01272,anna sharma,anna.sharma173@outlook.com,UAE,internazionale,2025-07-03,2025-07-03,2025-07-07,4,direct,USD,350.9,322.83,False,1291.32,True,False,False,False
BK01273,fischer john,john.fischer866@outlook.com,France,pesce,2025-07-03,2025-07-03,2025-07-06,3,OTA,USD,432.09,397.52,False,1192.56,True,False,False,False
BK01274,kenji suzuki,kenji.suzuki529@gmail.com,Germany,senza glutine,2025-07-03,2025-07-03,2025-07-07,4,direct,USD,351.25,323.15,False,1292.6,True,False,False,False
BK01275,ananya sokolov,ananya.sokolov500@outlook.com,UK,vegetariana,2025-07-03,2025-07-03,2025-07-05,2,direct,USD,422.32,388.53,False,777.06,True,False,False,True
BK01276,laura petrov,laura.petrov621@gmail.com,Spain,italiana,2025-07-03,2025-07-03,2025-07-05,2,direct,EUR,379.81,379.81,False,759.62,True,False,False,False
BK01277,carlos popov,carlos.popov925@icloud.com,Germany,senza glutine,2025-07-03,2025-07-03,2025-07-07,4,OTA,EUR,431.04,431.04,False,1724.16,True,False,False,False
BK01278,federica silva,federica.silva660@icloud.com,Spain,internazionale,2025-07-03,2025-07-03,2025-07-05,2,direct,EUR,397.16,397.16,False,794.32,True,False,False,False
BK01279,bernard giulia,giulia.bernard297@icloud.com,Italy,senza glutine,2025-07-04,2025-07-04,2025-07-08,4,direct,EUR,393.24,393.24,False,1572.96,True,False,False,False
BK01280,chiara fernandez,chiara.fernandez767@gmail.com,Switzerland,pesce,2025-07-04,2025-07-04,2025-07-06,2,OTA,EUR,423.61,423.61,False,847.22,True,False,False,False
BK01281,al-rashid amelia,amelia.al-rashid983@gmail.com,USA,internazionale,2025-07-04,2025-07-04,2025-07-08,4,direct,EUR,380.41,380.41,False,1521.64,True,False,False,True
BK01282,al-farsi giulia,giulia.al-farsi317@icloud.com,USA,vegetariana,2025-07-04,2025-07-04,2025-07-09,5,direct,USD,446.86,411.11,False,2055.55,True,False,False,False
BK01283,klein yuki,yuki.klein205@yahoo.com,Japan,italiana,2025-07-04,2025-07-04,2025-07-08,4,OTA,EUR,459.6,459.6,False,1838.4,True,False,False,False
BK01284,maria novak,maria.novak393@yahoo.com,Italy,pesce,2025-07-04,2025-07-04,2025-07-08,4,direct,EUR,411.66,411.66,False,1646.64,True,False,False,False
BK01285,patricia suzuki,patricia.suzuki169@yahoo.com,France,internazionale,2025-07-04,2025-07-04,2025-07-06,2,OTA,EUR,441.44,441.44,False,882.88,True,False,False,True
BK01286,fatima schmidt,fatima.schmidt975@yahoo.com,Germany,italiana,2025-07-04,2025-07-04,2025-07-13,9,direct,EUR,486.51,486.51,False,4378.59,True,False,False,False
BK01287,dubois layla,layla.dubois430@icloud.com,UAE,senza glutine,2025-07-05,2025-07-05,2025-07-08,3,direct,EUR,405.79,405.79,False,1217.37,True,False,False,False
BK01288,al-farsi andrea,andrea.al-farsi12@outlook.com,Spain,internazionale,2025-07-05,2025-07-05,2025-07-10,5,OTA,EUR,444.88,444.88,False,2224.4,True,False,False,False
BK01289,fischer lucia,lucia.fischer930@icloud.com,Germany,internazionale,2025-07-05,2025-07-05,2025-07-07,2,OTA,EUR,363.23,363.23,False,726.46,True,False,False,True
BK01290,greco henri,henri.greco262@outlook.com,Japan,pesce,2025-07-05,2025-07-05,2025-07-08,3,OTA,EUR,466.96,466.96,False,1400.88,True,False,False,False
BK01291,ingrid lefevre,ingrid.lefevre733@icloud.com,Spain,internazionale,2025-06-03,2025-07-06,2025-07-08,2,direct,EUR,387.31,387.31,False,774.62,True,False,False,True
BK01292,bruno hans,hans.bruno382@gmail.com,Germany,halal,2025-07-06,2025-07-06,2025-07-09,3,direct,EUR,454.82,454.82,True,0.0,True,False,False,False
BK01293,bianchi valentina,valentina.bianchi308@gmail.com,Germany,pesce,2025-07-06,2025-07-06,2025-07-09,3,OTA,EUR,440.82,440.82,False,1322.46,True,False,False,False
BK01294,muller patricia,patricia.muller67@outlook.com,USA,vegana,2025-07-06,2025-07-06,2025-07-09,3,OTA,EUR,414.49,414.49,False,1243.47,True,False,False,False
BK01295,james tanaka,james.tanaka940@icloud.com,Netherlands,vegana,2025-07-06,2025-07-06,2025-07-08,2,OTA,EUR,503.61,503.61,False,1007.22,True,False,False,False
BK01296,nilsson silvia,silvia.nilsson723@outlook.com,France,italiana,2025-06-07,2025-07-07,2025-07-12,5,OTA,EUR,400.31,400.31,False,2001.55,True,False,False,False
BK01297,emma popov,emma.popov156@icloud.com,Germany,italiana,2025-07-07,2025-07-07,2025-07-11,4,OTA,EUR,337.96,337.96,False,1351.84,True,False,False,True
BK01298,klein matteo,matteo.klein378@yahoo.com,USA,pesce,2025-07-07,2025-07-07,2025-07-14,7,OTA,EUR,394.86,394.86,False,2764.02,True,False,False,False
BK01299,kim william,william.kim985@outlook.com,UAE,halal,2025-07-07,2025-07-07,2025-07-09,2,direct,EUR,441.67,441.67,False,883.34,True,False,False,False
BK01300,klaus watanabe,klaus.watanabe271@gmail.com,Italy,vegana,2025-07-07,2025-07-07,2025-07-11,4,OTA,EUR,450.48,450.48,False,1801.92,True,False,False,False
BK01301,garcia yuki,yuki.garcia550@icloud.com,UK,vegetariana,2025-07-08,2025-07-08,2025-07-12,4,direct,EUR,359.92,359.92,True,0.0,True,False,False,False
BK01302,chen federica,federica.chen568@gmail.com,Germany,vegetariana,2025-07-08,2025-07-08,2025-07-11,3,OTA,EUR,450.78,450.78,False,1352.34,True,False,False,False
BK01303,charlotte martinez,charlotte.martinez237@outlook.com,Spain,senza glutine,2025-07-08,2025-07-08,2025-07-12,4,OTA,EUR,416.55,416.55,True,0.0,True,False,False,False
BK01304,david kim,david.kim53@outlook.com,France,vegana,2025-07-08,2025-07-08,2025-07-12,4,direct,EUR,395.25,395.25,True,0.0,True,False,False,False
BK01305,chen maria,maria.chen891@icloud.com,Netherlands,internazionale,2025-07-08,2025-07-08,2025-07-15,7,OTA,EUR,441.57,441.57,False,3090.99,True,False,False,False
BK01306,watanabe yuki,yuki.watanabe700@icloud.com,Germany,halal,2025-07-08,2025-07-08,2025-07-09,1,OTA,EUR,405.36,405.36,False,405.36,True,False,False,False
BK01307,astrid lefevre,astrid.lefevre181@icloud.com,Netherlands,vegetariana,2025-07-09,2025-07-09,2025-07-12,3,OTA,USD,442.57,407.16,False,1221.48,True,False,False,False
BK01308,nowak pierre,pierre.nowak566@gmail.com,Italy,pesce,2025-07-09,2025-07-09,2025-07-11,2,direct,EUR,451.27,451.27,False,902.54,True,False,False,False
BK01309,kaczmarek kenji,kenji.kaczmarek212@yahoo.com,UK,pesce,2025-07-09,2025-07-09,2025-07-11,2,direct,USD,325.47,299.43,True,0.0,True,False,False,False
BK01310,moreau paolo,paolo.moreau572@gmail.com,Netherlands,vegana,2025-07-09,2025-07-09,2025-07-13,4,direct,EUR,515.18,515.18,False,2060.72,True,False,False,False
BK01311,simone watanabe,simone.watanabe283@yahoo.com,UAE,vegana,2024-10-31,2025-07-09,2025-07-11,2,OTA,USD,399.54,367.58,False,735.16,True,False,False,True
BK01312,francesco schmidt,francesco.schmidt278@yahoo.com,UAE,halal,2025-07-09,2025-07-09,2025-07-12,3,direct,EUR,416.73,416.73,False,1250.19,True,False,False,False
BK01313,andrea kowalski,andrea.kowalski960@icloud.com,Spain,vegana,2025-07-10,2025-07-10,2025-07-12,2,direct,EUR,396.06,396.06,False,792.12,True,False,False,False
BK01314,esposito omar,omar.esposito208@gmail.com,UK,vegana,2025-07-10,2025-07-10,2025-07-15,5,OTA,EUR,431.33,431.33,True,0.0,True,False,False,False
BK01315,maria martinez,maria.martinez304@outlook.com,France,vegana,2025-07-10,2025-07-10,2025-07-12,2,OTA,EUR,419.08,419.08,False,838.16,True,False,False,False
BK01316,fatima ricci,fatima.ricci711@yahoo.com,Spain,halal,2025-07-10,2025-07-10,2025-07-12,2,direct,EUR,408.84,408.84,False,817.68,True,False,False,False
BK01317,ferreira patricia,patricia.ferreira447@icloud.com,Italy,senza glutine,2025-07-10,2025-07-10,2025-07-12,2,direct,USD,458.22,421.56,False,843.12,True,False,False,True
BK01318,ferreira valentina,valentina.ferreira474@icloud.com,Spain,internazionale,2025-07-10,2025-07-10,2025-07-14,4,OTA,EUR,429.34,429.34,False,1717.36,True,False,False,False
BK01319,andrea lopez,andrea.lopez696@gmail.com,Netherlands,pesce,2025-07-10,2025-07-10,2025-07-14,4,OTA,EUR,446.59,446.59,False,1786.36,True,False,False,False
BK01320,federica hassan,federica.hassan79@outlook.com,Netherlands,italiana,2025-07-10,2025-07-10,2025-07-14,4,OTA,EUR,419.56,419.56,False,1678.24,True,False,False,False
BK01321,laura novak,laura.novak766@gmail.com,UAE,halal,2025-07-11,2025-07-11,2025-07-19,8,direct,EUR,384.23,384.23,False,3073.84,True,False,False,False
BK01322,carlos fernandez,carlos.fernandez805@outlook.com,Switzerland,kosher,2025-07-11,2025-07-11,2025-07-16,5,OTA,EUR,430.55,430.55,False,2152.75,True,False,False,False
BK01323,ahmed patel,ahmed.patel311@icloud.com,Germany,pesce,2024-10-15,2025-07-11,2025-07-14,3,OTA,EUR,485.69,485.69,False,1457.07,True,False,False,True
BK01324,isabella singh,isabella.singh654@yahoo.com,USA,kosher,2025-07-11,2025-07-11,2025-07-13,2,direct,EUR,425.52,425.52,False,851.04,True,False,False,False
BK01325,dubois thomas,thomas.dubois181@yahoo.com,Germany,vegana,2025-06-07,2025-07-11,2025-07-18,7,OTA,EUR,413.37,413.37,False,2893.59,True,False,False,False
BK01326,elena kowalski,elena.kowalski901@gmail.com,France,italiana,2025-07-11,2025-07-11,2025-07-15,4,OTA,USD,398.64,366.75,True,0.0,True,False,False,False
BK01327,ekaterina muller,ekaterina.muller170@icloud.com,Italy,halal,2025-07-12,2025-07-12,2025-07-16,4,OTA,EUR,393.8,393.8,False,1575.2,True,False,False,False
BK01328,dubois erik,erik.dubois285@yahoo.com,Japan,senza glutine,2025-07-12,2025-07-12,2025-07-15,3,OTA,EUR,445.52,445.52,False,1336.56,True,False,False,False
BK01329,francesco sokolov,francesco.sokolov861@icloud.com,Spain,halal,2025-07-12,2025-07-12,2025-07-14,2,direct,USD,446.99,411.23,False,822.46,True,False,False,False
BK01330,alessandro bianchi,alessandro.bianchi411@outlook.com,Switzerland,kosher,2025-07-12,2025-07-12,2025-07-14,2,OTA,EUR,421.82,421.82,False,843.64,True,False,False,False
BK01331,robert tanaka,robert.tanaka677@gmail.com,Netherlands,pesce,2025-07-12,2025-07-12,2025-07-14,2,OTA,EUR,384.89,384.89,False,769.78,True,False,False,False
BK01332,hans kim,hans.kim909@gmail.com,Switzerland,senza glutine,2024-09-10,2025-07-12,2025-07-14,2,direct,EUR,448.43,448.43,False,896.86,True,False,False,False
BK01333,charlotte costa,charlotte.costa490@outlook.com,Japan,kosher,2025-07-12,2025-07-12,2025-07-13,1,OTA,EUR,467.28,467.28,False,467.28,True,False,False,False
BK01334,kaczmarek patricia,patricia.kaczmarek548@icloud.com,France,kosher,2025-07-13,2025-07-13,2025-07-15,2,OTA,EUR,415.05,415.05,False,830.1,True,False,False,False
BK01335,kobayashi nikolai,nikolai.kobayashi53@icloud.com,Italy,kosher,2025-07-13,2025-07-13,2025-07-15,2,OTA,USD,457.62,421.01,False,842.02,True,False,False,False
BK01336,erik schmidt,erik.schmidt157@gmail.com,Italy,halal,2025-07-13,2025-07-13,2025-07-15,2,OTA,EUR,438.16,438.16,False,876.32,True,False,False,False
BK01337,carlos greco,carlos.greco417@yahoo.com,Germany,vegana,2025-07-13,2025-07-13,2025-07-16,3,OTA,EUR,419.7,419.7,False,1259.1,True,False,False,False
BK01338,emma ibrahim,emma.ibrahim520@yahoo.com,Switzerland,pesce,2025-07-13,2025-07-13,2025-07-17,4,OTA,EUR,392.0,392.0,True,0.0,True,False,False,False
BK01339,patel pierre,pierre.patel81@icloud.com,France,vegana,2025-07-13,2025-07-13,2025-07-15,2,OTA,EUR,481.34,481.34,False,962.68,True,False,False,False
BK01340,bruno ekaterina,ekaterina.bruno631@yahoo.com,Netherlands,vegetariana,2025-04-01,2025-07-13,2025-07-17,4,direct,EUR,424.4,424.4,False,1697.6,True,False,False,True
BK01341,andersen laura,laura.andersen773@yahoo.com,Italy,pesce,2025-07-13,2025-07-13,2025-07-15,2,direct,EUR,390.09,390.09,False,780.18,True,False,False,False
BK01342,wagner youssef,youssef.wagner782@icloud.com,France,italiana,2025-03-18,2025-07-14,2025-07-17,3,direct,USD,387.14,356.17,False,1068.51,True,False,False,True
BK01343,james leroy,james.leroy581@icloud.com,Japan,internazionale,2025-07-14,2025-07-14,2025-07-16,2,OTA,USD,461.86,424.91,False,849.82,True,False,False,False
BK01344,kowalski nikolai,nikolai.kowalski468@gmail.com,USA,kosher,2025-07-14,2025-07-14,2025-07-16,2,OTA,USD,452.05,415.89,False,831.78,True,False,False,False
BK01345,conti maria,maria.conti283@outlook.com,Switzerland,pesce,2025-07-14,2025-07-14,2025-07-16,2,OTA,EUR,396.7,396.7,False,793.4,True,False,False,False
BK01346,henri watanabe,henri.watanabe795@icloud.com,UK,halal,2025-07-14,2025-07-14,2025-07-17,3,OTA,EUR,417.19,417.19,True,0.0,True,False,False,True
BK01347,andrea fernandez,andrea.fernandez931@outlook.com,Germany,senza glutine,2025-07-15,2025-07-15,2025-07-17,2,OTA,USD,388.69,357.59,False,715.18,True,False,False,False
BK01348,fatima sokolov,fatima.sokolov126@gmail.com,Italy,vegetariana,2025-06-03,2025-07-15,2025-07-16,1,direct,EUR,403.18,403.18,False,403.18,True,False,False,False
BK01349,camille greco,camille.greco642@yahoo.com,Japan,senza glutine,2025-07-15,2025-07-15,2025-07-22,7,direct,EUR,453.82,453.82,False,3176.74,True,False,False,False
BK01350,girard matteo,matteo.girard752@icloud.com,France,internazionale,2025-07-15,2025-07-15,2025-07-18,3,direct,EUR,391.52,391.52,False,1174.56,True,False,False,False
BK01351,emma schmidt,emma.schmidt149@outlook.com,UAE,vegana,2025-07-15,2025-07-15,2025-07-21,6,OTA,EUR,428.08,428.08,False,2568.48,True,False,False,False
BK01352,park patricia,patricia.park534@icloud.com,Switzerland,internazionale,2025-07-15,2025-07-15,2025-07-17,2,direct,EUR,448.9,448.9,False,897.8,True,False,False,False
BK01353,carlos marino,carlos.marino529@gmail.com,France,senza glutine,2025-07-16,2025-07-16,2025-07-20,4,direct,EUR,374.28,374.28,False,1497.12,True,False,False,False
BK01354,giulia wagner,giulia.wagner524@outlook.com,UAE,halal,2025-07-16,2025-07-16,2025-07-18,2,OTA,EUR,438.69,438.69,False,877.38,True,False,False,False
BK01355,nakamura olga,olga.nakamura151@yahoo.com,Italy,kosher,2025-07-16,2025-07-16,2025-07-17,1,OTA,EUR,465.23,465.23,False,465.23,True,False,False,False
BK01356,marco suzuki,marco.suzuki880@gmail.com,Germany,senza glutine,2025-06-19,2025-07-16,2025-07-18,2,OTA,USD,442.35,406.96,False,813.92,True,False,False,True
BK01357,ivanov william,william.ivanov992@gmail.com,UK,kosher,2025-07-16,2025-07-16,2025-07-20,4,direct,EUR,455.79,455.79,False,1823.16,True,False,False,False
BK01358,laura suzuki,laura.suzuki434@icloud.com,Spain,vegetariana,2025-07-16,2025-07-16,2025-07-19,3,OTA,EUR,411.41,411.41,False,1234.23,True,False,True,True
BK01359,elena weber,elena.weber18@icloud.com,Spain,senza glutine,2025-07-16,2025-07-16,2025-07-19,3,OTA,EUR,456.5,456.5,False,1369.5,True,False,False,False
BK01360,greco john,john.greco190@outlook.com,Spain,vegetariana,2025-07-16,2025-07-16,2025-07-18,2,direct,USD,356.57,328.04,False,656.08,True,False,False,False
BK01361,john lopez,john.lopez407@yahoo.com,Japan,vegana,2025-07-17,2025-07-17,2025-07-21,4,direct,EUR,383.49,383.49,True,0.0,True,False,False,False
BK01362,anna bernard,anna.bernard950@outlook.com,UAE,vegetariana,2025-07-17,2025-07-17,2025-07-22,5,direct,EUR,441.52,441.52,False,2207.6,True,False,False,False
BK01363,charlotte schmidt,charlotte.schmidt702@yahoo.com,Italy,halal,2025-07-17,2025-07-17,2025-07-20,3,direct,EUR,407.9,407.9,False,1223.7,True,False,False,False
BK01364,kenji moreau,kenji.moreau765@outlook.com,Spain,senza glutine,2025-07-17,2025-07-17,2025-07-19,2,OTA,EUR,497.96,497.96,False,995.92,True,False,False,False
BK01365,ahmed romano,ahmed.romano706@gmail.com,Germany,vegetariana,2025-07-17,2025-07-17,2025-07-22,5,OTA,EUR,359.72,359.72,False,1798.6,True,False,False,False
BK01366,leroy nikolai,nikolai.leroy611@gmail.com,Italy,vegana,2025-07-17,2025-07-17,2025-07-19,2,OTA,EUR,471.22,471.22,False,942.44,True,False,False,False
BK01367,anna greco,anna.greco63@yahoo.com,UAE,kosher,2025-01-24,2025-07-17,2025-07-20,3,OTA,EUR,372.63,372.63,False,1117.89,True,False,False,True
BK01368,amelia johnson,amelia.johnson268@icloud.com,Switzerland,internazionale,2025-07-17,2025-07-17,2025-07-21,4,direct,EUR,442.13,442.13,False,1768.52,True,False,False,False
BK01369,marie novak,marie.novak38@outlook.com,Japan,halal,2025-07-17,2025-07-17,2025-07-22,5,OTA,EUR,457.94,457.94,False,2289.7,True,False,False,False
BK01370,lopez simone,simone.lopez289@yahoo.com,Germany,senza glutine,2025-07-17,2025-07-17,2025-07-19,2,OTA,EUR,416.06,416.06,False,832.12,True,False,False,False
BK01371,charlotte lopez,charlotte.lopez180@yahoo.com,Germany,vegetariana,2025-07-17,2025-07-17,2025-07-21,4,OTA,USD,451.47,415.35,False,1661.4,True,False,False,False
BK01372,federica popov,federica.popov84@outlook.com,UK,italiana,2025-07-18,2025-07-18,2025-07-21,3,direct,USD,385.73,354.87,False,1064.61,True,False,False,False
BK01373,andersen klaus,klaus.andersen74@gmail.com,France,kosher,2025-07-18,2025-07-18,2025-07-22,4,OTA,EUR,412.73,412.73,False,1650.92,True,False,False,False
BK01374,hans weber,hans.weber350@yahoo.com,Switzerland,pesce,2025-07-18,2025-07-18,2025-07-21,3,direct,EUR,381.65,381.65,False,1144.95,True,False,False,False
BK01375,sokolov valentina,valentina.sokolov255@yahoo.com,Switzerland,vegana,2025-07-18,2025-07-18,2025-07-24,6,OTA,EUR,407.29,407.29,False,2443.74,True,False,False,False
BK01376,ahmed meyer,ahmed.meyer110@yahoo.com,Switzerland,italiana,2025-07-18,2025-07-18,2025-07-26,8,OTA,USD,478.02,439.78,False,3518.24,True,False,False,False
BK01377,hassan isabella,isabella.hassan16@outlook.com,Switzerland,kosher,2024-11-06,2025-07-18,2025-07-21,3,OTA,USD,448.78,412.88,False,1238.64,True,False,False,True
BK01378,fernandez jean,jean.fernandez538@icloud.com,Italy,halal,2025-07-18,2025-07-18,2025-07-21,3,direct,EUR,407.58,407.58,False,1222.74,True,False,False,False
BK01379,francesco yamamoto,francesco.yamamoto15@yahoo.com,Spain,kosher,2025-07-18,2025-07-18,2025-07-20,2,direct,USD,406.5,373.98,False,747.96,True,False,False,True
BK01380,andrea klein,andrea.klein961@yahoo.com,Italy,vegana,2025-07-18,2025-07-18,2025-07-19,1,OTA,EUR,442.62,442.62,True,0.0,True,False,False,False
BK01381,olivia suzuki,olivia.suzuki851@icloud.com,Netherlands,senza glutine,2025-07-19,2025-07-19,2025-07-22,3,direct,EUR,427.83,427.83,True,0.0,True,False,False,False
BK01382,singh valentina,valentina.singh434@yahoo.com,Italy,vegana,2025-07-19,2025-07-19,2025-07-22,3,direct,USD,466.18,428.89,False,1286.67,True,False,False,False
BK01383,elena nilsson,elena.nilsson998@icloud.com,Netherlands,kosher,2025-07-19,2025-07-19,2025-07-24,5,direct,EUR,400.95,400.95,False,2004.75,True,False,False,False
BK01384,park sara,sara.park245@gmail.com,Spain,kosher,2025-05-27,2025-07-20,2025-07-22,2,OTA,EUR,377.5,377.5,False,755.0,True,False,False,True
BK01385,kumar thomas,thomas.kumar586@icloud.com,France,vegetariana,2025-07-20,2025-07-20,2025-07-24,4,OTA,EUR,494.96,494.96,False,1979.84,True,False,False,False
BK01386,isabella patel,isabella.patel675@icloud.com,Switzerland,italiana,2025-07-20,2025-07-20,2025-07-22,2,direct,EUR,420.97,420.97,False,841.94,True,False,False,False
BK01387,ivanov pierre,pierre.ivanov579@gmail.com,Spain,italiana,2025-07-20,2025-07-20,2025-07-25,5,OTA,USD,395.11,363.5,False,1817.5,True,False,False,False
BK01388,bernard chiara,chiara.bernard875@icloud.com,Italy,vegetariana,2025-07-20,2025-07-20,2025-07-23,3,OTA,EUR,425.65,425.65,False,1276.95,True,False,False,False
BK01389,anna ivanov,anna.ivanov750@icloud.com,Japan,italiana,2025-07-20,2025-07-20,2025-07-26,6,OTA,EUR,442.74,442.74,False,2656.44,True,False,False,False
BK01390,henri rossi,henri.rossi750@yahoo.com,Germany,internazionale,2025-07-20,2025-07-20,2025-07-23,3,OTA,EUR,371.29,371.29,False,1113.87,True,False,False,False
BK01391,chiara nilsson,chiara.nilsson318@yahoo.com,France,pesce,2025-07-20,2025-07-20,2025-07-26,6,direct,EUR,371.53,371.53,False,2229.18,True,False,False,False
BK01392,francesco smith,francesco.smith798@outlook.com,Netherlands,vegetariana,2025-07-20,2025-07-20,2025-07-24,4,OTA,EUR,418.33,418.33,False,1673.32,True,False,False,False
BK01393,chiara leroy,chiara.leroy962@yahoo.com,Netherlands,vegetariana,2025-06-08,2025-07-21,2025-07-24,3,OTA,EUR,390.89,390.89,False,1172.67,True,False,False,True
BK01394,al-farsi layla,layla.al-farsi790@outlook.com,Italy,vegetariana,2025-07-21,2025-07-21,2025-07-24,3,OTA,EUR,490.75,490.75,False,1472.25,True,False,False,False
BK01395,charlotte klein,charlotte.klein736@yahoo.com,Spain,halal,2025-07-21,2025-07-21,2025-07-25,4,direct,EUR,442.2,442.2,False,1768.8,True,False,False,False
BK01396,costa isabella,isabella.costa44@icloud.com,Spain,vegana,2025-07-21,2025-07-21,2025-07-23,2,OTA,USD,545.94,502.26,False,1004.52,True,False,False,False
BK01397,chiara ferrari,chiara.ferrari54@gmail.com,UK,halal,2024-10-20,2025-07-21,2025-07-25,4,OTA,EUR,515.03,515.03,False,2060.12,True,False,False,True
BK01398,marco yamamoto,marco.yamamoto541@gmail.com,Japan,halal,2024-12-02,2025-07-21,2025-07-28,7,direct,EUR,428.85,428.85,False,3001.95,True,False,False,False
BK01399,carlos chen,carlos.chen672@icloud.com,France,senza glutine,2025-07-22,2025-07-22,2025-07-26,4,direct,EUR,430.28,430.28,True,0.0,True,False,False,False
BK01400,kaczmarek yuki,yuki.kaczmarek596@yahoo.com,France,kosher,2025-07-22,2025-07-22,2025-07-24,2,OTA,EUR,416.4,416.4,False,832.8,True,False,False,True
BK01401,ekaterina johnson,ekaterina.johnson15@outlook.com,Spain,senza glutine,2025-07-22,2025-07-22,2025-07-26,4,OTA,USD,352.82,324.59,False,1298.36,True,False,False,False
BK01402,priya tanaka,priya.tanaka455@gmail.com,UAE,italiana,2025-07-22,2025-07-22,2025-07-27,5,direct,EUR,337.16,337.16,False,1685.8,True,False,False,False
BK01403,ahmed fischer,ahmed.fischer82@yahoo.com,Switzerland,internazionale,2025-07-22,2025-07-22,2025-07-25,3,direct,USD,408.55,375.87,False,1127.61,True,False,False,False
BK01404,ekaterina lefevre,ekaterina.lefevre244@icloud.com,Italy,italiana,2025-06-23,2025-07-23,2025-07-26,3,direct,EUR,401.05,401.05,False,1203.15,True,False,False,False
BK01405,david ivanov,david.ivanov105@icloud.com,Japan,italiana,2025-07-23,2025-07-23,2025-07-28,5,direct,EUR,435.6,435.6,False,2178.0,True,False,False,False
BK01406,dmitri romano,dmitri.romano407@icloud.com,USA,vegetariana,2025-07-23,2025-07-23,2025-07-25,2,OTA,EUR,432.0,432.0,False,864.0,True,False,False,False
BK01407,john muller,john.muller647@icloud.com,USA,vegana,2025-07-23,2025-07-23,2025-07-24,1,OTA,EUR,416.77,416.77,False,416.77,True,False,False,False
BK01408,ekaterina kim,ekaterina.kim331@gmail.com,Switzerland,senza glutine,2025-07-23,2025-07-23,2025-07-25,2,direct,EUR,348.22,348.22,False,696.44,True,False,False,False
BK01409,klein priya,priya.klein97@gmail.com,Japan,pesce,2025-07-23,2025-07-23,2025-07-27,4,direct,EUR,548.13,548.13,False,2192.52,True,False,False,False
BK01410,bianchi lucia,lucia.bianchi534@gmail.com,USA,italiana,2025-07-24,2025-07-24,2025-07-28,4,direct,EUR,520.93,520.93,False,2083.72,True,False,False,False
BK01411,kumar paolo,paolo.kumar987@icloud.com,USA,senza glutine,2025-07-24,2025-07-24,2025-07-27,3,direct,EUR,457.37,457.37,False,1372.11,True,False,False,False
BK01412,weber youssef,youssef.weber845@outlook.com,UK,vegana,2025-07-24,2025-07-24,2025-07-27,3,direct,EUR,453.87,453.87,False,1361.61,True,False,False,False
BK01413,giorgia wagner,giorgia.wagner21@yahoo.com,Spain,vegetariana,2025-07-24,2025-07-24,2025-07-26,2,direct,EUR,413.8,413.8,False,827.6,True,False,False,True
BK01414,maria yamamoto,maria.yamamoto760@gmail.com,Italy,vegana,2025-07-24,2025-07-24,2025-07-28,4,direct,EUR,524.74,524.74,False,2098.96,True,False,False,False
BK01415,erik popov,erik.popov317@icloud.com,UK,kosher,2025-07-24,2025-07-24,2025-07-26,2,OTA,USD,429.26,394.92,False,789.84,True,False,False,False
BK01416,leroy simone,simone.leroy527@gmail.com,Netherlands,senza glutine,2025-07-24,2025-07-24,2025-07-25,1,OTA,USD,490.36,451.13,True,0.0,True,False,False,False
BK01417,camille suzuki,camille.suzuki122@yahoo.com,UK,halal,2025-07-24,2025-07-24,2025-07-28,4,direct,USD,482.14,443.57,False,1774.28,True,False,False,False
BK01418,fernandez sophie,sophie.fernandez789@gmail.com,UK,pesce,2025-07-24,2025-07-24,2025-07-28,4,OTA,EUR,447.53,447.53,False,1790.12,True,False,False,False
BK01419,amelia marino,amelia.marino308@yahoo.com,Switzerland,kosher,2025-07-24,2025-07-24,2025-07-29,5,direct,EUR,366.09,366.09,False,1830.45,True,False,False,False
BK01420,elena popov,elena.popov801@gmail.com,Italy,italiana,2025-07-25,2025-07-25,2025-07-28,3,OTA,EUR,443.86,443.86,True,0.0,True,False,False,False
BK01421,dmitri kim,dmitri.kim620@yahoo.com,Italy,vegetariana,2025-07-25,2025-07-25,2025-07-30,5,OTA,EUR,414.2,414.2,False,2071.0,True,False,False,False
BK01422,chiara moreau,chiara.moreau19@yahoo.com,UK,vegetariana,2025-07-25,2025-07-25,2025-07-29,4,direct,USD,333.61,306.92,False,1227.68,True,False,False,False
BK01423,arjun suzuki,arjun.suzuki989@gmail.com,Netherlands,vegetariana,2025-07-25,2025-07-25,2025-07-27,2,direct,EUR,410.49,410.49,False,820.98,True,False,False,False
BK01424,al-rashid matteo,matteo.al-rashid876@yahoo.com,Netherlands,internazionale,2025-06-10,2025-07-25,2025-07-28,3,OTA,USD,370.79,341.13,False,1023.39,True,False,False,False
BK01425,diego fischer,diego.fischer334@yahoo.com,Japan,vegana,2025-07-25,2025-07-25,2025-07-28,3,OTA,USD,457.77,421.15,False,1263.45,True,False,False,False
BK01426,dubois silvia,silvia.dubois293@icloud.com,Japan,vegana,2025-07-26,2025-07-26,2025-07-29,3,direct,USD,519.34,477.79,False,1433.37,True,False,False,False
BK01427,laura weber,laura.weber434@gmail.com,Netherlands,halal,2025-07-26,2025-07-26,2025-07-28,2,OTA,EUR,453.39,453.39,False,906.78,True,False,False,False
BK01428,costa luca,luca.costa800@outlook.com,UK,italiana,2025-07-26,2025-07-26,2025-07-27,1,OTA,EUR,440.71,440.71,True,0.0,True,False,False,True
BK01429,hans singh,hans.singh632@outlook.com,Italy,senza glutine,2025-07-26,2025-07-26,2025-08-04,9,direct,EUR,421.94,421.94,False,3797.46,True,False,False,False
BK01430,robert romano,robert.romano554@icloud.com,Italy,vegana,2025-07-27,2025-07-27,2025-07-29,2,direct,EUR,422.16,422.16,False,844.32,True,False,False,False
BK01431,alessandro ricci,alessandro.ricci895@yahoo.com,USA,kosher,2025-07-27,2025-07-27,2025-07-29,2,OTA,EUR,500.49,500.49,False,1000.98,True,False,False,False
BK01432,henri singh,henri.singh463@gmail.com,UAE,vegana,2024-09-18,2025-07-27,2025-07-30,3,direct,EUR,429.15,429.15,False,1287.45,True,False,False,False
BK01433,federica ricci,federica.ricci312@outlook.com,Switzerland,internazionale,2025-07-28,2025-07-28,2025-07-30,2,OTA,USD,319.21,293.67,False,587.34,True,False,False,False
BK01434,sharma youssef,youssef.sharma36@outlook.com,Japan,pesce,2025-07-28,2025-07-28,2025-07-31,3,OTA,EUR,484.58,484.58,False,1453.74,True,False,False,False
BK01435,john johnson,john.johnson706@yahoo.com,USA,pesce,2025-07-28,2025-07-28,2025-07-30,2,direct,EUR,422.24,422.24,False,844.48,True,False,False,False
BK01436,nakamura thomas,thomas.nakamura419@icloud.com,UAE,vegetariana,2025-07-28,2025-07-28,2025-08-05,8,direct,EUR,492.29,492.29,False,3938.32,True,False,False,False
BK01437,matteo novak,matteo.novak356@gmail.com,Italy,kosher,2025-07-29,2025-07-29,2025-08-01,3,OTA,EUR,384.79,384.79,True,0.0,True,False,True,False
BK01438,ferreira henri,henri.ferreira574@gmail.com,Netherlands,vegana,2025-07-29,2025-07-29,2025-08-01,3,OTA,USD,498.7,458.8,False,1376.4,True,False,False,True
BK01439,james kowalski,james.kowalski285@outlook.com,Italy,vegetariana,2025-07-29,2025-07-29,2025-08-03,5,direct,EUR,374.1,374.1,False,1870.5,True,False,False,False
BK01440,kaczmarek luca,luca.kaczmarek319@gmail.com,Spain,italiana,2025-07-30,2025-07-30,2025-08-03,4,direct,EUR,443.25,443.25,False,1773.0,True,False,False,False
BK01441,camille yamamoto,camille.yamamoto947@icloud.com,Switzerland,senza glutine,2025-07-30,2025-07-30,2025-08-02,3,direct,EUR,349.24,349.24,True,0.0,True,False,False,False
BK01442,jean lefevre,jean.lefevre241@yahoo.com,USA,senza glutine,2025-07-30,2025-07-30,2025-08-02,3,direct,USD,405.78,373.32,False,1119.96,True,False,False,False
BK01443,luca suzuki,luca.suzuki6@yahoo.com,UK,senza glutine,2025-07-30,2025-07-30,2025-08-04,5,direct,EUR,443.01,443.01,False,2215.05,True,False,False,False
BK01444,hassan priya,priya.hassan250@outlook.com,Italy,vegana,2025-07-30,2025-07-30,2025-08-01,2,direct,EUR,367.01,367.01,False,734.02,True,False,False,False
BK01445,park william,william.park104@outlook.com,UK,internazionale,2025-07-30,2025-07-30,2025-08-03,4,OTA,EUR,472.44,472.44,False,1889.76,True,False,False,False
BK01446,park yuki,yuki.park589@icloud.com,Netherlands,pesce,2025-07-30,2025-07-30,2025-08-02,3,direct,USD,474.64,436.67,False,1310.01,True,False,False,False
BK01447,bruno erik,erik.bruno704@outlook.com,Spain,vegana,2025-07-30,2025-07-30,2025-08-03,4,direct,USD,400.29,368.27,True,0.0,True,False,False,False
BK01448,ananya weber,ananya.weber370@yahoo.com,Spain,vegetariana,2025-07-30,2025-07-30,2025-08-03,4,OTA,EUR,463.43,463.43,False,1853.72,True,False,False,False
BK01449,james singh,james.singh72@outlook.com,Japan,senza glutine,2025-07-30,2025-07-30,2025-08-03,4,OTA,EUR,410.41,410.41,False,1641.64,True,False,False,False
BK01450,andrea wagner,andrea.wagner597@outlook.com,Germany,kosher,2025-07-30,2025-07-30,2025-08-02,3,direct,USD,378.11,347.86,True,0.0,True,False,False,False
BK01451,ananya kim,ananya.kim983@outlook.com,Italy,senza glutine,2025-07-31,2025-07-31,2025-08-05,5,direct,EUR,405.3,405.3,False,2026.5,True,False,False,False
BK01452,nowak simone,simone.nowak343@outlook.com,Germany,internazionale,2024-10-27,2025-07-31,2025-08-03,3,OTA,EUR,416.03,416.03,False,1248.09,True,False,False,False
BK01453,layla nilsson,layla.nilsson486@yahoo.com,France,internazionale,2025-07-31,2025-07-31,2025-08-04,4,OTA,EUR,410.91,410.91,False,1643.64,True,False,False,False
BK01454,nowak sara,sara.nowak890@gmail.com,France,vegetariana,2024-12-07,2025-07-31,2025-08-04,4,OTA,EUR,459.55,459.55,False,1838.2,True,False,False,True
BK01455,andrea park,andrea.park944@yahoo.com,Italy,vegana,2025-07-31,2025-07-31,2025-08-11,11,OTA,USD,407.97,375.33,False,4128.63,True,False,False,False
BK01456,astrid smith,astrid.smith179@gmail.com,Spain,kosher,2025-08-01,2025-08-01,2025-08-04,3,direct,EUR,421.67,421.67,False,1265.01,True,False,False,False
BK01457,ferrari hans,hans.ferrari705@icloud.com,France,internazionale,2025-08-01,2025-08-01,2025-08-04,3,direct,EUR,419.03,419.03,False,1257.09,True,False,False,True
BK01458,park priya,priya.park294@outlook.com,France,senza glutine,2025-08-01,2025-08-01,2025-08-04,3,OTA,EUR,449.71,449.71,False,1349.13,True,False,False,False
BK01459,federica ferrari,federica.ferrari448@icloud.com,France,vegana,2025-08-01,2025-08-01,2025-08-05,4,OTA,USD,446.29,410.59,False,1642.36,True,False,False,False
BK01460,federica park,federica.park675@icloud.com,Spain,italiana,2025-08-01,2025-08-01,2025-08-02,1,direct,EUR,421.04,421.04,False,421.04,True,False,False,False
BK01461,nowak priya,priya.nowak956@outlook.com,USA,pesce,2025-08-01,2025-08-01,2025-08-10,9,direct,EUR,408.61,408.61,False,3677.49,True,False,False,False
BK01462,arjun silva,arjun.silva305@yahoo.com,Netherlands,halal,2025-08-02,2025-08-02,2025-08-06,4,direct,EUR,440.24,440.24,False,1760.96,True,False,False,False
BK01463,elena ferreira,elena.ferreira5@gmail.com,Germany,halal,2025-08-02,2025-08-02,2025-08-08,6,OTA,EUR,377.6,377.6,False,2265.6,True,False,False,True
BK01464,james klein,james.klein60@yahoo.com,Italy,internazionale,2025-08-02,2025-08-02,2025-08-05,3,direct,EUR,356.5,356.5,False,1069.5,True,False,False,False
BK01465,andersen hans,hans.andersen680@gmail.com,Japan,kosher,2025-08-02,2025-08-02,2025-08-06,4,OTA,EUR,498.38,498.38,False,1993.52,True,False,False,False
BK01466,isabella kobayashi,isabella.kobayashi852@outlook.com,Germany,senza glutine,2025-08-02,2025-08-02,2025-08-06,4,OTA,EUR,423.3,423.3,False,1693.2,True,False,False,False
BK01467,al-farsi olivia,olivia.al-farsi637@outlook.com,Switzerland,kosher,2025-08-02,2025-08-02,2025-08-05,3,OTA,EUR,401.22,401.22,False,1203.66,True,False,False,False
BK01468,ivanov valentina,valentina.ivanov923@yahoo.com,UK,italiana,2025-08-03,2025-08-03,2025-08-09,6,OTA,EUR,463.69,463.69,False,2782.14,True,False,False,False
BK01469,bruno camille,camille.bruno983@icloud.com,Netherlands,vegana,2025-08-03,2025-08-03,2025-08-07,4,OTA,USD,494.64,455.07,False,1820.28,True,False,False,False
BK01470,david singh,david.singh293@gmail.com,Switzerland,internazionale,2025-08-03,2025-08-03,2025-08-06,3,direct,EUR,374.27,374.27,False,1122.81,True,False,False,False
BK01471,diego fernandez,diego.fernandez729@icloud.com,Japan,halal,2025-08-03,2025-08-03,2025-08-06,3,OTA,EUR,489.27,489.27,False,1467.81,True,False,False,False
BK01472,emma muller,emma.muller696@yahoo.com,Germany,pesce,2025-08-03,2025-08-03,2025-08-07,4,OTA,USD,359.04,330.32,False,1321.28,True,False,False,False
BK01473,al-farsi alessandro,alessandro.al-farsi804@yahoo.com,Italy,italiana,2025-08-03,2025-08-03,2025-08-05,2,OTA,EUR,433.16,433.16,False,866.32,True,False,False,False
BK01474,aiko chen,aiko.chen800@outlook.com,Spain,kosher,2025-08-03,2025-08-03,2025-08-07,4,OTA,USD,474.48,436.52,False,1746.08,True,False,False,False
BK01475,astrid costa,astrid.costa701@gmail.com,Italy,pesce,2025-08-03,2025-08-03,2025-08-06,3,direct,EUR,427.97,427.97,False,1283.91,True,False,False,False
BK01476,erik klein,erik.klein326@yahoo.com,UAE,pesce,2025-08-03,2025-08-03,2025-08-07,4,direct,EUR,451.29,451.29,False,1805.16,True,False,False,False
BK01477,david greco,david.greco432@icloud.com,Netherlands,halal,2025-08-03,2025-08-03,2025-08-05,2,direct,USD,382.47,351.87,False,703.74,True,False,False,False
BK01478,ibrahim jean,jean.ibrahim624@yahoo.com,USA,italiana,2024-12-15,2025-08-03,2025-08-04,1,direct,EUR,440.16,440.16,False,440.16,True,False,False,True
BK01479,hans hassan,hans.hassan784@icloud.com,Switzerland,kosher,2025-08-03,2025-08-03,2025-08-08,5,direct,USD,514.1,472.97,False,2364.85,True,False,False,False
BK01480,andersen layla,layla.andersen52@outlook.com,USA,halal,2025-08-03,2025-08-03,2025-08-07,4,OTA,EUR,479.58,479.58,False,1918.32,True,False,False,False
BK01481,john nilsson,john.nilsson607@yahoo.com,Spain,senza glutine,2025-08-04,2025-08-04,2025-08-06,2,OTA,USD,472.84,435.01,False,870.02,True,False,False,False
BK01482,bernard carlos,carlos.bernard400@outlook.com,UAE,italiana,2025-08-04,2025-08-04,2025-08-07,3,direct,EUR,459.22,459.22,False,1377.66,True,False,False,True
BK01483,andrea leroy,andrea.leroy595@icloud.com,Switzerland,pesce,2025-06-15,2025-08-04,2025-08-09,5,direct,EUR,482.86,482.86,False,2414.3,True,False,False,False
BK01484,elena garcia,elena.garcia709@gmail.com,UK,internazionale,2025-08-04,2025-08-04,2025-08-07,3,direct,EUR,431.28,431.28,False,1293.84,True,False,False,False
BK01485,jean rossi,jean.rossi777@icloud.com,UK,kosher,2024-12-23,2025-08-04,2025-08-08,4,direct,EUR,415.64,415.64,False,1662.56,True,False,False,True
BK01486,dmitri watanabe,dmitri.watanabe84@icloud.com,Netherlands,vegana,2025-08-05,2025-08-05,2025-08-07,2,OTA,EUR,444.18,444.18,True,0.0,True,False,False,True
BK01487,james petrov,james.petrov31@yahoo.com,Italy,internazionale,2025-08-05,2025-08-05,2025-08-08,3,OTA,EUR,467.99,467.99,False,1403.97,True,False,False,False
BK01488,ekaterina park,ekaterina.park413@gmail.com,France,senza glutine,2025-08-05,2025-08-05,2025-08-07,2,OTA,USD,362.36,333.37,False,666.74,True,False,False,True
BK01489,park youssef,youssef.park850@icloud.com,UAE,italiana,2025-08-05,2025-08-05,2025-08-07,2,OTA,EUR,381.17,381.17,False,762.34,True,False,False,False
BK01490,luca park,luca.park300@gmail.com,Netherlands,halal,2025-08-05,2025-08-05,2025-08-08,3,OTA,EUR,425.45,425.45,False,1276.35,True,False,False,False
BK01491,sara singh,sara.singh778@yahoo.com,Italy,kosher,2025-08-05,2025-08-05,2025-08-10,5,OTA,USD,421.1,387.41,False,1937.05,True,False,False,False
BK01492,kenji kobayashi,kenji.kobayashi401@yahoo.com,Italy,italiana,2025-08-05,2025-08-05,2025-08-09,4,direct,USD,455.76,419.3,True,0.0,True,False,False,True
BK01493,colombo giorgia,giorgia.colombo693@yahoo.com,France,halal,2025-08-05,2025-08-05,2025-08-06,1,OTA,EUR,453.83,453.83,False,453.83,True,False,False,False
BK01494,andersen pierre,pierre.andersen896@yahoo.com,Netherlands,senza glutine,2025-08-05,2025-08-05,2025-08-07,2,direct,USD,408.85,376.14,False,752.28,True,False,False,True
BK01495,anna ricci,anna.ricci819@gmail.com,Spain,senza glutine,2024-12-09,2025-08-05,2025-08-12,7,direct,USD,344.38,316.83,False,2217.81,True,False,False,True
BK01496,emma leroy,emma.leroy149@outlook.com,UAE,kosher,2025-08-05,2025-08-05,2025-08-08,3,direct,EUR,406.28,406.28,True,0.0,True,False,False,False
BK01497,dmitri suzuki,dmitri.suzuki224@gmail.com,Italy,kosher,2025-08-05,2025-08-05,2025-08-08,3,direct,EUR,403.02,403.02,False,1209.06,True,False,False,False
BK01498,elena lefevre,elena.lefevre259@outlook.com,Japan,italiana,2025-08-06,2025-08-06,2025-08-09,3,direct,EUR,471.39,471.39,False,1414.17,True,False,False,False
BK01499,andrea meyer,andrea.meyer930@yahoo.com,UAE,vegana,2025-08-06,2025-08-06,2025-08-10,4,OTA,EUR,389.67,389.67,False,1558.68,True,False,False,False
BK01500,al-rashid anna,anna.al-rashid300@gmail.com,Switzerland,kosher,2025-08-06,2025-08-06,2025-08-08,2,OTA,USD,409.13,376.4,False,752.8,True,False,False,False
BK01501,omar schmidt,omar.schmidt352@gmail.com,Japan,vegetariana,2025-08-06,2025-08-06,2025-08-09,3,direct,USD,389.37,358.22,False,1074.66,True,False,False,False
BK01502,al-farsi priya,priya.al-farsi756@gmail.com,Spain,internazionale,2025-08-06,2025-08-06,2025-08-08,2,OTA,EUR,463.85,463.85,False,927.7,True,False,False,False
BK01503,martinez olga,olga.martinez63@yahoo.com,UAE,halal,2025-08-06,2025-08-06,2025-08-08,2,OTA,EUR,425.12,425.12,False,850.24,True,False,False,False
BK01504,anna kim,anna.kim649@icloud.com,Netherlands,vegetariana,2025-08-06,2025-08-06,2025-08-12,6,OTA,USD,442.39,407.0,False,2442.0,True,False,False,False
BK01505,colombo silvia,silvia.colombo653@outlook.com,Spain,italiana,2025-08-06,2025-08-06,2025-08-11,5,direct,EUR,384.28,384.28,False,1921.4,True,False,False,False
BK01506,klaus rossi,klaus.rossi650@outlook.com,France,internazionale,2025-08-06,2025-08-06,2025-08-15,9,direct,USD,423.36,389.49,False,3505.41,True,False,False,True
BK01507,jean kim,jean.kim542@outlook.com,Germany,halal,2025-04-16,2025-08-06,2025-08-09,3,direct,EUR,422.47,422.47,False,1267.41,True,False,False,True
BK01508,federica sokolov,federica.sokolov501@outlook.com,Netherlands,vegana,2025-08-06,2025-08-06,2025-08-08,2,OTA,EUR,452.72,452.72,False,905.44,True,False,False,False
BK01509,hassan john,john.hassan74@outlook.com,Germany,italiana,2025-08-07,2025-08-07,2025-08-10,3,direct,EUR,461.05,461.05,False,1383.15,True,False,False,False
BK01510,fatima martinez,fatima.martinez181@yahoo.com,Germany,pesce,2025-08-07,2025-08-07,2025-08-10,3,direct,EUR,409.96,409.96,False,1229.88,True,False,False,False
BK01511,charlotte nakamura,charlotte.nakamura376@yahoo.com,Japan,internazionale,2025-08-07,2025-08-07,2025-08-10,3,OTA,EUR,468.07,468.07,False,1404.21,True,False,False,False
BK01512,colombo laura,laura.colombo360@icloud.com,UK,vegetariana,2025-08-07,2025-08-07,2025-08-10,3,direct,EUR,419.66,419.66,False,1258.98,True,False,False,False
BK01513,hans romano,hans.romano89@gmail.com,USA,senza glutine,2025-08-07,2025-08-07,2025-08-11,4,direct,EUR,469.0,469.0,False,1876.0,True,False,False,False
BK01514,charlotte girard,charlotte.girard35@yahoo.com,Japan,italiana,2025-08-07,2025-08-07,2025-08-10,3,direct,EUR,348.26,348.26,False,1044.78,True,False,False,False
BK01515,fischer thomas,thomas.fischer762@gmail.com,USA,kosher,2025-08-07,2025-08-07,2025-08-09,2,direct,USD,368.48,339.0,True,0.0,True,False,False,False
BK01516,hassan sophie,sophie.hassan56@icloud.com,Japan,italiana,2025-08-07,2025-08-07,2025-08-11,4,direct,EUR,393.26,393.26,False,1573.04,True,False,False,False
BK01517,omar watanabe,omar.watanabe92@icloud.com,Italy,vegana,2025-07-02,2025-08-07,2025-08-13,6,direct,EUR,395.66,395.66,False,2373.96,True,False,False,False
BK01518,klein sophie,sophie.klein681@icloud.com,Spain,kosher,2025-06-22,2025-08-08,2025-08-09,1,direct,EUR,370.8,370.8,False,370.8,True,False,False,True
BK01519,layla ricci,layla.ricci960@outlook.com,UK,italiana,2025-08-08,2025-08-08,2025-08-10,2,OTA,EUR,478.84,478.84,False,957.68,True,False,False,False
BK01520,olga ricci,olga.ricci189@yahoo.com,Spain,senza glutine,2025-08-08,2025-08-08,2025-08-09,1,direct,EUR,417.99,417.99,False,417.99,True,False,False,False
BK01521,giulia rossi,giulia.rossi119@gmail.com,France,italiana,2025-08-08,2025-08-08,2025-08-10,2,direct,EUR,363.92,363.92,False,727.84,True,False,False,True
BK01522,aiko lefevre,aiko.lefevre308@yahoo.com,Switzerland,senza glutine,2025-08-08,2025-08-08,2025-08-11,3,OTA,EUR,398.59,398.59,True,0.0,True,False,False,False
BK01523,costa giulia,giulia.costa422@gmail.com,USA,kosher,2025-05-29,2025-08-09,2025-08-13,4,OTA,EUR,389.75,389.75,False,1559.0,True,False,False,False
BK01524,paolo schmidt,paolo.schmidt30@gmail.com,Germany,halal,2025-08-09,2025-08-09,2025-08-12,3,OTA,USD,500.72,460.66,False,1381.98,True,False,False,False
BK01525,andrea sharma,andrea.sharma436@gmail.com,Netherlands,kosher,2025-08-09,2025-08-09,2025-08-12,3,OTA,EUR,353.42,353.42,False,1060.26,True,False,False,False
BK01526,paolo sokolov,paolo.sokolov913@icloud.com,UK,halal,2025-08-09,2025-08-09,2025-08-12,3,OTA,EUR,452.01,452.01,False,1356.03,True,False,False,False
BK01527,emma girard,emma.girard821@icloud.com,UK,pesce,2025-08-09,2025-08-09,2025-08-12,3,direct,USD,406.36,373.85,False,1121.55,True,False,False,False
BK01528,nowak sophie,sophie.nowak318@gmail.com,Netherlands,vegetariana,2025-08-10,2025-08-10,2025-08-12,2,OTA,EUR,433.38,433.38,False,866.76,True,False,False,False
BK01529,lucia smith,lucia.smith134@outlook.com,UK,internazionale,2025-08-10,2025-08-10,2025-08-13,3,direct,USD,425.86,391.79,True,0.0,True,False,False,False
BK01530,ahmed garcia,ahmed.garcia770@outlook.com,France,vegetariana,2025-08-10,2025-08-10,2025-08-15,5,direct,EUR,350.43,350.43,False,1752.15,True,False,False,False
BK01531,kobayashi william,william.kobayashi838@outlook.com,Italy,pesce,2025-08-10,2025-08-10,2025-08-12,2,direct,EUR,390.22,390.22,False,780.44,True,False,False,False
BK01532,klaus klein,klaus.klein128@icloud.com,UK,vegetariana,2025-08-10,2025-08-10,2025-08-14,4,OTA,EUR,384.29,384.29,False,1537.16,True,False,False,False
BK01533,carlos leroy,carlos.leroy249@icloud.com,UAE,italiana,2025-08-10,2025-08-10,2025-08-13,3,OTA,EUR,447.27,447.27,False,1341.81,True,False,False,False
BK01534,ahmed smith,ahmed.smith79@outlook.com,Germany,internazionale,2024-10-18,2025-08-10,2025-08-15,5,direct,EUR,382.49,382.49,False,1912.45,True,False,False,True
BK01535,chen hans,hans.chen82@outlook.com,Switzerland,italiana,2025-06-07,2025-08-11,2025-08-12,1,direct,EUR,397.17,397.17,False,397.17,True,False,False,True
BK01536,amelia esposito,amelia.esposito819@outlook.com,Spain,pesce,2025-08-11,2025-08-11,2025-08-15,4,OTA,USD,437.27,402.29,False,1609.16,True,False,False,False
BK01537,aiko ferreira,aiko.ferreira345@yahoo.com,Spain,italiana,2025-08-11,2025-08-11,2025-08-13,2,OTA,EUR,441.67,441.67,True,0.0,True,False,False,False
BK01538,martinez paolo,paolo.martinez837@yahoo.com,Italy,internazionale,2025-08-11,2025-08-11,2025-08-15,4,OTA,EUR,461.58,461.58,False,1846.32,True,False,False,False
BK01539,chiara ivanov,chiara.ivanov342@outlook.com,USA,senza glutine,2025-08-11,2025-08-11,2025-08-18,7,direct,EUR,387.43,387.43,False,2712.01,True,False,False,False
BK01540,bianchi camille,camille.bianchi629@yahoo.com,France,vegana,2025-08-11,2025-08-11,2025-08-14,3,direct,EUR,441.77,441.77,False,1325.31,True,False,False,False
BK01541,ivanov sara,sara.ivanov463@gmail.com,Italy,vegana,2024-12-21,2025-08-11,2025-08-16,5,direct,EUR,406.53,406.53,False,2032.65,True,False,False,True
BK01542,rossi thomas,thomas.rossi832@yahoo.com,USA,pesce,2025-08-11,2025-08-11,2025-08-14,3,direct,EUR,358.33,358.33,False,1074.99,True,False,False,False
BK01543,isabella kumar,isabella.kumar318@outlook.com,Spain,vegana,2025-01-28,2025-08-11,2025-08-14,3,OTA,EUR,469.43,469.43,False,1408.29,True,False,False,False
BK01544,hassan robert,robert.hassan660@yahoo.com,Germany,halal,2025-08-12,2025-08-12,2025-08-17,5,OTA,EUR,397.68,397.68,False,1988.4,True,False,False,False
BK01545,giulia patel,giulia.patel891@icloud.com,Netherlands,vegana,2025-08-12,2025-08-12,2025-08-13,1,OTA,EUR,400.59,400.59,False,400.59,True,False,False,False
BK01546,petrov sara,sara.petrov951@outlook.com,Italy,vegetariana,2025-08-12,2025-08-12,2025-08-15,3,OTA,EUR,435.99,435.99,False,1307.97,True,False,False,True
BK01547,dmitri ibrahim,dmitri.ibrahim702@yahoo.com,Germany,vegetariana,2025-08-12,2025-08-12,2025-08-15,3,direct,EUR,526.91,526.91,False,1580.73,True,False,False,False
BK01548,ananya hassan,ananya.hassan165@yahoo.com,USA,senza glutine,2025-05-12,2025-08-13,2025-08-18,5,direct,EUR,401.03,401.03,False,2005.15,True,False,False,False
BK01549,omar yamamoto,omar.yamamoto212@yahoo.com,Switzerland,vegetariana,2024-10-16,2025-08-13,2025-08-15,2,direct,EUR,388.53,388.53,False,777.06,True,False,False,True
BK01550,aiko costa,aiko.costa643@gmail.com,Switzerland,vegana,2025-08-14,2025-08-14,2025-08-15,1,direct,EUR,350.33,350.33,False,350.33,True,False,False,False
BK01551,isabella novak,isabella.novak806@gmail.com,USA,vegetariana,2025-08-14,2025-08-14,2025-08-18,4,OTA,USD,449.94,413.94,False,1655.76,True,False,False,False
BK01552,ivanov marie,marie.ivanov353@yahoo.com,Netherlands,internazionale,2025-08-14,2025-08-14,2025-08-17,3,direct,EUR,407.67,407.67,False,1223.01,True,False,False,True
BK01553,ferreira patricia,patricia.ferreira447@icloud.com,Italy,senza glutine,2025-07-10,2025-08-14,2025-08-16,2,direct,EUR,398.2,398.2,False,796.4,True,False,False,True
BK01554,olga weber,olga.weber809@yahoo.com,UAE,kosher,2025-01-29,2025-08-14,2025-08-18,4,direct,EUR,413.3,413.3,False,1653.2,True,False,False,True
BK01555,luca schmidt,luca.schmidt207@icloud.com,France,kosher,2025-03-19,2025-08-14,2025-08-16,2,direct,USD,400.65,368.6,True,0.0,True,False,False,False
BK01556,ferreira patricia,patricia.ferreira447@icloud.com,Italy,senza glutine,2025-07-10,2025-08-15,2025-08-19,4,OTA,EUR,503.69,503.69,False,2014.76,True,False,False,True
BK01557,muller simone,simone.muller791@gmail.com,Germany,senza glutine,2025-08-15,2025-08-15,2025-08-18,3,direct,EUR,472.68,472.68,False,1418.04,True,False,False,False
BK01558,sara schmidt,sara.schmidt790@icloud.com,Netherlands,senza glutine,2024-09-26,2025-08-15,2025-08-18,3,OTA,EUR,443.08,443.08,False,1329.24,True,False,False,False
BK01559,elena kumar,elena.kumar144@icloud.com,Germany,senza glutine,2025-08-15,2025-08-15,2025-08-16,1,direct,EUR,406.82,406.82,False,406.82,True,False,False,False
BK01560,hassan youssef,youssef.hassan435@yahoo.com,Italy,vegetariana,2025-08-15,2025-08-15,2025-08-20,5,OTA,EUR,471.81,471.81,False,2359.05,True,False,False,False
BK01561,astrid greco,astrid.greco827@icloud.com,USA,internazionale,2025-08-15,2025-08-15,2025-08-18,3,OTA,EUR,415.6,415.6,False,1246.8,True,False,False,True
BK01562,amelia suzuki,amelia.suzuki621@yahoo.com,Germany,internazionale,2025-08-15,2025-08-15,2025-08-24,9,OTA,USD,401.78,369.64,False,3326.76,True,False,False,False
BK01563,amelia nakamura,amelia.nakamura839@gmail.com,Spain,vegana,2025-08-15,2025-08-15,2025-08-23,8,direct,EUR,373.44,373.44,False,2987.52,True,False,False,False
BK01564,meyer valentina,valentina.meyer937@outlook.com,USA,kosher,2025-08-16,2025-08-16,2025-08-21,5,direct,EUR,437.34,437.34,False,2186.7,True,False,False,False
BK01565,dubois lucia,lucia.dubois585@gmail.com,UK,halal,2025-08-16,2025-08-16,2025-08-20,4,OTA,EUR,443.58,443.58,True,0.0,True,False,False,False
BK01566,ahmed singh,ahmed.singh254@yahoo.com,Spain,kosher,2025-08-16,2025-08-16,2025-08-19,3,OTA,EUR,423.95,423.95,False,1271.85,True,False,True,False
BK01567,kowalski youssef,youssef.kowalski432@icloud.com,Japan,vegetariana,2025-08-16,2025-08-16,2025-08-19,3,OTA,EUR,467.38,467.38,False,1402.14,True,False,False,False
BK01568,aiko ibrahim,aiko.ibrahim4@yahoo.com,Japan,vegana,2025-08-16,2025-08-16,2025-08-23,7,OTA,EUR,425.72,425.72,False,2980.04,True,False,False,False
BK01569,dmitri fischer,dmitri.fischer593@gmail.com,UAE,internazionale,2025-08-16,2025-08-16,2025-08-21,5,OTA,EUR,449.14,449.14,False,2245.7,True,False,False,False
BK01570,dubois luca,luca.dubois94@gmail.com,Italy,italiana,2025-08-16,2025-08-16,2025-08-19,3,direct,EUR,422.38,422.38,False,1267.14,True,False,False,False
BK01571,chiara kim,chiara.kim802@outlook.com,Spain,internazionale,2025-08-16,2025-08-16,2025-08-19,3,OTA,EUR,423.44,423.44,False,1270.32,True,False,False,False
BK01572,arjun bernard,arjun.bernard333@yahoo.com,USA,internazionale,2025-08-17,2025-08-17,2025-08-22,5,OTA,EUR,415.96,415.96,False,2079.8,True,False,False,False
BK01573,patricia smith,patricia.smith59@outlook.com,USA,senza glutine,2025-08-17,2025-08-17,2025-08-19,2,OTA,EUR,418.81,418.81,False,837.62,True,False,False,True
BK01574,patel priya,priya.patel262@icloud.com,Italy,pesce,2025-08-17,2025-08-17,2025-08-20,3,direct,EUR,427.32,427.32,False,1281.96,True,False,False,False
BK01575,kumar priya,priya.kumar335@yahoo.com,USA,pesce,2025-08-17,2025-08-17,2025-08-22,5,direct,EUR,431.47,431.47,False,2157.35,True,False,False,False
BK01576,jean kaczmarek,jean.kaczmarek736@yahoo.com,Italy,italiana,2025-08-17,2025-08-17,2025-08-19,2,direct,EUR,358.51,358.51,False,717.02,True,False,False,False
BK01577,amelia ferrari,amelia.ferrari277@outlook.com,Switzerland,internazionale,2025-08-18,2025-08-18,2025-08-29,11,OTA,EUR,498.08,498.08,True,0.0,True,False,False,False
BK01578,charlotte romano,charlotte.romano978@yahoo.com,Switzerland,kosher,2025-08-18,2025-08-18,2025-08-23,5,OTA,USD,429.15,394.82,False,1974.1,True,False,False,False
BK01579,ferreira lucia,lucia.ferreira350@yahoo.com,Spain,pesce,2025-08-18,2025-08-18,2025-08-20,2,direct,EUR,435.68,435.68,False,871.36,True,False,False,False
BK01580,giorgia klein,giorgia.klein602@icloud.com,Spain,halal,2025-08-18,2025-08-18,2025-08-20,2,direct,USD,467.45,430.05,False,860.1,True,False,False,False
BK01581,emma sokolov,emma.sokolov395@outlook.com,Switzerland,pesce,2025-08-18,2025-08-18,2025-08-24,6,OTA,USD,446.62,410.89,False,2465.34,True,False,False,False
BK01582,conti david,david.conti170@outlook.com,Netherlands,vegetariana,2025-08-18,2025-08-18,2025-08-25,7,OTA,EUR,428.62,428.62,False,3000.34,True,False,False,False
BK01583,ivanov marco,marco.ivanov955@outlook.com,Spain,pesce,2025-08-18,2025-08-18,2025-08-22,4,OTA,USD,392.85,361.42,False,1445.68,True,False,False,False
BK01584,isabella silva,isabella.silva23@yahoo.com,Germany,italiana,2025-08-18,2025-08-18,2025-08-20,2,OTA,USD,435.44,400.6,False,801.2,True,False,False,False
BK01585,chen marie,marie.chen199@gmail.com,Spain,halal,2025-08-18,2025-08-18,2025-08-26,8,OTA,EUR,384.34,384.34,False,3074.72,True,False,False,False
BK01586,jean petrov,jean.petrov949@outlook.com,Netherlands,italiana,2025-06-27,2025-08-19,2025-08-22,3,OTA,EUR,464.54,464.54,False,1393.62,True,False,False,False
BK01587,conti sara,sara.conti328@icloud.com,Netherlands,halal,2025-08-19,2025-08-19,2025-08-22,3,direct,USD,397.79,365.97,False,1097.91,True,False,False,False
BK01588,aiko muller,aiko.muller757@icloud.com,France,senza glutine,2024-11-11,2025-08-19,2025-08-22,3,direct,EUR,472.59,472.59,False,1417.77,True,False,False,False
BK01589,amelia chen,amelia.chen123@outlook.com,France,halal,2025-08-19,2025-08-19,2025-08-22,3,direct,EUR,470.06,470.06,False,1410.18,True,False,False,False
BK01590,john nowak,john.nowak933@icloud.com,UK,halal,2025-08-19,2025-08-19,2025-08-22,3,OTA,EUR,500.36,500.36,False,1501.08,True,False,False,False
BK01591,ferreira maria,maria.ferreira54@outlook.com,Italy,senza glutine,2025-08-19,2025-08-19,2025-08-22,3,OTA,EUR,496.17,496.17,False,1488.51,True,False,False,False
BK01592,conti erik,erik.conti8@gmail.com,Netherlands,halal,2025-08-19,2025-08-19,2025-08-21,2,direct,EUR,392.17,392.17,False,784.34,True,False,False,False
BK01593,romano sophie,sophie.romano101@icloud.com,Switzerland,halal,2025-08-19,2025-08-19,2025-08-21,2,direct,EUR,463.08,463.08,False,926.16,True,False,False,False
BK01594,isabella petrov,isabella.petrov307@icloud.com,Japan,vegetariana,2025-08-20,2025-08-20,2025-08-24,4,OTA,EUR,424.04,424.04,False,1696.16,True,False,False,False
BK01595,bruno fatima,fatima.bruno722@outlook.com,France,internazionale,2025-08-20,2025-08-20,2025-08-22,2,direct,EUR,399.65,399.65,False,799.3,True,False,False,False
BK01596,klein paolo,paolo.klein998@gmail.com,Japan,internazionale,2025-08-20,2025-08-20,2025-08-26,6,OTA,EUR,342.92,342.92,False,2057.52,True,False,False,False
BK01597,marie weber,marie.weber504@gmail.com,France,halal,2024-09-21,2025-08-21,2025-08-25,4,direct,EUR,412.51,412.51,False,1650.04,True,False,False,False
BK01598,dmitri tanaka,dmitri.tanaka213@icloud.com,Spain,senza glutine,2025-08-21,2025-08-21,2025-08-25,4,OTA,USD,472.53,434.73,False,1738.92,True,False,False,True
BK01599,bruno ingrid,ingrid.bruno838@yahoo.com,Netherlands,kosher,2025-08-21,2025-08-21,2025-08-25,4,OTA,USD,400.4,368.37,False,1473.48,True,False,False,False
BK01600,carlos lefevre,carlos.lefevre584@icloud.com,Netherlands,vegana,2025-08-21,2025-08-21,2025-08-23,2,OTA,EUR,454.84,454.84,False,909.68,True,False,False,False
BK01601,bianchi isabella,isabella.bianchi678@outlook.com,Germany,italiana,2025-08-22,2025-08-22,2025-08-25,3,direct,EUR,361.59,361.59,False,1084.77,True,False,False,False
BK01602,diego muller,diego.muller540@gmail.com,UAE,vegetariana,2025-08-22,2025-08-22,2025-08-24,2,OTA,EUR,421.01,421.01,False,842.02,True,False,False,False
BK01603,fernandez silvia,silvia.fernandez347@yahoo.com,USA,vegetariana,2025-08-22,2025-08-22,2025-08-24,2,direct,EUR,500.19,500.19,False,1000.38,True,False,False,False
BK01604,ingrid weber,ingrid.weber747@yahoo.com,France,pesce,2025-08-22,2025-08-22,2025-08-25,3,OTA,EUR,471.54,471.54,False,1414.62,True,False,False,False
BK01605,fischer kenji,kenji.fischer802@gmail.com,Japan,pesce,2025-08-22,2025-08-22,2025-08-25,3,OTA,USD,515.27,474.05,False,1422.15,True,False,False,False
BK01606,elena kobayashi,elena.kobayashi165@icloud.com,Switzerland,pesce,2025-08-22,2025-08-22,2025-08-30,8,OTA,USD,356.12,327.63,False,2621.04,True,False,False,False
BK01607,isabella smith,isabella.smith918@outlook.com,UK,vegetariana,2025-08-22,2025-08-22,2025-08-24,2,OTA,EUR,481.68,481.68,False,963.36,True,False,False,True
BK01608,lopez sophie,sophie.lopez414@yahoo.com,Netherlands,vegana,2025-08-22,2025-08-22,2025-08-25,3,direct,USD,435.15,400.34,False,1201.02,True,False,False,False
BK01609,camille kobayashi,camille.kobayashi242@outlook.com,France,senza glutine,2025-08-23,2025-08-23,2025-08-25,2,OTA,USD,353.19,324.93,False,649.86,True,False,False,False
BK01610,amelia nowak,amelia.nowak618@icloud.com,Spain,senza glutine,2025-06-15,2025-08-23,2025-08-27,4,OTA,EUR,454.42,454.42,False,1817.68,True,False,False,False
BK01611,girard john,john.girard201@icloud.com,France,internazionale,2025-08-23,2025-08-23,2025-08-27,4,OTA,EUR,467.41,467.41,False,1869.64,True,False,False,False
BK01612,martinez william,william.martinez422@outlook.com,USA,vegana,2025-03-18,2025-08-23,2025-08-29,6,OTA,EUR,464.51,464.51,False,2787.06,True,False,False,True
BK01613,camille wagner,camille.wagner557@gmail.com,Switzerland,internazionale,2025-08-23,2025-08-23,2025-08-30,7,direct,EUR,456.16,456.16,False,3193.12,True,False,False,True
BK01614,fatima tanaka,fatima.tanaka607@gmail.com,France,vegana,2025-08-23,2025-08-23,2025-08-26,3,OTA,EUR,440.12,440.12,False,1320.36,True,False,False,False
BK01615,paolo yamamoto,paolo.yamamoto236@icloud.com,Japan,kosher,2025-08-23,2025-08-23,2025-08-26,3,OTA,EUR,424.84,424.84,False,1274.52,True,False,False,False
BK01616,matteo sokolov,matteo.sokolov482@yahoo.com,Japan,halal,2025-08-23,2025-08-23,2025-08-27,4,OTA,EUR,447.03,447.03,False,1788.12,True,False,False,False
BK01617,ingrid yamamoto,ingrid.yamamoto626@yahoo.com,UAE,vegetariana,2025-08-24,2025-08-24,2025-08-27,3,OTA,EUR,503.85,503.85,False,1511.55,True,False,False,False
BK01618,al-farsi ingrid,ingrid.al-farsi419@yahoo.com,Japan,senza glutine,2025-07-01,2025-08-24,2025-08-27,3,direct,EUR,357.99,357.99,False,1073.97,True,False,False,False
BK01619,klaus meyer,klaus.meyer636@icloud.com,UAE,internazionale,2025-08-24,2025-08-24,2025-08-27,3,OTA,USD,405.94,373.46,False,1120.38,True,False,False,False
BK01620,hassan jean,jean.hassan153@yahoo.com,Spain,pesce,2025-08-24,2025-08-24,2025-08-29,5,direct,EUR,434.01,434.01,False,2170.05,True,False,False,False
BK01621,anna smith,anna.smith752@yahoo.com,UAE,halal,2025-08-24,2025-08-24,2025-08-26,2,OTA,EUR,421.36,421.36,False,842.72,True,False,False,False
BK01622,isabella smith,isabella.smith918@outlook.com,UK,vegetariana,2025-08-22,2025-08-25,2025-08-30,5,OTA,EUR,431.26,431.26,False,2156.3,True,False,False,True
BK01623,astrid klein,astrid.klein115@gmail.com,UK,senza glutine,2025-08-25,2025-08-25,2025-09-01,7,OTA,EUR,434.05,434.05,False,3038.35,True,False,False,False
BK01624,federica nakamura,federica.nakamura772@outlook.com,France,vegetariana,2025-08-25,2025-08-25,2025-08-28,3,direct,EUR,454.19,454.19,False,1362.57,True,False,False,True
BK01625,kumar pierre,pierre.kumar200@outlook.com,Japan,internazionale,2025-08-25,2025-08-25,2025-08-27,2,OTA,USD,409.34,376.59,False,753.18,True,False,False,False
BK01626,al-farsi paolo,paolo.al-farsi339@outlook.com,Germany,halal,2025-08-25,2025-08-25,2025-08-28,3,direct,EUR,399.13,399.13,False,1197.39,True,False,False,False
BK01627,martinez thomas,thomas.martinez742@yahoo.com,Germany,senza glutine,2025-08-25,2025-08-25,2025-08-27,2,OTA,EUR,475.84,475.84,False,951.68,True,False,False,False
BK01628,bernard omar,omar.bernard177@icloud.com,Japan,pesce,2025-08-25,2025-08-25,2025-09-03,9,OTA,USD,431.43,396.92,False,3572.28,True,False,False,False
BK01629,diego ivanov,diego.ivanov35@outlook.com,Germany,vegana,2025-08-25,2025-08-25,2025-08-30,5,direct,EUR,344.91,344.91,False,1724.55,True,False,False,True
BK01630,marino olivia,olivia.marino370@outlook.com,UAE,halal,2025-06-14,2025-08-25,2025-08-28,3,OTA,USD,488.46,449.38,False,1348.14,True,False,False,False
BK01631,silvia singh,silvia.singh323@yahoo.com,UK,italiana,2025-05-06,2025-08-25,2025-08-27,2,direct,EUR,415.69,415.69,False,831.38,True,False,False,True
BK01632,ahmed weber,ahmed.weber766@outlook.com,UAE,kosher,2024-10-16,2025-08-25,2025-08-30,5,OTA,EUR,451.61,451.61,False,2258.05,True,False,False,False
BK01633,greco william,william.greco902@yahoo.com,USA,internazionale,2024-09-10,2025-08-25,2025-08-28,3,OTA,EUR,449.81,449.81,True,0.0,True,False,False,True
BK01634,carlos watanabe,carlos.watanabe873@icloud.com,Spain,senza glutine,2025-08-26,2025-08-26,2025-08-31,5,OTA,EUR,359.34,359.34,False,1796.7,True,False,False,False
BK01635,charlotte marino,charlotte.marino543@outlook.com,Netherlands,kosher,2025-08-26,2025-08-26,2025-08-31,5,OTA,EUR,524.13,524.13,False,2620.65,True,False,False,False
BK01636,chiara muller,chiara.muller720@yahoo.com,Netherlands,vegana,2025-08-26,2025-08-26,2025-08-28,2,direct,EUR,369.27,369.27,False,738.54,True,False,False,False
BK01637,fatima kobayashi,fatima.kobayashi94@yahoo.com,Netherlands,italiana,2025-08-26,2025-08-26,2025-09-01,6,OTA,EUR,397.27,397.27,False,2383.62,True,False,False,False
BK01638,fischer sophie,sophie.fischer499@outlook.com,France,internazionale,2025-01-02,2025-08-26,2025-08-29,3,direct,EUR,385.28,385.28,False,1155.84,True,False,False,False
BK01639,ferreira omar,omar.ferreira674@gmail.com,Netherlands,internazionale,2025-08-26,2025-08-26,2025-08-30,4,direct,EUR,400.08,400.08,False,1600.32,True,False,False,False
BK01640,dmitri martinez,dmitri.martinez595@outlook.com,Italy,vegana,2024-12-05,2025-08-26,2025-08-27,1,direct,EUR,429.12,429.12,False,429.12,True,False,False,False
BK01641,nowak omar,omar.nowak426@outlook.com,Netherlands,italiana,2025-08-26,2025-08-26,2025-08-29,3,OTA,EUR,349.69,349.69,False,1049.07,True,False,False,False
BK01642,emma tanaka,emma.tanaka647@yahoo.com,UAE,vegetariana,2025-08-26,2025-08-26,2025-09-02,7,direct,EUR,377.32,377.32,False,2641.24,True,False,False,False
BK01643,ivanov marie,marie.ivanov353@yahoo.com,Netherlands,internazionale,2025-08-14,2025-08-26,2025-08-31,5,direct,EUR,419.59,419.59,False,2097.95,True,False,False,True
BK01644,amelia lopez,amelia.lopez121@yahoo.com,Japan,italiana,2025-08-26,2025-08-26,2025-08-29,3,OTA,EUR,399.83,399.83,False,1199.49,True,False,False,False
BK01645,james patel,james.patel80@gmail.com,France,vegetariana,2024-12-28,2025-08-27,2025-08-29,2,OTA,EUR,444.15,444.15,False,888.3,True,False,False,False
BK01646,federica romano,federica.romano731@outlook.com,USA,italiana,2025-08-27,2025-08-27,2025-08-30,3,direct,EUR,443.07,443.07,True,0.0,True,False,False,False
BK01647,conti federica,federica.conti570@gmail.com,France,vegetariana,2025-08-27,2025-08-27,2025-08-29,2,OTA,EUR,406.87,406.87,False,813.74,True,False,False,True
BK01648,paolo suzuki,paolo.suzuki877@yahoo.com,USA,internazionale,2025-08-27,2025-08-27,2025-08-30,3,OTA,EUR,413.77,413.77,False,1241.31,True,False,False,False
BK01649,ferreira yuki,yuki.ferreira615@gmail.com,Japan,vegana,2025-06-02,2025-08-27,2025-09-04,8,OTA,EUR,409.72,409.72,False,3277.76,True,False,False,False
BK01650,andrea bianchi,andrea.bianchi952@icloud.com,Italy,vegana,2025-07-02,2025-08-27,2025-08-30,3,direct,USD,460.88,424.01,False,1272.03,True,False,False,True
BK01651,olivia park,olivia.park424@icloud.com,UAE,kosher,2024-09-18,2025-08-27,2025-08-30,3,OTA,EUR,409.67,409.67,True,0.0,True,False,False,False
BK01652,bianchi olivia,olivia.bianchi35@gmail.com,Japan,kosher,2025-08-27,2025-08-27,2025-08-31,4,OTA,USD,404.94,372.54,True,0.0,True,False,False,False
BK01653,dubois ekaterina,ekaterina.dubois878@outlook.com,UK,vegetariana,2025-08-28,2025-08-28,2025-08-31,3,direct,USD,358.69,329.99,False,989.97,True,False,False,False
BK01654,layla wagner,layla.wagner11@yahoo.com,Italy,vegana,2025-08-28,2025-08-28,2025-09-03,6,direct,USD,372.69,342.87,False,2057.22,True,False,False,False
BK01655,ivanov luca,luca.ivanov873@outlook.com,France,internazionale,2025-08-28,2025-08-28,2025-08-30,2,direct,EUR,412.32,412.32,False,824.64,True,False,False,True
BK01656,jean wagner,jean.wagner262@yahoo.com,France,vegetariana,2025-08-28,2025-08-28,2025-08-31,3,direct,EUR,444.35,444.35,False,1333.05,True,False,False,False
BK01657,diego ferreira,diego.ferreira409@yahoo.com,Switzerland,italiana,2025-08-28,2025-08-28,2025-09-02,5,OTA,EUR,385.04,385.04,False,1925.2,True,False,False,False
BK01658,bianchi marie,marie.bianchi825@yahoo.com,Italy,kosher,2025-08-29,2025-08-29,2025-08-31,2,direct,EUR,391.83,391.83,True,0.0,True,False,False,False
BK01659,bruno ekaterina,ekaterina.bruno631@yahoo.com,Netherlands,vegetariana,2025-04-01,2025-08-29,2025-09-02,4,OTA,EUR,455.58,455.58,False,1822.32,True,False,False,True
BK01660,kobayashi sophie,sophie.kobayashi403@icloud.com,Germany,senza glutine,2025-08-29,2025-08-29,2025-09-02,4,direct,EUR,469.01,469.01,False,1876.04,True,False,False,False
BK01661,jean suzuki,jean.suzuki694@icloud.com,Switzerland,halal,2025-08-29,2025-08-29,2025-09-04,6,OTA,EUR,467.06,467.06,False,2802.36,True,False,False,False
BK01662,klein william,william.klein342@gmail.com,Germany,halal,2025-08-29,2025-08-29,2025-08-31,2,direct,USD,369.44,339.88,False,679.76,True,False,False,True
BK01663,diego moreau,diego.moreau678@outlook.com,Switzerland,italiana,2025-08-29,2025-08-29,2025-09-02,4,OTA,EUR,403.97,403.97,False,1615.88,True,False,False,False
BK01664,lopez olivia,olivia.lopez995@icloud.com,Japan,italiana,2024-11-08,2025-08-29,2025-09-05,7,direct,EUR,411.55,411.55,False,2880.85,True,False,False,True
BK01665,bernard william,william.bernard50@outlook.com,Spain,internazionale,2025-08-29,2025-08-29,2025-09-03,5,OTA,EUR,470.6,470.6,False,2353.0,True,False,False,False
BK01666,ferrari sara,sara.ferrari548@yahoo.com,Netherlands,italiana,2025-08-30,2025-08-30,2025-09-05,6,OTA,EUR,494.76,494.76,False,2968.56,True,False,False,False
BK01667,greco valentina,valentina.greco434@yahoo.com,Switzerland,vegana,2025-08-30,2025-08-30,2025-09-02,3,OTA,EUR,438.42,438.42,False,1315.26,True,False,True,False
BK01668,ferrari sophie,sophie.ferrari359@gmail.com,Netherlands,internazionale,2025-08-30,2025-08-30,2025-09-02,3,OTA,EUR,443.88,443.88,True,0.0,True,False,False,False
BK01669,anna bruno,anna.bruno50@icloud.com,France,italiana,2025-08-30,2025-08-30,2025-09-02,3,OTA,EUR,476.39,476.39,False,1429.17,True,False,False,False
BK01670,andrea kumar,andrea.kumar568@icloud.com,Switzerland,kosher,2025-08-30,2025-08-30,2025-09-03,4,OTA,USD,402.66,370.45,False,1481.8,True,False,False,False
BK01671,bernard charlotte,charlotte.bernard771@icloud.com,USA,italiana,2025-08-31,2025-08-31,2025-09-06,6,OTA,EUR,463.22,463.22,False,2779.32,True,False,False,False
BK01672,lefevre maria,maria.lefevre897@outlook.com,UAE,internazionale,2025-08-31,2025-08-31,2025-09-04,4,OTA,USD,309.57,284.8,False,1139.2,True,False,False,False
BK01673,federica kaczmarek,federica.kaczmarek286@gmail.com,Netherlands,senza glutine,2025-08-31,2025-08-31,2025-09-04,4,OTA,EUR,478.07,478.07,False,1912.28,True,False,False,False
BK01674,arjun moreau,arjun.moreau97@outlook.com,Switzerland,vegana,2025-08-31,2025-08-31,2025-09-03,3,OTA,EUR,431.31,431.31,False,1293.93,True,False,False,False
BK01675,andersen camille,camille.andersen722@icloud.com,Italy,senza glutine,2024-12-02,2025-08-31,2025-09-02,2,direct,EUR,413.68,413.68,False,827.36,True,False,False,False
BK01676,sara smith,sara.smith185@outlook.com,France,pesce,2025-08-31,2025-08-31,2025-09-04,4,OTA,EUR,536.92,536.92,True,0.0,True,False,False,True
BK01677,lopez omar,omar.lopez698@outlook.com,USA,pesce,2025-08-31,2025-08-31,2025-09-05,5,direct,EUR,383.93,383.93,False,1919.65,True,False,False,False
BK01678,arjun bruno,arjun.bruno943@yahoo.com,Netherlands,internazionale,2025-09-01,2025-09-01,2025-09-03,2,OTA,EUR,382.21,382.21,False,764.42,True,False,False,True
BK01679,giorgia wagner,giorgia.wagner21@yahoo.com,Spain,vegetariana,2025-07-24,2025-09-01,2025-09-04,3,direct,EUR,425.89,425.89,False,1277.67,True,False,False,True
BK01680,ivanov patricia,patricia.ivanov641@outlook.com,France,italiana,2025-09-01,2025-09-01,2025-09-05,4,direct,EUR,426.21,426.21,False,1704.84,True,False,False,False
BK01681,patricia tanaka,patricia.tanaka442@yahoo.com,Spain,vegetariana,2025-02-09,2025-09-01,2025-09-05,4,OTA,EUR,489.8,489.8,False,1959.2,True,False,False,False
BK01682,giulia ricci,giulia.ricci952@outlook.com,Japan,italiana,2025-09-02,2025-09-02,2025-09-05,3,direct,EUR,437.28,437.28,True,0.0,True,False,False,False
BK01683,olga park,olga.park376@gmail.com,Germany,senza glutine,2025-09-02,2025-09-02,2025-09-05,3,OTA,EUR,417.7,417.7,False,1253.1,True,False,False,False
BK01684,emma lopez,emma.lopez372@outlook.com,Italy,halal,2025-03-14,2025-09-02,2025-09-07,5,direct,EUR,399.67,399.67,True,0.0,True,False,False,True
BK01685,nikolai weber,nikolai.weber131@icloud.com,Switzerland,vegetariana,2025-09-02,2025-09-02,2025-09-05,3,OTA,EUR,464.94,464.94,False,1394.82,True,False,False,False
BK01686,carlos esposito,carlos.esposito327@outlook.com,Netherlands,halal,2025-09-02,2025-09-02,2025-09-04,2,direct,EUR,368.73,368.73,False,737.46,True,False,False,False
BK01687,erik fernandez,erik.fernandez952@gmail.com,France,vegetariana,2025-09-02,2025-09-02,2025-09-05,3,OTA,EUR,420.13,420.13,False,1260.39,True,False,False,False
BK01688,conti youssef,youssef.conti473@yahoo.com,USA,senza glutine,2025-09-02,2025-09-02,2025-09-04,2,OTA,EUR,427.74,427.74,True,0.0,True,False,False,False
BK01689,sophie suzuki,sophie.suzuki471@outlook.com,Germany,italiana,2025-09-02,2025-09-02,2025-09-05,3,OTA,USD,403.12,370.87,True,0.0,True,False,False,False
BK01690,park sophie,sophie.park744@icloud.com,France,senza glutine,2025-09-02,2025-09-02,2025-09-04,2,OTA,EUR,504.8,504.8,False,1009.6,True,False,False,False
BK01691,emma meyer,emma.meyer365@outlook.com,Switzerland,italiana,2025-09-03,2025-09-03,2025-09-07,4,direct,EUR,454.23,454.23,False,1816.92,True,False,False,False
BK01692,andersen francesco,francesco.andersen752@gmail.com,Japan,kosher,2025-09-03,2025-09-03,2025-09-05,2,OTA,EUR,516.33,516.33,False,1032.66,True,False,False,False
BK01693,klaus kumar,klaus.kumar109@icloud.com,UAE,senza glutine,2025-09-03,2025-09-03,2025-09-08,5,OTA,EUR,503.26,503.26,True,0.0,True,False,False,False
BK01694,dmitri esposito,dmitri.esposito567@icloud.com,Italy,internazionale,2025-09-03,2025-09-03,2025-09-07,4,OTA,EUR,442.76,442.76,False,1771.04,True,False,False,False
BK01695,bernard maria,maria.bernard920@yahoo.com,Netherlands,internazionale,2025-09-03,2025-09-03,2025-09-07,4,direct,EUR,385.11,385.11,False,1540.44,True,False,False,False
BK01696,fernandez priya,priya.fernandez240@yahoo.com,Netherlands,vegetariana,2025-09-03,2025-09-03,2025-09-07,4,direct,EUR,447.82,447.82,False,1791.28,True,False,False,False
BK01697,david kumar,david.kumar953@gmail.com,UAE,vegana,2025-09-03,2025-09-03,2025-09-07,4,OTA,EUR,453.38,453.38,False,1813.52,True,False,False,False
BK01698,bernard patricia,patricia.bernard221@outlook.com,USA,vegetariana,2025-09-03,2025-09-03,2025-09-08,5,OTA,USD,392.53,361.13,False,1805.65,True,False,False,False
BK01699,bruno matteo,matteo.bruno809@gmail.com,Spain,internazionale,2025-09-03,2025-09-03,2025-09-08,5,OTA,USD,493.04,453.6,False,2268.0,True,False,False,False
BK01700,chiara smith,chiara.smith582@icloud.com,Japan,senza glutine,2025-09-03,2025-09-03,2025-09-07,4,OTA,EUR,473.66,473.66,False,1894.64,True,False,False,False
BK01701,omar silva,omar.silva732@gmail.com,UAE,italiana,2025-09-03,2025-09-03,2025-09-09,6,direct,EUR,449.73,449.73,False,2698.38,True,False,False,False
BK01702,lopez yuki,yuki.lopez136@icloud.com,UAE,internazionale,2025-09-03,2025-09-03,2025-09-05,2,direct,EUR,438.13,438.13,False,876.26,True,False,False,False
BK01703,fernandez john,john.fernandez101@outlook.com,UK,vegetariana,2025-09-04,2025-09-04,2025-09-06,2,direct,EUR,347.05,347.05,False,694.1,True,False,False,False
BK01704,matteo popov,matteo.popov402@gmail.com,Spain,italiana,2025-09-04,2025-09-04,2025-09-06,2,OTA,EUR,404.63,404.63,False,809.26,True,False,False,False
BK01705,lopez lucia,lucia.lopez35@yahoo.com,Switzerland,halal,2025-09-04,2025-09-04,2025-09-07,3,direct,EUR,375.43,375.43,False,1126.29,True,False,False,False
BK01706,fatima johnson,fatima.johnson770@gmail.com,Switzerland,kosher,2025-09-04,2025-09-04,2025-09-10,6,OTA,EUR,460.12,460.12,False,2760.72,True,False,False,False
BK01707,kenji romano,kenji.romano191@icloud.com,Italy,vegana,2025-09-04,2025-09-04,2025-09-09,5,direct,USD,428.46,394.18,False,1970.9,True,False,False,False
BK01708,alessandro kumar,alessandro.kumar409@icloud.com,UAE,kosher,2025-09-04,2025-09-04,2025-09-09,5,OTA,EUR,500.63,500.63,False,2503.15,True,False,False,False
BK01709,bruno dmitri,dmitri.bruno516@icloud.com,Japan,internazionale,2024-09-28,2025-09-05,2025-09-08,3,direct,EUR,450.65,450.65,False,1351.95,True,False,False,True
BK01710,andrea weber,andrea.weber643@icloud.com,Germany,kosher,2025-01-26,2025-09-05,2025-09-09,4,OTA,EUR,440.6,440.6,False,1762.4,True,False,False,False
BK01711,lucia nakamura,lucia.nakamura419@yahoo.com,Switzerland,pesce,2025-09-05,2025-09-05,2025-09-08,3,direct,EUR,360.04,360.04,False,1080.12,True,False,False,False
BK01712,camille nowak,camille.nowak566@yahoo.com,UK,internazionale,2025-09-05,2025-09-05,2025-09-08,3,OTA,EUR,367.56,367.56,False,1102.68,True,False,False,False
BK01713,bernard federica,federica.bernard786@outlook.com,Germany,italiana,2025-09-05,2025-09-05,2025-09-06,1,direct,USD,361.18,332.29,False,332.29,True,False,False,False
BK01714,leroy matteo,matteo.leroy223@gmail.com,USA,senza glutine,2025-09-05,2025-09-05,2025-09-12,7,direct,EUR,349.13,349.13,False,2443.91,True,False,False,False
BK01715,dmitri smith,dmitri.smith331@outlook.com,USA,kosher,2025-09-06,2025-09-06,2025-09-11,5,OTA,EUR,467.16,467.16,False,2335.8,True,False,False,False
BK01716,amelia sharma,amelia.sharma816@yahoo.com,UAE,kosher,2025-09-06,2025-09-06,2025-09-14,8,OTA,EUR,363.54,363.54,False,2908.32,True,False,False,False
BK01717,james silva,james.silva14@yahoo.com,UK,italiana,2025-09-06,2025-09-06,2025-09-09,3,OTA,USD,411.57,378.64,True,0.0,True,False,False,False
BK01718,matteo weber,matteo.weber624@gmail.com,Switzerland,halal,2025-09-06,2025-09-06,2025-09-10,4,OTA,EUR,461.63,461.63,False,1846.52,True,False,False,False
BK01719,kobayashi patricia,patricia.kobayashi153@yahoo.com,Germany,pesce,2025-09-06,2025-09-06,2025-09-07,1,OTA,EUR,378.16,378.16,False,378.16,True,False,False,False
BK01720,ananya andersen,ananya.andersen747@icloud.com,USA,pesce,2025-09-06,2025-09-06,2025-09-13,7,OTA,EUR,433.53,433.53,False,3034.71,True,False,False,False
BK01721,ferreira youssef,youssef.ferreira284@icloud.com,Switzerland,vegana,2025-09-06,2025-09-06,2025-09-10,4,direct,USD,438.8,403.7,False,1614.8,True,False,False,False
BK01722,leroy patricia,patricia.leroy644@gmail.com,USA,senza glutine,2025-09-07,2025-09-07,2025-09-12,5,direct,EUR,406.86,406.86,False,2034.3,True,False,False,True
BK01723,nikolai schmidt,nikolai.schmidt761@yahoo.com,France,internazionale,2025-09-07,2025-09-07,2025-09-10,3,direct,USD,363.56,334.48,False,1003.44,True,False,False,False
BK01724,andersen isabella,isabella.andersen871@yahoo.com,Italy,halal,2025-09-07,2025-09-07,2025-09-09,2,OTA,USD,463.26,426.2,False,852.4,True,False,False,False
BK01725,andrea marino,andrea.marino623@icloud.com,Netherlands,kosher,2025-09-07,2025-09-07,2025-09-09,2,direct,EUR,428.75,428.75,False,857.5,True,False,False,False
BK01726,marie silva,marie.silva53@yahoo.com,France,senza glutine,2025-09-07,2025-09-07,2025-09-09,2,OTA,EUR,475.61,475.61,False,951.22,True,False,False,False
BK01727,erik kobayashi,erik.kobayashi106@icloud.com,Germany,kosher,2025-09-08,2025-09-08,2025-09-10,2,OTA,EUR,405.15,405.15,False,810.3,True,False,False,True
BK01728,david tanaka,david.tanaka910@icloud.com,France,pesce,2025-09-08,2025-09-08,2025-09-11,3,OTA,EUR,458.15,458.15,False,1374.45,True,False,False,False
BK01729,diego schmidt,diego.schmidt89@yahoo.com,Italy,internazionale,2025-09-08,2025-09-08,2025-09-11,3,OTA,USD,447.07,411.3,False,1233.9,True,False,False,False
BK01730,al-farsi marco,marco.al-farsi730@icloud.com,Switzerland,internazionale,2025-09-08,2025-09-08,2025-09-12,4,OTA,EUR,478.61,478.61,False,1914.44,True,False,False,False
BK01731,andrea nowak,andrea.nowak384@outlook.com,Spain,kosher,2025-09-08,2025-09-08,2025-09-13,5,OTA,EUR,436.48,436.48,False,2182.4,True,False,False,False
BK01732,fatima lopez,fatima.lopez743@gmail.com,Spain,halal,2024-11-07,2025-09-08,2025-09-11,3,OTA,EUR,366.48,366.48,False,1099.44,True,False,False,False
BK01733,klaus nowak,klaus.nowak879@icloud.com,France,vegana,2025-09-08,2025-09-08,2025-09-10,2,OTA,USD,472.92,435.09,False,870.18,True,False,False,False
BK01734,matteo patel,matteo.patel566@yahoo.com,Japan,kosher,2025-09-08,2025-09-08,2025-09-11,3,direct,USD,430.56,396.12,False,1188.36,True,False,False,False
BK01735,ekaterina suzuki,ekaterina.suzuki590@gmail.com,USA,halal,2025-06-29,2025-09-08,2025-09-10,2,direct,EUR,407.11,407.11,False,814.22,True,False,False,False
BK01736,dubois olga,olga.dubois671@icloud.com,Netherlands,kosher,2025-09-08,2025-09-08,2025-09-14,6,OTA,EUR,445.95,445.95,False,2675.7,True,False,False,False
BK01737,nakamura robert,robert.nakamura619@yahoo.com,UAE,vegana,2025-09-08,2025-09-08,2025-09-13,5,OTA,EUR,460.19,460.19,False,2300.95,True,False,False,False
BK01738,girard william,william.girard321@gmail.com,Switzerland,vegetariana,2025-09-08,2025-09-08,2025-09-11,3,direct,USD,475.26,437.24,False,1311.72,True,False,False,False
BK01739,sara tanaka,sara.tanaka622@icloud.com,Spain,vegana,2025-09-08,2025-09-08,2025-09-12,4,direct,USD,411.71,378.77,False,1515.08,True,False,False,False
BK01740,david kobayashi,david.kobayashi821@outlook.com,USA,vegana,2025-09-08,2025-09-08,2025-09-13,5,direct,EUR,446.23,446.23,False,2231.15,True,False,False,False
BK01741,dmitri silva,dmitri.silva522@yahoo.com,Germany,vegetariana,2025-09-09,2025-09-09,2025-09-15,6,OTA,EUR,506.94,506.94,False,3041.64,True,False,False,False
BK01742,colombo giulia,giulia.colombo367@outlook.com,Netherlands,vegana,2025-09-09,2025-09-09,2025-09-12,3,direct,EUR,370.47,370.47,False,1111.41,True,False,False,False
BK01743,robert singh,robert.singh298@yahoo.com,France,italiana,2025-09-09,2025-09-09,2025-09-11,2,OTA,EUR,486.26,486.26,False,972.52,True,False,False,False
BK01744,robert smith,robert.smith686@yahoo.com,Spain,internazionale,2025-09-09,2025-09-09,2025-09-15,6,OTA,EUR,448.79,448.79,False,2692.74,True,False,False,False
BK01745,alessandro marino,alessandro.marino973@gmail.com,Switzerland,italiana,2025-09-09,2025-09-09,2025-09-12,3,direct,EUR,359.25,359.25,False,1077.75,True,False,False,True
BK01746,amelia bernard,amelia.bernard715@icloud.com,USA,vegetariana,2025-09-09,2025-09-09,2025-09-14,5,OTA,USD,441.57,406.24,False,2031.2,True,False,False,False
BK01747,ferrari layla,layla.ferrari410@outlook.com,France,pesce,2025-09-09,2025-09-09,2025-09-12,3,OTA,EUR,427.19,427.19,False,1281.57,True,False,False,False
BK01748,giorgia yamamoto,giorgia.yamamoto117@yahoo.com,USA,vegetariana,2025-09-09,2025-09-09,2025-09-11,2,direct,EUR,492.56,492.56,False,985.12,True,False,False,False
BK01749,giorgia marino,giorgia.marino811@icloud.com,Netherlands,senza glutine,2025-09-10,2025-09-10,2025-09-13,3,OTA,EUR,391.03,391.03,False,1173.09,True,False,False,False
BK01750,bruno giulia,giulia.bruno777@icloud.com,Spain,halal,2025-09-10,2025-09-10,2025-09-14,4,direct,USD,495.79,456.13,False,1824.52,True,False,False,False
BK01751,ahmed suzuki,ahmed.suzuki602@gmail.com,France,vegetariana,2025-09-10,2025-09-10,2025-09-11,1,direct,EUR,377.07,377.07,False,377.07,True,False,False,True
BK01752,ricci sophie,sophie.ricci471@outlook.com,UAE,vegana,2025-09-10,2025-09-10,2025-09-13,3,OTA,EUR,385.36,385.36,False,1156.08,True,False,False,False
BK01753,anna costa,anna.costa153@icloud.com,Spain,internazionale,2025-09-10,2025-09-10,2025-09-20,10,direct,EUR,465.54,465.54,False,4655.4,True,False,False,False
BK01754,charlotte kaczmarek,charlotte.kaczmarek806@icloud.com,UK,vegana,2025-09-10,2025-09-10,2025-09-13,3,OTA,USD,456.09,419.6,False,1258.8,True,False,False,False
BK01755,giorgia suzuki,giorgia.suzuki78@outlook.com,Netherlands,vegetariana,2025-09-10,2025-09-10,2025-09-13,3,OTA,EUR,401.64,401.64,False,1204.92,True,False,False,False
BK01756,anna yamamoto,anna.yamamoto274@icloud.com,UAE,vegana,2025-09-10,2025-09-10,2025-09-14,4,direct,EUR,412.58,412.58,False,1650.32,True,False,False,False
BK01757,andersen valentina,valentina.andersen186@yahoo.com,UAE,internazionale,2025-09-10,2025-09-10,2025-09-11,1,direct,EUR,383.29,383.29,False,383.29,True,False,False,False
BK01758,ingrid meyer,ingrid.meyer82@yahoo.com,UAE,kosher,2025-09-10,2025-09-10,2025-09-13,3,direct,EUR,387.65,387.65,False,1162.95,True,False,False,False
BK01759,johnson lucia,lucia.johnson261@gmail.com,Switzerland,vegana,2025-09-11,2025-09-11,2025-09-16,5,OTA,USD,416.99,383.63,False,1918.15,True,False,False,False
BK01760,anna nakamura,anna.nakamura260@outlook.com,Japan,italiana,2025-09-11,2025-09-11,2025-09-15,4,OTA,EUR,438.21,438.21,False,1752.84,True,False,False,False
BK01761,carlos colombo,carlos.colombo353@yahoo.com,Japan,italiana,2024-12-06,2025-09-11,2025-09-14,3,OTA,EUR,427.28,427.28,True,0.0,True,False,False,False
BK01762,jean sokolov,jean.sokolov256@yahoo.com,USA,internazionale,2025-09-11,2025-09-11,2025-09-18,7,OTA,EUR,448.25,448.25,False,3137.75,True,False,False,False
BK01763,bianchi ingrid,ingrid.bianchi933@yahoo.com,UAE,senza glutine,2025-09-12,2025-09-12,2025-09-15,3,direct,EUR,407.33,407.33,False,1221.99,True,False,False,False
BK01764,klaus schmidt,klaus.schmidt593@yahoo.com,UAE,vegetariana,2025-09-12,2025-09-12,2025-09-19,7,direct,EUR,329.91,329.91,False,2309.37,True,False,False,False
BK01765,chiara ferreira,chiara.ferreira880@yahoo.com,UK,internazionale,2025-09-12,2025-09-12,2025-09-17,5,direct,USD,418.48,385.0,False,1925.0,True,False,False,False
BK01766,emma kowalski,emma.kowalski425@gmail.com,Netherlands,vegetariana,2025-09-12,2025-09-12,2025-09-14,2,OTA,USD,383.93,353.22,False,706.44,True,False,False,False
BK01767,bianchi olga,olga.bianchi482@yahoo.com,Japan,senza glutine,2025-09-13,2025-09-13,2025-09-20,7,OTA,EUR,427.67,427.67,False,2993.69,True,False,False,False
BK01768,ahmed nowak,ahmed.nowak654@gmail.com,USA,senza glutine,2025-09-13,2025-09-13,2025-09-18,5,direct,EUR,383.33,383.33,False,1916.65,True,False,False,False
BK01769,andrea ricci,andrea.ricci39@gmail.com,Germany,senza glutine,2025-09-13,2025-09-13,2025-09-16,3,direct,EUR,354.58,354.58,False,1063.74,True,False,False,False
BK01770,amelia andersen,amelia.andersen979@yahoo.com,Germany,senza glutine,2025-09-13,2025-09-13,2025-09-21,8,direct,EUR,389.72,389.72,False,3117.76,True,False,False,False
BK01771,maria weber,maria.weber916@icloud.com,Japan,vegana,2025-09-13,2025-09-13,2025-09-18,5,direct,EUR,418.19,418.19,False,2090.95,True,False,False,False
BK01772,bruno robert,robert.bruno713@gmail.com,France,kosher,2025-09-13,2025-09-13,2025-09-16,3,direct,EUR,433.86,433.86,False,1301.58,True,False,False,True
BK01773,henri silva,henri.silva691@gmail.com,France,internazionale,2025-09-13,2025-09-13,2025-09-15,2,OTA,EUR,323.12,323.12,False,646.24,True,False,False,False
BK01774,kowalski sophie,sophie.kowalski693@yahoo.com,Netherlands,internazionale,2025-09-13,2025-09-13,2025-09-17,4,direct,EUR,481.24,481.24,False,1924.96,True,False,False,False
BK01775,marie marino,marie.marino657@gmail.com,UK,italiana,2025-09-13,2025-09-13,2025-09-18,5,direct,USD,360.91,332.04,True,0.0,True,False,False,False
BK01776,amelia kaczmarek,amelia.kaczmarek555@outlook.com,UK,vegetariana,2025-09-13,2025-09-13,2025-09-16,3,OTA,EUR,422.81,422.81,False,1268.43,True,False,False,False
BK01777,alessandro suzuki,alessandro.suzuki437@icloud.com,USA,vegetariana,2025-06-04,2025-09-13,2025-09-18,5,OTA,EUR,476.78,476.78,False,2383.9,True,False,False,False
BK01778,hans yamamoto,hans.yamamoto68@outlook.com,Switzerland,vegana,2025-09-14,2025-09-14,2025-09-17,3,OTA,EUR,413.92,413.92,False,1241.76,True,False,False,False
BK01779,fischer lucia,lucia.fischer930@icloud.com,Germany,internazionale,2025-07-05,2025-09-14,2025-09-16,2,direct,EUR,395.72,395.72,False,791.44,True,False,False,True
BK01780,arjun nakamura,arjun.nakamura140@outlook.com,France,vegana,2025-09-14,2025-09-14,2025-09-17,3,OTA,EUR,416.63,416.63,True,0.0,True,False,False,False
BK01781,camille klein,camille.klein154@gmail.com,Netherlands,senza glutine,2025-09-14,2025-09-14,2025-09-19,5,OTA,EUR,465.96,465.96,False,2329.8,True,False,False,False
BK01782,ivanov priya,priya.ivanov903@yahoo.com,Switzerland,internazionale,2025-09-14,2025-09-14,2025-09-17,3,direct,EUR,419.3,419.3,False,1257.9,True,False,False,False
BK01783,maria meyer,maria.meyer780@gmail.com,UAE,italiana,2025-09-14,2025-09-14,2025-09-16,2,OTA,EUR,458.91,458.91,True,0.0,True,False,False,False
BK01784,ahmed greco,ahmed.greco242@yahoo.com,Japan,halal,2025-09-14,2025-09-14,2025-09-17,3,OTA,EUR,434.99,434.99,False,1304.97,True,False,False,False
BK01785,sophie yamamoto,sophie.yamamoto738@yahoo.com,USA,vegana,2025-09-14,2025-09-14,2025-09-18,4,direct,EUR,406.41,406.41,False,1625.64,True,False,False,False
BK01786,patel yuki,yuki.patel898@yahoo.com,USA,vegana,2025-09-14,2025-09-14,2025-09-17,3,OTA,EUR,496.53,496.53,False,1489.59,True,False,False,False
BK01787,ekaterina kaczmarek,ekaterina.kaczmarek628@yahoo.com,Switzerland,senza glutine,2025-09-14,2025-09-14,2025-09-18,4,OTA,EUR,400.94,400.94,False,1603.76,True,False,False,False
BK01788,bruno marco,marco.bruno901@yahoo.com,Germany,italiana,2025-09-14,2025-09-14,2025-09-16,2,direct,EUR,405.55,405.55,False,811.1,True,False,False,False
BK01789,ricci simone,simone.ricci282@outlook.com,Spain,senza glutine,2025-09-15,2025-09-15,2025-09-18,3,OTA,EUR,393.74,393.74,False,1181.22,True,False,False,False
BK01790,paolo sharma,paolo.sharma507@yahoo.com,UK,vegana,2025-09-15,2025-09-15,2025-09-19,4,OTA,EUR,450.37,450.37,False,1801.48,True,False,False,False
BK01791,kenji nilsson,kenji.nilsson815@icloud.com,UK,vegana,2025-09-15,2025-09-15,2025-09-18,3,direct,EUR,371.25,371.25,False,1113.75,True,False,False,False
BK01792,elena sharma,elena.sharma30@outlook.com,Spain,kosher,2025-09-15,2025-09-15,2025-09-19,4,direct,EUR,350.46,350.46,False,1401.84,True,False,False,False
BK01793,layla weber,layla.weber394@outlook.com,Spain,vegetariana,2025-09-15,2025-09-15,2025-09-18,3,OTA,EUR,467.13,467.13,False,1401.39,True,False,False,False
BK01794,kobayashi omar,omar.kobayashi690@outlook.com,France,pesce,2025-09-15,2025-09-15,2025-09-21,6,OTA,EUR,394.33,394.33,True,0.0,True,False,False,False
BK01795,kowalski luca,luca.kowalski116@yahoo.com,USA,vegetariana,2025-09-15,2025-09-15,2025-09-19,4,direct,EUR,426.16,426.16,False,1704.64,True,False,False,False
BK01796,nilsson william,william.nilsson43@yahoo.com,Netherlands,vegana,2025-09-15,2025-09-15,2025-09-16,1,OTA,USD,401.32,369.21,False,369.21,True,False,False,False
BK01797,meyer sara,sara.meyer429@icloud.com,Germany,halal,2025-09-15,2025-09-15,2025-09-20,5,OTA,EUR,412.56,412.56,False,2062.8,True,False,False,False
BK01798,costa james,james.costa994@gmail.com,Germany,halal,2025-03-26,2025-09-16,2025-09-21,5,OTA,EUR,441.94,441.94,False,2209.7,True,False,False,False
BK01799,alessandro bernard,alessandro.bernard432@gmail.com,Netherlands,kosher,2025-09-16,2025-09-16,2025-09-19,3,OTA,EUR,426.89,426.89,False,1280.67,True,False,False,False
BK01800,layla sokolov,layla.sokolov8@gmail.com,Spain,kosher,2025-09-16,2025-09-16,2025-09-17,1,OTA,USD,465.83,428.56,False,428.56,True,False,False,False
BK01801,silvia smith,silvia.smith851@gmail.com,UAE,halal,2025-09-16,2025-09-16,2025-09-19,3,OTA,EUR,423.52,423.52,False,1270.56,True,False,False,True
BK01802,sara sokolov,sara.sokolov954@gmail.com,USA,vegetariana,2025-09-16,2025-09-16,2025-09-21,5,direct,EUR,403.54,403.54,False,2017.7,True,False,False,False
BK01803,al-farsi olga,olga.al-farsi41@outlook.com,UK,pesce,2025-09-16,2025-09-16,2025-09-19,3,OTA,EUR,412.77,412.77,False,1238.31,True,False,False,True
BK01804,fatima silva,fatima.silva969@outlook.com,UAE,vegana,2025-09-16,2025-09-16,2025-09-20,4,OTA,USD,420.13,386.52,False,1546.08,True,False,False,False
BK01805,fatima nakamura,fatima.nakamura133@icloud.com,Japan,italiana,2025-05-25,2025-09-16,2025-09-21,5,direct,EUR,433.27,433.27,False,2166.35,True,False,False,False
BK01806,carlos nowak,carlos.nowak542@outlook.com,UAE,italiana,2025-01-24,2025-09-17,2025-09-21,4,OTA,EUR,457.7,457.7,False,1830.8,True,False,False,False
BK01807,chen thomas,thomas.chen43@icloud.com,Switzerland,senza glutine,2025-06-28,2025-09-17,2025-09-19,2,direct,EUR,379.85,379.85,False,759.7,True,False,False,False
BK01808,kumar simone,simone.kumar671@gmail.com,UK,italiana,2025-09-17,2025-09-17,2025-09-20,3,direct,EUR,390.61,390.61,False,1171.83,True,False,False,False
BK01809,colombo dmitri,dmitri.colombo346@icloud.com,Spain,senza glutine,2025-09-17,2025-09-17,2025-09-21,4,OTA,EUR,466.79,466.79,False,1867.16,True,False,False,False
BK01810,federica wagner,federica.wagner569@outlook.com,Germany,italiana,2025-09-17,2025-09-17,2025-09-20,3,OTA,EUR,448.25,448.25,False,1344.75,True,False,False,False
BK01811,arjun marino,arjun.marino531@icloud.com,Japan,kosher,2024-12-15,2025-09-17,2025-09-20,3,OTA,USD,454.9,418.51,False,1255.53,True,False,False,False
BK01812,lopez olga,olga.lopez870@outlook.com,Netherlands,internazionale,2025-09-17,2025-09-17,2025-09-20,3,direct,EUR,398.28,398.28,False,1194.84,True,False,False,False
BK01813,ananya nilsson,ananya.nilsson310@icloud.com,Spain,halal,2025-09-17,2025-09-17,2025-09-19,2,OTA,USD,389.06,357.94,False,715.88,True,False,False,False
BK01814,andersen sophie,sophie.andersen39@icloud.com,USA,italiana,2025-09-17,2025-09-17,2025-09-20,3,OTA,EUR,484.2,484.2,False,1452.6,True,False,False,False
BK01815,ananya kobayashi,ananya.kobayashi399@yahoo.com,France,pesce,2025-09-17,2025-09-17,2025-09-19,2,direct,EUR,445.41,445.41,False,890.82,True,False,False,False
BK01816,isabella ricci,isabella.ricci701@gmail.com,Germany,internazionale,2025-09-18,2025-09-18,2025-09-22,4,OTA,USD,398.93,367.02,False,1468.08,True,False,False,False
BK01817,camille singh,camille.singh702@outlook.com,Italy,vegana,2025-09-18,2025-09-18,2025-09-20,2,OTA,EUR,390.91,390.91,False,781.82,True,False,False,False
BK01818,chiara moreau,chiara.moreau19@yahoo.com,UK,vegetariana,2025-07-25,2025-09-18,2025-09-22,4,direct,EUR,386.11,386.11,False,1544.44,True,False,False,False
BK01819,andersen giulia,giulia.andersen900@yahoo.com,Japan,kosher,2024-09-13,2025-09-18,2025-09-22,4,OTA,EUR,389.13,389.13,False,1556.52,True,False,False,False
BK01820,johnson olga,olga.johnson132@gmail.com,Japan,internazionale,2025-09-18,2025-09-18,2025-09-26,8,direct,EUR,428.9,428.9,False,3431.2,True,False,False,False
BK01821,al-farsi simone,simone.al-farsi839@outlook.com,Italy,vegetariana,2025-09-18,2025-09-18,2025-09-20,2,direct,EUR,350.96,350.96,False,701.92,True,False,False,False
BK01822,colombo paolo,paolo.colombo114@outlook.com,USA,pesce,2025-09-18,2025-09-18,2025-09-24,6,OTA,USD,456.93,420.38,False,2522.28,True,False,False,False
BK01823,amelia girard,amelia.girard642@gmail.com,France,halal,2025-09-18,2025-09-18,2025-09-20,2,direct,EUR,356.55,356.55,False,713.1,True,False,False,False
BK01824,andersen diego,diego.andersen206@gmail.com,UK,vegana,2025-09-18,2025-09-18,2025-09-24,6,direct,EUR,438.01,438.01,False,2628.06,True,False,False,False
BK01825,david meyer,david.meyer352@outlook.com,Spain,pesce,2025-09-19,2025-09-19,2025-10-03,14,direct,EUR,428.91,428.91,False,6004.74,True,False,False,False
BK01826,bruno laura,laura.bruno776@gmail.com,Japan,internazionale,2025-09-19,2025-09-19,2025-09-23,4,OTA,EUR,534.37,534.37,False,2137.48,True,False,False,False
BK01827,jean silva,jean.silva867@gmail.com,Italy,italiana,2025-06-01,2025-09-19,2025-09-23,4,direct,EUR,448.74,448.74,False,1794.96,True,False,False,True
BK01828,hans meyer,hans.meyer476@outlook.com,Spain,kosher,2025-09-19,2025-09-19,2025-09-21,2,OTA,EUR,422.09,422.09,False,844.18,True,False,False,False
BK01829,sharma valentina,valentina.sharma847@yahoo.com,USA,vegana,2025-09-19,2025-09-19,2025-09-26,7,direct,EUR,379.84,379.84,False,2658.88,True,False,False,False
BK01830,maria muller,maria.muller617@gmail.com,France,internazionale,2025-09-19,2025-09-19,2025-09-24,5,OTA,EUR,414.15,414.15,False,2070.75,True,False,False,False
BK01831,lefevre marie,marie.lefevre533@icloud.com,Netherlands,kosher,2025-09-19,2025-09-19,2025-09-26,7,OTA,EUR,380.24,380.24,False,2661.68,True,False,False,False
BK01832,ibrahim isabella,isabella.ibrahim269@icloud.com,Switzerland,internazionale,2025-09-19,2025-09-19,2025-09-21,2,OTA,USD,390.57,359.32,False,718.64,True,False,False,False
BK01833,ekaterina ibrahim,ekaterina.ibrahim658@icloud.com,Switzerland,pesce,2024-11-14,2025-09-19,2025-09-22,3,OTA,EUR,423.76,423.76,False,1271.28,True,False,False,True
BK01834,greco marie,marie.greco356@outlook.com,Germany,senza glutine,2025-09-19,2025-09-19,2025-09-23,4,direct,USD,387.38,356.39,False,1425.56,True,False,False,False
BK01835,andersen luca,luca.andersen574@yahoo.com,UAE,internazionale,2025-09-19,2025-09-19,2025-09-20,1,direct,USD,378.69,348.39,False,348.39,True,False,False,False
BK01836,fatima kumar,fatima.kumar250@outlook.com,Germany,kosher,2024-12-06,2025-09-19,2025-09-21,2,direct,USD,352.6,324.39,False,648.78,True,False,False,True
BK01837,andersen maria,maria.andersen742@outlook.com,Switzerland,italiana,2025-09-19,2025-09-19,2025-09-22,3,direct,EUR,358.88,358.88,False,1076.64,True,False,False,False
BK01838,giulia suzuki,giulia.suzuki307@icloud.com,Switzerland,senza glutine,2025-09-19,2025-09-19,2025-09-25,6,OTA,USD,454.01,417.69,False,2506.14,True,False,False,False
BK01839,hassan olivia,olivia.hassan638@gmail.com,Spain,italiana,2025-09-19,2025-09-19,2025-09-22,3,direct,USD,437.05,402.09,False,1206.27,True,False,False,False
BK01840,chen youssef,youssef.chen99@yahoo.com,UAE,pesce,2025-09-19,2025-09-19,2025-09-22,3,direct,EUR,436.99,436.99,True,0.0,True,False,False,False
BK01841,laura park,laura.park346@gmail.com,UK,pesce,2025-09-19,2025-09-19,2025-09-21,2,OTA,EUR,420.31,420.31,False,840.62,True,False,False,False
BK01842,bruno priya,priya.bruno210@gmail.com,UK,halal,2025-09-19,2025-09-19,2025-09-24,5,direct,EUR,371.98,371.98,False,1859.9,True,False,False,False
BK01843,robert sokolov,robert.sokolov502@yahoo.com,France,vegana,2025-09-19,2025-09-19,2025-09-22,3,OTA,EUR,500.16,500.16,False,1500.48,True,False,False,False
BK01844,greco olga,olga.greco476@yahoo.com,Switzerland,senza glutine,2025-09-20,2025-09-20,2025-09-23,3,OTA,EUR,442.77,442.77,False,1328.31,True,False,True,False
BK01845,ferrari pierre,pierre.ferrari543@yahoo.com,Japan,vegana,2025-09-20,2025-09-20,2025-09-26,6,direct,EUR,394.97,394.97,False,2369.82,True,False,False,False
BK01846,anna fischer,anna.fischer492@gmail.com,France,vegetariana,2025-09-20,2025-09-20,2025-09-22,2,direct,EUR,366.48,366.48,False,732.96,True,False,False,True
BK01847,ibrahim robert,robert.ibrahim973@icloud.com,Germany,italiana,2025-09-20,2025-09-20,2025-09-29,9,OTA,USD,456.05,419.57,False,3776.13,True,False,False,False
BK01848,marie yamamoto,marie.yamamoto456@yahoo.com,Japan,italiana,2025-09-20,2025-09-20,2025-09-28,8,OTA,EUR,398.51,398.51,False,3188.08,True,False,False,False
BK01849,kowalski laura,laura.kowalski446@outlook.com,Japan,kosher,2024-10-08,2025-09-20,2025-09-22,2,direct,EUR,439.66,439.66,False,879.32,True,False,False,False
BK01850,fischer francesco,francesco.fischer302@icloud.com,Spain,kosher,2025-09-20,2025-09-20,2025-09-24,4,direct,USD,355.97,327.49,False,1309.96,True,False,False,False
BK01851,kim robert,robert.kim728@yahoo.com,UK,halal,2025-09-20,2025-09-20,2025-09-25,5,direct,EUR,438.94,438.94,False,2194.7,True,False,False,False
BK01852,colombo priya,priya.colombo717@gmail.com,Netherlands,vegetariana,2025-09-21,2025-09-21,2025-09-24,3,OTA,EUR,437.57,437.57,True,0.0,True,False,False,False
BK01853,omar romano,omar.romano975@gmail.com,UK,vegetariana,2025-09-21,2025-09-21,2025-09-25,4,direct,EUR,337.3,337.3,False,1349.2,True,False,False,False
BK01854,silvia singh,silvia.singh323@yahoo.com,UK,italiana,2025-05-06,2025-09-21,2025-09-26,5,direct,EUR,395.86,395.86,False,1979.3,True,False,False,True
BK01855,aiko watanabe,aiko.watanabe475@outlook.com,USA,halal,2025-06-21,2025-09-21,2025-09-23,2,direct,EUR,416.8,416.8,False,833.6,True,False,False,True
BK01856,lucia weber,lucia.weber859@gmail.com,USA,kosher,2025-09-21,2025-09-21,2025-09-24,3,OTA,EUR,422.93,422.93,False,1268.79,True,False,False,False
BK01857,ibrahim yuki,yuki.ibrahim13@yahoo.com,Japan,kosher,2025-09-21,2025-09-21,2025-09-23,2,OTA,EUR,480.6,480.6,True,0.0,True,False,False,True
BK01858,anna martinez,anna.martinez696@gmail.com,UK,internazionale,2025-09-21,2025-09-21,2025-09-25,4,OTA,EUR,461.59,461.59,False,1846.36,True,False,False,False
BK01859,colombo olga,olga.colombo74@outlook.com,Japan,pesce,2025-09-21,2025-09-21,2025-09-23,2,OTA,EUR,468.4,468.4,False,936.8,True,False,False,False
BK01860,novak paolo,paolo.novak848@gmail.com,Italy,vegana,2025-09-21,2025-09-21,2025-09-24,3,OTA,EUR,420.55,420.55,False,1261.65,True,False,False,False
BK01861,garcia paolo,paolo.garcia87@icloud.com,Spain,vegetariana,2025-09-22,2025-09-22,2025-09-26,4,OTA,EUR,427.39,427.39,False,1709.56,True,False,False,False
BK01862,andrea girard,andrea.girard24@outlook.com,France,pesce,2024-09-22,2025-09-22,2025-09-25,3,OTA,EUR,453.99,453.99,False,1361.97,True,False,False,True
BK01863,paolo rossi,paolo.rossi37@yahoo.com,France,internazionale,2025-09-22,2025-09-22,2025-09-28,6,direct,EUR,476.16,476.16,False,2856.96,True,False,False,False
BK01864,astrid bianchi,astrid.bianchi931@gmail.com,USA,kosher,2025-09-22,2025-09-22,2025-09-25,3,OTA,USD,476.32,438.21,False,1314.63,True,False,False,False
BK01865,kumar sophie,sophie.kumar213@icloud.com,USA,vegetariana,2025-09-22,2025-09-22,2025-09-25,3,direct,EUR,441.25,441.25,False,1323.75,True,False,False,False
BK01866,kim silvia,silvia.kim16@gmail.com,UK,halal,2025-09-22,2025-09-22,2025-09-26,4,direct,EUR,408.45,408.45,False,1633.8,True,False,False,False
BK01867,chiara girard,chiara.girard752@outlook.com,Italy,kosher,2025-09-22,2025-09-22,2025-09-25,3,direct,EUR,446.35,446.35,True,0.0,True,False,False,False
BK01868,carlos singh,carlos.singh977@icloud.com,USA,halal,2025-09-23,2025-09-23,2025-09-26,3,OTA,USD,431.25,396.75,False,1190.25,True,False,False,False
BK01869,bernard thomas,thomas.bernard68@gmail.com,Japan,vegana,2025-09-23,2025-09-23,2025-09-26,3,direct,USD,441.16,405.87,False,1217.61,True,False,False,False
BK01870,jean romano,jean.romano990@outlook.com,UK,pesce,2025-09-23,2025-09-23,2025-09-25,2,OTA,EUR,367.54,367.54,False,735.08,True,False,False,True
BK01871,amelia ibrahim,amelia.ibrahim771@gmail.com,Switzerland,vegetariana,2025-09-23,2025-09-23,2025-09-29,6,direct,EUR,369.38,369.38,False,2216.28,True,False,False,False
BK01872,andersen robert,robert.andersen200@icloud.com,Netherlands,pesce,2025-09-23,2025-09-23,2025-09-28,5,OTA,EUR,416.87,416.87,False,2084.35,True,False,False,False
BK01873,astrid kowalski,astrid.kowalski619@gmail.com,Italy,kosher,2025-09-23,2025-09-23,2025-09-26,3,OTA,EUR,409.45,409.45,False,1228.35,True,False,False,False
BK01874,lopez thomas,thomas.lopez671@icloud.com,France,senza glutine,2025-09-23,2025-09-23,2025-09-25,2,OTA,EUR,418.21,418.21,False,836.42,True,False,False,False
BK01875,kenji klein,kenji.klein803@gmail.com,UAE,internazionale,2025-09-23,2025-09-23,2025-09-26,3,OTA,EUR,415.97,415.97,False,1247.91,True,False,False,False
BK01876,federica patel,federica.patel708@yahoo.com,Spain,senza glutine,2025-09-23,2025-09-23,2025-09-27,4,OTA,EUR,410.25,410.25,False,1641.0,True,False,False,False
BK01877,kaczmarek matteo,matteo.kaczmarek686@icloud.com,Switzerland,pesce,2025-09-23,2025-09-23,2025-09-26,3,OTA,EUR,447.17,447.17,False,1341.51,True,False,False,False
BK01878,james klein,james.klein60@yahoo.com,Italy,internazionale,2025-08-02,2025-09-24,2025-09-30,6,OTA,EUR,435.2,435.2,True,0.0,True,False,False,False
BK01879,petrov simone,simone.petrov753@icloud.com,Switzerland,vegana,2025-09-24,2025-09-24,2025-09-28,4,direct,EUR,432.69,432.69,False,1730.76,True,False,False,False
BK01880,kenji ricci,kenji.ricci333@icloud.com,Switzerland,italiana,2025-09-24,2025-09-24,2025-09-27,3,OTA,EUR,463.36,463.36,False,1390.08,True,False,False,False
BK01881,al-rashid luca,luca.al-rashid50@icloud.com,UAE,vegetariana,2025-09-24,2025-09-24,2025-09-26,2,OTA,EUR,468.49,468.49,False,936.98,True,False,False,False
BK01882,yamamoto youssef,youssef.yamamoto723@icloud.com,Spain,pesce,2025-09-24,2025-09-24,2025-09-29,5,direct,EUR,520.36,520.36,False,2601.8,True,False,False,False
BK01883,ekaterina ivanov,ekaterina.ivanov608@gmail.com,Netherlands,kosher,2025-09-25,2025-09-25,2025-09-27,2,direct,EUR,461.83,461.83,False,923.66,True,False,False,False
BK01884,ananya smith,ananya.smith528@gmail.com,Germany,internazionale,2025-09-25,2025-09-25,2025-09-29,4,direct,EUR,399.01,399.01,False,1596.04,True,False,False,False
BK01885,olga popov,olga.popov143@gmail.com,Netherlands,halal,2025-09-25,2025-09-25,2025-10-03,8,direct,EUR,383.39,383.39,False,3067.12,True,False,False,False
BK01886,girard sara,sara.girard225@gmail.com,France,internazionale,2025-09-25,2025-09-25,2025-09-26,1,OTA,EUR,446.89,446.89,False,446.89,True,False,False,False
BK01887,muller yuki,yuki.muller799@yahoo.com,Japan,kosher,2025-09-25,2025-09-25,2025-09-27,2,OTA,EUR,445.5,445.5,False,891.0,True,False,False,False
BK01888,al-farsi alessandro,alessandro.al-farsi804@yahoo.com,Italy,italiana,2025-08-03,2025-09-25,2025-09-27,2,direct,EUR,373.42,373.42,False,746.84,True,False,False,False
BK01889,charlotte ibrahim,charlotte.ibrahim253@outlook.com,Germany,senza glutine,2025-09-25,2025-09-25,2025-09-28,3,OTA,EUR,383.38,383.38,False,1150.14,True,False,False,False
BK01890,al-farsi federica,federica.al-farsi341@outlook.com,France,vegana,2025-09-25,2025-09-25,2025-09-28,3,OTA,EUR,483.97,483.97,False,1451.91,True,False,False,False
BK01891,diego wagner,diego.wagner403@icloud.com,France,internazionale,2025-09-26,2025-09-26,2025-09-28,2,OTA,EUR,458.53,458.53,False,917.06,True,False,False,False
BK01892,ananya bruno,ananya.bruno701@icloud.com,Italy,vegetariana,2025-09-26,2025-09-26,2025-09-29,3,OTA,EUR,406.91,406.91,False,1220.73,True,False,False,False
BK01893,klaus watanabe,klaus.watanabe271@gmail.com,Italy,vegana,2025-07-07,2025-09-26,2025-09-28,2,OTA,EUR,413.4,413.4,False,826.8,True,False,False,False
BK01894,john kumar,john.kumar343@icloud.com,Spain,senza glutine,2025-09-26,2025-09-26,2025-09-28,2,OTA,EUR,380.2,380.2,False,760.4,True,False,False,False
BK01895,chen simone,simone.chen715@outlook.com,Italy,senza glutine,2025-09-26,2025-09-26,2025-09-30,4,OTA,USD,434.59,399.82,False,1599.28,True,False,False,False
BK01896,aiko al-rashid,aiko.al-rashid895@gmail.com,Switzerland,vegana,2025-09-26,2025-09-26,2025-09-28,2,direct,EUR,519.61,519.61,False,1039.22,True,False,False,False
BK01897,ahmed wagner,ahmed.wagner882@icloud.com,UAE,senza glutine,2025-09-26,2025-09-26,2025-10-03,7,direct,EUR,414.82,414.82,False,2903.74,True,False,False,True
BK01898,esposito marie,marie.esposito901@yahoo.com,Germany,senza glutine,2025-09-26,2025-09-26,2025-09-28,2,OTA,EUR,410.53,410.53,False,821.06,True,False,False,False
BK01899,jean leroy,jean.leroy540@gmail.com,USA,vegana,2025-09-26,2025-09-26,2025-09-29,3,OTA,USD,379.69,349.31,False,1047.93,True,False,False,False
BK01900,patricia rossi,patricia.rossi813@outlook.com,UK,internazionale,2025-09-26,2025-09-26,2025-09-28,2,direct,EUR,425.08,425.08,False,850.16,True,False,False,False
BK01901,andersen patricia,patricia.andersen797@outlook.com,France,pesce,2025-09-27,2025-09-27,2025-10-04,7,direct,EUR,401.64,401.64,False,2811.48,True,False,False,False
BK01902,al-farsi diego,diego.al-farsi618@gmail.com,Spain,kosher,2025-09-27,2025-09-27,2025-10-01,4,OTA,EUR,446.42,446.42,True,0.0,True,False,False,False
BK01903,petrov youssef,youssef.petrov350@yahoo.com,France,pesce,2025-09-27,2025-09-27,2025-10-01,4,OTA,EUR,410.36,410.36,False,1641.44,True,False,False,False
BK01904,elena klein,elena.klein124@outlook.com,UAE,vegana,2025-09-28,2025-09-28,2025-09-30,2,direct,USD,399.11,367.18,True,0.0,True,False,False,False
BK01905,esposito paolo,paolo.esposito834@outlook.com,Switzerland,senza glutine,2025-09-28,2025-09-28,2025-09-30,2,OTA,USD,453.4,417.13,False,834.26,True,False,False,False
BK01906,james lopez,james.lopez521@icloud.com,Switzerland,vegetariana,2025-09-28,2025-09-28,2025-10-01,3,OTA,EUR,412.3,412.3,False,1236.9,True,False,False,True
BK01907,dubois pierre,pierre.dubois300@outlook.com,USA,italiana,2025-09-29,2025-09-29,2025-10-02,3,OTA,EUR,407.39,407.39,False,1222.17,True,False,False,False
BK01908,patel priya,priya.patel262@icloud.com,Italy,pesce,2025-08-17,2025-09-29,2025-10-05,6,direct,EUR,447.59,447.59,True,0.0,True,False,False,False
BK01909,henri weber,henri.weber989@gmail.com,Japan,senza glutine,2025-09-29,2025-09-29,2025-10-01,2,OTA,EUR,410.74,410.74,False,821.48,True,False,False,False
BK01910,al-rashid henri,henri.al-rashid632@icloud.com,UK,italiana,2025-09-29,2025-09-29,2025-10-01,2,OTA,USD,534.13,491.4,False,982.8,True,False,False,False
BK01911,fischer patricia,patricia.fischer247@yahoo.com,Netherlands,internazionale,2025-09-29,2025-09-29,2025-10-01,2,OTA,EUR,413.16,413.16,False,826.32,True,False,False,True
BK01912,fernandez olga,olga.fernandez750@yahoo.com,Germany,halal,2025-09-29,2025-09-29,2025-09-30,1,OTA,EUR,429.53,429.53,False,429.53,True,False,False,False
BK01913,jean tanaka,jean.tanaka991@gmail.com,Netherlands,kosher,2025-09-30,2025-09-30,2025-10-03,3,direct,USD,398.53,366.65,False,1099.95,True,False,False,True
BK01914,giulia leroy,giulia.leroy311@icloud.com,Italy,senza glutine,2025-09-30,2025-09-30,2025-10-03,3,OTA,EUR,436.51,436.51,False,1309.53,True,False,False,True
BK01915,emma ferreira,emma.ferreira950@outlook.com,Germany,vegetariana,2025-09-30,2025-09-30,2025-10-01,1,direct,EUR,356.27,356.27,False,356.27,True,False,False,False
BK01916,fischer hans,hans.fischer143@gmail.com,France,italiana,2025-09-30,2025-09-30,2025-10-03,3,OTA,EUR,430.08,430.08,False,1290.24,True,False,False,True
BK01917,marie wagner,marie.wagner650@gmail.com,Germany,italiana,2025-09-30,2025-09-30,2025-10-02,2,direct,EUR,483.03,483.03,False,966.06,True,False,False,False
BK01918,james lefevre,james.lefevre783@icloud.com,Japan,internazionale,2025-06-26,2025-10-01,2025-10-02,1,OTA,EUR,269.81,269.81,False,269.81,False,False,False,False
BK01919,luca sharma,luca.sharma142@icloud.com,Switzerland,vegana,2025-10-01,2025-10-01,2025-10-02,1,OTA,EUR,278.79,278.79,False,278.79,False,False,False,False
BK01920,federica nilsson,federica.nilsson105@outlook.com,Japan,kosher,2025-10-01,2025-10-01,2025-10-02,1,direct,EUR,221.13,221.13,False,221.13,False,False,False,False
BK01921,aiko suzuki,aiko.suzuki966@outlook.com,UK,italiana,2024-12-25,2025-10-02,2025-10-04,2,OTA,EUR,215.8,215.8,False,431.6,False,False,False,False
BK01922,giorgia lefevre,giorgia.lefevre33@outlook.com,France,senza glutine,2025-10-02,2025-10-02,2025-10-04,2,direct,EUR,226.76,226.76,False,453.52,False,False,False,False
BK01923,al-rashid david,david.al-rashid632@gmail.com,Japan,internazionale,2025-10-02,2025-10-02,2025-10-03,1,direct,EUR,235.01,235.01,False,235.01,False,False,False,False
BK01924,amelia wagner,amelia.wagner634@outlook.com,Switzerland,vegetariana,2025-10-02,2025-10-02,2025-10-05,3,OTA,EUR,221.41,221.41,False,664.23,False,False,False,False
BK01925,hans leroy,hans.leroy256@yahoo.com,UK,vegetariana,2025-10-02,2025-10-02,2025-10-04,2,direct,EUR,238.91,238.91,False,477.82,False,False,False,False
BK01926,john lefevre,john.lefevre200@yahoo.com,France,vegetariana,2024-10-25,2025-10-02,2025-10-04,2,OTA,EUR,263.67,263.67,False,527.34,False,False,False,True
BK01927,marie meyer,marie.meyer260@yahoo.com,UAE,vegana,2025-10-03,2025-10-03,2025-10-11,8,direct,EUR,259.92,259.92,True,0.0,False,False,False,True
BK01928,esposito ingrid,ingrid.esposito652@gmail.com,Japan,pesce,2025-10-03,2025-10-03,2025-10-07,4,OTA,EUR,254.95,254.95,False,1019.8,False,False,False,False
BK01929,costa john,john.costa763@outlook.com,UK,italiana,2025-10-03,2025-10-03,2025-10-04,1,direct,USD,251.12,231.03,False,231.03,False,False,False,False
BK01930,layla nakamura,layla.nakamura140@gmail.com,USA,italiana,2024-12-16,2025-10-04,2025-10-05,1,direct,EUR,165.74,165.74,False,165.74,False,False,False,True
BK01931,moreau thomas,thomas.moreau640@yahoo.com,Netherlands,senza glutine,2025-10-04,2025-10-04,2025-10-07,3,OTA,EUR,286.72,286.72,True,0.0,False,False,False,True
BK01932,kenji schmidt,kenji.schmidt302@icloud.com,Germany,internazionale,2025-10-05,2025-10-05,2025-10-08,3,OTA,EUR,257.4,257.4,False,772.2,False,False,False,False
BK01933,moreau sara,sara.moreau393@outlook.com,France,vegana,2025-02-14,2025-10-05,2025-10-07,2,OTA,EUR,300.16,300.16,False,600.32,False,False,False,False
BK01934,dmitri kim,dmitri.kim620@yahoo.com,Italy,vegetariana,2025-07-25,2025-10-06,2025-10-07,1,OTA,USD,263.65,242.56,False,242.56,False,False,False,False
BK01935,marie ricci,marie.ricci461@yahoo.com,Switzerland,internazionale,2025-10-06,2025-10-06,2025-10-07,1,direct,EUR,209.72,209.72,False,209.72,False,False,False,False
BK01936,laura meyer,laura.meyer664@yahoo.com,Switzerland,vegetariana,2025-10-06,2025-10-06,2025-10-08,2,OTA,EUR,225.46,225.46,False,450.92,False,False,False,False
BK01937,leroy luca,luca.leroy60@yahoo.com,Switzerland,senza glutine,2025-10-07,2025-10-07,2025-10-10,3,OTA,EUR,221.55,221.55,False,664.65,False,False,False,False
BK01938,alessandro moreau,alessandro.moreau410@icloud.com,Spain,halal,2024-12-02,2025-10-07,2025-10-08,1,OTA,EUR,255.67,255.67,False,255.67,False,False,False,True
BK01939,layla moreau,layla.moreau837@yahoo.com,Italy,italiana,2025-10-07,2025-10-07,2025-10-09,2,OTA,EUR,226.56,226.56,False,453.12,False,False,False,False
BK01940,dubois olivia,olivia.dubois845@gmail.com,UK,vegana,2025-10-07,2025-10-07,2025-10-09,2,OTA,EUR,251.95,251.95,False,503.9,False,False,False,False
BK01941,hans lefevre,hans.lefevre40@yahoo.com,Switzerland,internazionale,2025-10-08,2025-10-08,2025-10-11,3,direct,EUR,226.24,226.24,False,678.72,False,False,False,False
BK01942,giulia watanabe,giulia.watanabe766@gmail.com,Switzerland,halal,2025-10-08,2025-10-08,2025-10-10,2,OTA,EUR,186.93,186.93,False,373.86,False,False,False,False
BK01943,ibrahim sophie,sophie.ibrahim648@yahoo.com,France,kosher,2024-11-27,2025-10-08,2025-10-11,3,OTA,EUR,261.13,261.13,False,783.39,False,False,False,False
BK01944,aiko moreau,aiko.moreau772@icloud.com,Spain,internazionale,2025-06-29,2025-10-08,2025-10-11,3,OTA,USD,264.08,242.95,False,728.85,False,False,False,False
BK01945,camille hassan,camille.hassan231@icloud.com,Netherlands,italiana,2025-10-08,2025-10-08,2025-10-10,2,direct,EUR,210.61,210.61,False,421.22,False,False,False,False
BK01946,colombo klaus,klaus.colombo106@icloud.com,UAE,halal,2025-10-09,2025-10-09,2025-10-10,1,OTA,USD,252.92,232.69,True,0.0,False,False,False,False
BK01947,ahmed fischer,ahmed.fischer82@yahoo.com,Switzerland,internazionale,2025-07-22,2025-10-09,2025-10-14,5,OTA,EUR,218.0,218.0,False,1090.0,False,False,False,False
BK01948,amelia leroy,amelia.leroy822@outlook.com,UK,pesce,2025-10-09,2025-10-09,2025-10-15,6,direct,EUR,220.57,220.57,True,0.0,False,False,False,False
BK01949,meyer paolo,paolo.meyer799@icloud.com,Japan,kosher,2025-10-09,2025-10-09,2025-10-10,1,direct,EUR,238.59,238.59,False,238.59,False,False,False,False
BK01950,novak thomas,thomas.novak480@outlook.com,Japan,internazionale,2025-10-10,2025-10-10,2025-10-12,2,OTA,EUR,209.27,209.27,False,418.54,False,False,False,False
BK01951,al-rashid fatima,fatima.al-rashid279@gmail.com,USA,halal,2025-10-10,2025-10-10,2025-10-13,3,OTA,EUR,222.42,222.42,False,667.26,False,False,False,False
BK01952,klein yuki,yuki.klein205@yahoo.com,Japan,italiana,2025-07-04,2025-10-10,2025-10-12,2,OTA,EUR,244.51,244.51,False,489.02,False,False,False,False
BK01953,meyer william,william.meyer526@gmail.com,Switzerland,italiana,2025-10-11,2025-10-11,2025-10-13,2,OTA,EUR,295.31,295.31,False,590.62,False,False,False,True
BK01954,nakamura olga,olga.nakamura151@yahoo.com,Italy,kosher,2025-07-16,2025-10-12,2025-10-13,1,OTA,USD,215.89,198.62,False,198.62,False,False,False,False
BK01955,ferreira laura,laura.ferreira250@gmail.com,Japan,vegana,2025-10-12,2025-10-12,2025-10-19,7,OTA,EUR,256.8,256.8,False,1797.6,False,False,False,False
BK01956,nilsson priya,priya.nilsson412@outlook.com,UK,vegana,2025-10-12,2025-10-12,2025-10-14,2,OTA,EUR,184.44,184.44,False,368.88,False,False,False,False
BK01957,layla park,layla.park851@yahoo.com,France,senza glutine,2025-10-12,2025-10-12,2025-10-13,1,OTA,EUR,285.02,285.02,False,285.02,False,False,False,False
BK01958,sara smith,sara.smith185@outlook.com,France,pesce,2025-08-31,2025-10-13,2025-10-16,3,OTA,EUR,234.42,234.42,False,703.26,False,False,False,True
BK01959,james yamamoto,james.yamamoto153@icloud.com,USA,kosher,2025-10-15,2025-10-15,2025-10-19,4,OTA,EUR,234.85,234.85,True,0.0,False,False,False,False
BK01960,kim sara,sara.kim323@outlook.com,Italy,senza glutine,2025-10-15,2025-10-15,2025-10-18,3,OTA,USD,236.08,217.19,False,651.57,False,False,False,False
BK01961,girard laura,laura.girard23@yahoo.com,Italy,internazionale,2025-10-15,2025-10-15,2025-10-17,2,OTA,USD,227.13,208.96,False,417.92,False,False,False,False
BK01962,hans ibrahim,hans.ibrahim876@yahoo.com,Netherlands,halal,2025-10-15,2025-10-15,2025-10-16,1,OTA,EUR,173.12,173.12,True,0.0,False,False,False,False
BK01963,giorgia ibrahim,giorgia.ibrahim625@icloud.com,Japan,pesce,2025-10-15,2025-10-15,2025-10-16,1,OTA,EUR,290.21,290.21,False,290.21,False,False,False,False
BK01964,hassan omar,omar.hassan475@outlook.com,UK,senza glutine,2025-10-15,2025-10-15,2025-10-21,6,OTA,USD,319.67,294.1,False,1764.6,False,False,False,False
BK01965,hassan luca,luca.hassan394@icloud.com,Spain,internazionale,2025-10-15,2025-10-15,2025-10-18,3,OTA,EUR,244.25,244.25,False,732.75,False,False,False,False
BK01966,al-farsi john,john.al-farsi552@outlook.com,Spain,vegetariana,2024-12-30,2025-10-16,2025-10-19,3,direct,EUR,243.89,243.89,False,731.67,False,False,False,True
BK01967,klein omar,omar.klein9@gmail.com,UK,vegana,2025-10-16,2025-10-16,2025-10-21,5,direct,EUR,228.84,228.84,False,1144.2,False,False,False,False
BK01968,ananya patel,ananya.patel137@gmail.com,Germany,halal,2025-10-16,2025-10-16,2025-10-17,1,OTA,EUR,240.35,240.35,True,0.0,False,False,False,False
BK01969,charlotte silva,charlotte.silva345@outlook.com,Italy,senza glutine,2025-10-16,2025-10-16,2025-10-20,4,OTA,USD,275.24,253.22,False,1012.88,False,False,False,False
BK01970,costa klaus,klaus.costa496@yahoo.com,Netherlands,italiana,2024-09-12,2025-10-16,2025-10-19,3,OTA,EUR,252.14,252.14,False,756.42,False,False,False,False
BK01971,robert sharma,robert.sharma887@icloud.com,UK,halal,2025-10-17,2025-10-17,2025-10-21,4,OTA,USD,300.83,276.76,False,1107.04,False,False,False,False
BK01972,james romano,james.romano603@yahoo.com,Italy,halal,2025-10-17,2025-10-17,2025-10-19,2,OTA,EUR,293.21,293.21,False,586.42,False,False,False,False
BK01973,olga rossi,olga.rossi744@icloud.com,Japan,internazionale,2025-10-17,2025-10-17,2025-10-18,1,OTA,EUR,246.8,246.8,False,246.8,False,False,False,True
BK01974,ananya yamamoto,ananya.yamamoto466@outlook.com,Netherlands,kosher,2025-03-25,2025-10-18,2025-10-20,2,direct,EUR,184.7,184.7,False,369.4,False,False,False,False
BK01975,kenji smith,kenji.smith571@gmail.com,France,senza glutine,2025-10-18,2025-10-18,2025-10-20,2,OTA,EUR,219.65,219.65,False,439.3,False,False,False,False
BK01976,ananya ivanov,ananya.ivanov689@yahoo.com,Switzerland,internazionale,2024-09-27,2025-10-18,2025-10-19,1,OTA,EUR,272.13,272.13,False,272.13,False,False,False,True
BK01977,chiara park,chiara.park516@icloud.com,UAE,vegetariana,2025-10-19,2025-10-19,2025-10-21,2,OTA,EUR,253.19,253.19,False,506.38,False,False,False,False
BK01978,ferrari giorgia,giorgia.ferrari942@gmail.com,UAE,vegetariana,2024-09-19,2025-10-20,2025-10-23,3,OTA,USD,282.24,259.66,False,778.98,False,False,False,False
BK01979,ivanov robert,robert.ivanov26@icloud.com,Japan,vegana,2025-10-20,2025-10-20,2025-10-24,4,OTA,EUR,212.9,212.9,False,851.6,False,False,False,False
BK01980,marie singh,marie.singh971@yahoo.com,Switzerland,italiana,2025-10-20,2025-10-20,2025-10-25,5,OTA,EUR,246.19,246.19,True,0.0,False,False,False,False
BK01981,chiara klein,chiara.klein929@gmail.com,Italy,pesce,2025-10-21,2025-10-21,2025-10-22,1,OTA,EUR,217.34,217.34,False,217.34,False,False,False,False
BK01982,giulia klein,giulia.klein844@gmail.com,Switzerland,halal,2025-10-21,2025-10-21,2025-10-23,2,OTA,EUR,204.71,204.71,True,0.0,False,False,False,True
BK01983,patricia sharma,patricia.sharma437@outlook.com,Japan,italiana,2025-10-21,2025-10-21,2025-10-25,4,OTA,EUR,272.55,272.55,False,1090.2,False,False,False,True
BK01984,layla nakamura,layla.nakamura140@gmail.com,USA,italiana,2024-12-16,2025-10-21,2025-10-24,3,OTA,EUR,226.01,226.01,False,678.03,False,False,False,True
BK01985,dmitri garcia,dmitri.garcia75@outlook.com,USA,kosher,2025-10-21,2025-10-21,2025-10-22,1,OTA,EUR,220.03,220.03,False,220.03,False,False,False,False
BK01986,astrid esposito,astrid.esposito396@icloud.com,Japan,vegana,2025-10-21,2025-10-21,2025-10-25,4,OTA,EUR,273.2,273.2,False,1092.8,False,False,False,False
BK01987,patel sophie,sophie.patel159@yahoo.com,France,italiana,2025-10-21,2025-10-21,2025-10-22,1,OTA,EUR,206.24,206.24,False,206.24,False,False,False,False
BK01988,kim olivia,olivia.kim709@icloud.com,USA,italiana,2025-10-21,2025-10-21,2025-10-24,3,direct,USD,246.78,227.04,False,681.12,False,False,False,False
BK01989,garcia luca,luca.garcia938@outlook.com,Japan,senza glutine,2025-10-22,2025-10-22,2025-10-24,2,OTA,EUR,178.56,178.56,True,0.0,False,False,False,True
BK01990,conti robert,robert.conti666@yahoo.com,France,italiana,2025-10-22,2025-10-22,2025-10-24,2,OTA,EUR,189.23,189.23,True,0.0,False,False,False,False
BK01991,dmitri esposito,dmitri.esposito567@icloud.com,Italy,internazionale,2025-09-03,2025-10-22,2025-10-24,2,OTA,EUR,264.82,264.82,False,529.64,False,False,True,False
BK01992,matteo popov,matteo.popov402@gmail.com,Spain,italiana,2025-09-04,2025-10-22,2025-10-23,1,OTA,EUR,225.24,225.24,False,225.24,False,False,False,False
BK01993,alessandro costa,alessandro.costa124@icloud.com,France,senza glutine,2025-10-22,2025-10-22,2025-10-24,2,OTA,USD,255.78,235.32,False,470.64,False,False,False,False
BK01994,andrea lopez,andrea.lopez696@gmail.com,Netherlands,pesce,2025-07-10,2025-10-23,2025-10-24,1,OTA,EUR,268.94,268.94,False,268.94,False,False,False,False
BK01995,garcia patricia,patricia.garcia164@yahoo.com,Netherlands,italiana,2025-03-16,2025-10-23,2025-10-25,2,direct,EUR,210.74,210.74,False,421.48,False,False,False,False
BK01996,bruno sophie,sophie.bruno530@outlook.com,Switzerland,internazionale,2025-10-23,2025-10-23,2025-10-25,2,OTA,EUR,307.85,307.85,False,615.7,False,False,False,False
BK01997,colombo lucia,lucia.colombo2@outlook.com,France,italiana,2025-10-23,2025-10-23,2025-10-24,1,direct,EUR,220.75,220.75,False,220.75,False,False,False,False
BK01998,marie meyer,marie.meyer260@yahoo.com,UAE,vegana,2025-10-03,2025-10-24,2025-10-25,1,OTA,EUR,272.65,272.65,False,272.65,False,False,False,True
BK01999,conti olivia,olivia.conti178@yahoo.com,France,senza glutine,2025-01-18,2025-10-24,2025-10-28,4,direct,EUR,212.13,212.13,False,848.52,False,False,False,False
BK02000,ibrahim luca,luca.ibrahim805@icloud.com,Switzerland,vegana,2025-10-24,2025-10-24,2025-10-25,1,OTA,EUR,217.61,217.61,False,217.61,False,False,False,False
BK02001,popov yuki,yuki.popov216@gmail.com,Japan,internazionale,2025-10-24,2025-10-24,2025-10-25,1,OTA,EUR,214.75,214.75,True,0.0,False,False,False,False
BK02002,ahmed ferrari,ahmed.ferrari582@gmail.com,Japan,pesce,2025-10-25,2025-10-25,2025-10-27,2,OTA,EUR,189.22,189.22,False,378.44,False,False,False,False
BK02003,marco popov,marco.popov510@icloud.com,Netherlands,internazionale,2025-10-25,2025-10-25,2025-10-27,2,OTA,USD,222.61,204.8,True,0.0,False,False,False,False
BK02004,amelia meyer,amelia.meyer289@yahoo.com,Germany,vegetariana,2025-10-26,2025-10-26,2025-10-28,2,OTA,EUR,271.51,271.51,False,543.02,False,False,False,False
BK02005,arjun silva,arjun.silva305@yahoo.com,Netherlands,halal,2025-08-02,2025-10-26,2025-10-31,5,direct,EUR,241.31,241.31,False,1206.55,False,False,False,False
BK02006,ivanov kenji,kenji.ivanov877@icloud.com,Netherlands,halal,2025-10-26,2025-10-26,2025-10-27,1,OTA,EUR,262.05,262.05,False,262.05,False,False,False,False
BK02007,lucia singh,lucia.singh244@yahoo.com,USA,italiana,2025-10-26,2025-10-26,2025-10-27,1,OTA,EUR,217.55,217.55,False,217.55,False,False,False,False
BK02008,elena tanaka,elena.tanaka686@yahoo.com,Japan,italiana,2025-10-26,2025-10-26,2025-10-29,3,OTA,EUR,277.46,277.46,True,0.0,False,False,False,False
BK02009,ahmed kumar,ahmed.kumar55@outlook.com,Netherlands,pesce,2025-10-26,2025-10-26,2025-10-27,1,OTA,EUR,255.9,255.9,False,255.9,False,False,False,False
BK02010,ivanov sara,sara.ivanov463@gmail.com,Italy,vegana,2024-12-21,2025-10-26,2025-10-30,4,OTA,EUR,222.01,222.01,False,888.04,False,False,False,True
BK02011,greco john,john.greco190@outlook.com,Spain,vegetariana,2025-07-16,2025-10-27,2025-10-28,1,direct,EUR,175.67,175.67,False,175.67,False,False,False,False
BK02012,sophie tanaka,sophie.tanaka567@outlook.com,Japan,internazionale,2025-01-21,2025-10-27,2025-10-30,3,OTA,USD,192.7,177.28,False,531.84,False,False,False,False
BK02013,kenji yamamoto,kenji.yamamoto772@gmail.com,Italy,vegetariana,2025-10-28,2025-10-28,2025-10-29,1,direct,EUR,278.88,278.88,False,278.88,False,False,False,False
BK02014,amelia conti,amelia.conti562@icloud.com,USA,halal,2025-10-29,2025-10-29,2025-11-02,4,OTA,EUR,234.27,234.27,False,937.08,False,False,False,False
BK02015,hassan pierre,pierre.hassan608@gmail.com,USA,senza glutine,2025-10-29,2025-10-29,2025-10-30,1,OTA,EUR,240.11,240.11,False,240.11,False,False,False,True
BK02016,kenji lopez,kenji.lopez438@outlook.com,Japan,senza glutine,2025-10-29,2025-10-29,2025-11-02,4,direct,EUR,235.34,235.34,True,0.0,False,False,False,False
BK02017,andersen carlos,carlos.andersen554@icloud.com,Germany,pesce,2025-10-30,2025-10-30,2025-10-31,1,OTA,EUR,235.38,235.38,False,235.38,False,False,False,False
BK02018,silvia tanaka,silvia.tanaka14@yahoo.com,Netherlands,vegana,2024-12-26,2025-10-30,2025-11-01,2,OTA,USD,254.87,234.48,False,468.96,False,False,False,False
BK02019,al-rashid layla,layla.al-rashid812@gmail.com,Japan,vegana,2025-10-30,2025-10-30,2025-11-02,3,OTA,EUR,225.86,225.86,False,677.58,False,False,False,False
BK02020,emma greco,emma.greco81@icloud.com,USA,italiana,2025-06-25,2025-10-31,2025-11-02,2,direct,EUR,251.95,251.95,False,503.9,False,False,False,True
BK02021,conti nikolai,nikolai.conti561@gmail.com,USA,vegana,2025-10-31,2025-10-31,2025-11-01,1,OTA,EUR,204.07,204.07,False,204.07,False,False,False,False
BK02022,klaus rossi,klaus.rossi650@outlook.com,France,internazionale,2025-08-06,2025-10-31,2025-11-03,3,direct,EUR,228.03,228.03,False,684.09,False,False,False,True
BK02023,kobayashi youssef,youssef.kobayashi909@icloud.com,Spain,senza glutine,2024-09-11,2025-10-31,2025-11-01,1,OTA,EUR,242.38,242.38,False,242.38,False,False,False,True
BK02024,valentina watanabe,valentina.watanabe986@yahoo.com,Switzerland,italiana,2025-11-01,2025-11-01,2025-11-04,3,OTA,EUR,266.59,266.59,False,799.77,False,False,False,False
BK02025,fischer marco,marco.fischer880@outlook.com,Germany,halal,2025-11-01,2025-11-01,2025-11-02,1,OTA,USD,231.4,212.89,False,212.89,False,False,False,False
BK02026,charlotte costa,charlotte.costa490@outlook.com,Japan,kosher,2025-07-12,2025-11-01,2025-11-02,1,OTA,EUR,204.21,204.21,False,204.21,False,False,False,False
BK02027,meyer nikolai,nikolai.meyer160@yahoo.com,USA,internazionale,2025-11-01,2025-11-01,2025-11-03,2,direct,EUR,205.4,205.4,False,410.8,False,False,False,False
BK02028,meyer yuki,yuki.meyer198@gmail.com,Spain,vegetariana,2025-11-02,2025-11-02,2025-11-04,2,OTA,USD,192.59,177.18,False,354.36,False,False,False,False
BK02029,ananya klein,ananya.klein655@outlook.com,USA,internazionale,2024-09-28,2025-11-02,2025-11-07,5,direct,EUR,236.75,236.75,False,1183.75,False,False,False,False
BK02030,ananya dubois,ananya.dubois548@outlook.com,Italy,vegana,2025-11-03,2025-11-03,2025-11-04,1,OTA,EUR,222.0,222.0,False,222.0,False,False,False,False
BK02031,bianchi jean,jean.bianchi780@yahoo.com,USA,vegana,2025-11-03,2025-11-03,2025-11-04,1,OTA,EUR,246.7,246.7,False,246.7,False,False,False,False
BK02032,johnson valentina,valentina.johnson863@yahoo.com,Germany,senza glutine,2025-02-15,2025-11-03,2025-11-06,3,direct,USD,174.46,160.5,False,481.5,False,False,False,True
BK02033,ferrari yuki,yuki.ferrari367@yahoo.com,Japan,halal,2025-11-03,2025-11-03,2025-11-07,4,OTA,EUR,232.65,232.65,False,930.6,False,False,False,False
BK02034,priya romano,priya.romano645@outlook.com,UAE,vegana,2025-11-03,2025-11-03,2025-11-06,3,direct,EUR,261.08,261.08,False,783.24,False,False,False,False
BK02035,petrov sophie,sophie.petrov38@yahoo.com,Japan,halal,2025-11-04,2025-11-04,2025-11-06,2,OTA,EUR,275.49,275.49,False,550.98,False,False,False,False
BK02036,watanabe william,william.watanabe340@yahoo.com,Italy,kosher,2025-11-04,2025-11-04,2025-11-09,5,direct,USD,264.63,243.46,False,1217.3,False,False,False,False
BK02037,layla muller,layla.muller591@yahoo.com,Italy,internazionale,2025-11-04,2025-11-04,2025-11-06,2,OTA,EUR,229.69,229.69,False,459.38,False,False,False,False
BK02038,garcia valentina,valentina.garcia686@outlook.com,Italy,italiana,2025-11-04,2025-11-04,2025-11-06,2,OTA,EUR,255.94,255.94,False,511.88,False,False,False,False
BK02039,erik novak,erik.novak197@yahoo.com,Netherlands,pesce,2025-01-23,2025-11-04,2025-11-09,5,OTA,EUR,286.89,286.89,False,1434.45,False,False,False,False
BK02040,fatima rossi,fatima.rossi294@yahoo.com,Japan,italiana,2025-11-04,2025-11-04,2025-11-07,3,OTA,EUR,169.1,169.1,False,507.3,False,False,False,False
BK02041,hassan laura,laura.hassan239@outlook.com,Italy,pesce,2025-11-05,2025-11-05,2025-11-08,3,OTA,USD,271.0,249.32,False,747.96,False,False,False,False
BK02042,ekaterina greco,ekaterina.greco861@icloud.com,Germany,pesce,2025-11-05,2025-11-05,2025-11-06,1,OTA,EUR,202.1,202.1,False,202.1,False,False,False,False
BK02043,laura silva,laura.silva729@gmail.com,UAE,halal,2025-06-20,2025-11-06,2025-11-08,2,OTA,EUR,218.79,218.79,False,437.58,False,False,False,False
BK02044,klaus park,klaus.park315@gmail.com,Germany,italiana,2025-03-09,2025-11-07,2025-11-08,1,OTA,EUR,285.13,285.13,False,285.13,False,False,False,True
BK02045,diego martinez,diego.martinez178@outlook.com,UK,vegana,2025-11-07,2025-11-07,2025-11-11,4,direct,EUR,222.89,222.89,False,891.56,False,False,False,False
BK02046,hans kobayashi,hans.kobayashi577@outlook.com,France,pesce,2025-11-07,2025-11-07,2025-11-08,1,OTA,EUR,176.09,176.09,False,176.09,False,False,False,False
BK02047,david romano,david.romano866@icloud.com,France,halal,2025-11-08,2025-11-08,2025-11-10,2,direct,EUR,234.96,234.96,False,469.92,False,False,False,False
BK02048,hans johnson,hans.johnson917@outlook.com,Spain,senza glutine,2025-11-08,2025-11-08,2025-11-11,3,OTA,EUR,245.23,245.23,False,735.69,False,False,False,False
BK02049,olivia sharma,olivia.sharma20@gmail.com,UK,italiana,2025-11-08,2025-11-08,2025-11-09,1,OTA,EUR,219.89,219.89,False,219.89,False,False,False,False
BK02050,carlos park,carlos.park925@gmail.com,Spain,vegetariana,2025-11-08,2025-11-08,2025-11-09,1,OTA,EUR,178.96,178.96,False,178.96,False,False,False,False
BK02051,john novak,john.novak907@gmail.com,Spain,vegana,2025-11-08,2025-11-08,2025-11-10,2,OTA,EUR,268.65,268.65,False,537.3,False,False,False,False
BK02052,aiko ricci,aiko.ricci445@icloud.com,France,kosher,2025-11-09,2025-11-09,2025-11-11,2,OTA,EUR,213.36,213.36,False,426.72,False,False,False,True
BK02053,maria sharma,maria.sharma120@outlook.com,USA,vegetariana,2025-11-09,2025-11-09,2025-11-10,1,direct,EUR,223.54,223.54,False,223.54,False,False,False,False
BK02054,aiko martinez,aiko.martinez986@yahoo.com,France,kosher,2025-11-09,2025-11-09,2025-11-10,1,OTA,EUR,241.51,241.51,False,241.51,False,False,False,True
BK02055,esposito nikolai,nikolai.esposito514@icloud.com,USA,senza glutine,2025-11-09,2025-11-09,2025-11-12,3,OTA,EUR,228.66,228.66,False,685.98,False,False,False,False
BK02056,layla petrov,layla.petrov508@yahoo.com,Switzerland,internazionale,2025-11-09,2025-11-09,2025-11-11,2,direct,USD,191.78,176.44,False,352.88,False,False,False,False
BK02057,david sokolov,david.sokolov393@gmail.com,UK,vegetariana,2025-11-09,2025-11-09,2025-11-12,3,OTA,EUR,283.21,283.21,False,849.63,False,False,False,False
BK02058,henri novak,henri.novak637@yahoo.com,France,vegetariana,2025-02-24,2025-11-09,2025-11-11,2,OTA,USD,266.93,245.58,False,491.16,False,False,False,False
BK02059,greco laura,laura.greco710@yahoo.com,UK,vegetariana,2025-11-09,2025-11-09,2025-11-10,1,OTA,EUR,298.36,298.36,False,298.36,False,False,False,False
BK02060,muller valentina,valentina.muller154@gmail.com,Japan,pesce,2025-11-10,2025-11-10,2025-11-12,2,OTA,EUR,200.52,200.52,False,401.04,False,False,False,False
BK02061,ekaterina kobayashi,ekaterina.kobayashi594@yahoo.com,USA,senza glutine,2025-11-10,2025-11-10,2025-11-11,1,OTA,EUR,224.16,224.16,False,224.16,False,False,False,False
BK02062,elena esposito,elena.esposito714@gmail.com,Netherlands,pesce,2025-04-05,2025-11-10,2025-11-12,2,direct,EUR,218.65,218.65,False,437.3,False,False,False,False
BK02063,isabella kowalski,isabella.kowalski570@gmail.com,Germany,italiana,2024-09-25,2025-11-10,2025-11-11,1,direct,EUR,220.98,220.98,False,220.98,False,False,False,False
BK02064,henri martinez,henri.martinez273@gmail.com,Italy,senza glutine,2024-09-12,2025-11-11,2025-11-12,1,OTA,USD,246.06,226.38,False,226.38,False,False,False,True
BK02065,garcia olivia,olivia.garcia12@icloud.com,UK,italiana,2025-11-11,2025-11-11,2025-11-13,2,OTA,USD,245.23,225.61,True,0.0,False,False,False,False
BK02066,patricia watanabe,patricia.watanabe568@yahoo.com,Germany,vegetariana,2025-11-11,2025-11-11,2025-11-13,2,direct,EUR,252.82,252.82,False,505.64,False,False,False,False
BK02067,dmitri smith,dmitri.smith331@outlook.com,USA,kosher,2025-09-06,2025-11-12,2025-11-13,1,OTA,EUR,273.64,273.64,False,273.64,False,False,False,False
BK02068,jean smith,jean.smith526@gmail.com,Italy,halal,2025-11-12,2025-11-12,2025-11-13,1,OTA,EUR,251.13,251.13,False,251.13,False,False,False,False
BK02069,ananya park,ananya.park16@outlook.com,Germany,italiana,2024-12-22,2025-11-12,2025-11-15,3,OTA,EUR,251.27,251.27,False,753.81,False,False,False,False
BK02070,ferrari marco,marco.ferrari447@icloud.com,Netherlands,internazionale,2025-11-12,2025-11-12,2025-11-14,2,OTA,USD,258.6,237.91,False,475.82,False,False,False,False
BK02071,alessandro marino,alessandro.marino973@gmail.com,Switzerland,italiana,2025-09-09,2025-11-12,2025-11-14,2,OTA,EUR,272.47,272.47,False,544.94,False,False,False,True
BK02072,pierre weber,pierre.weber501@yahoo.com,France,pesce,2025-11-12,2025-11-12,2025-11-14,2,OTA,EUR,251.72,251.72,False,503.44,False,False,False,False
BK02073,andrea klein,andrea.klein961@yahoo.com,Italy,vegana,2025-07-18,2025-11-12,2025-11-13,1,OTA,USD,243.32,223.85,False,223.85,False,False,False,False
BK02074,andrea kowalski,andrea.kowalski960@icloud.com,Spain,vegana,2025-07-10,2025-11-13,2025-11-16,3,direct,EUR,256.67,256.67,False,770.01,False,False,False,False
BK02075,giulia wagner,giulia.wagner524@outlook.com,UAE,halal,2025-07-16,2025-11-13,2025-11-16,3,OTA,USD,247.23,227.45,False,682.35,False,False,False,False
BK02076,costa maria,maria.costa429@outlook.com,UAE,vegana,2025-11-14,2025-11-14,2025-11-18,4,OTA,EUR,220.01,220.01,False,880.04,False,False,False,False
BK02077,carlos hassan,carlos.hassan564@outlook.com,UAE,kosher,2025-11-14,2025-11-14,2025-11-15,1,direct,EUR,256.29,256.29,False,256.29,False,False,False,False
BK02078,isabella muller,isabella.muller78@outlook.com,Netherlands,halal,2024-11-08,2025-11-15,2025-11-19,4,direct,EUR,239.69,239.69,False,958.76,False,False,False,False
BK02079,layla rossi,layla.rossi926@outlook.com,Switzerland,halal,2025-06-15,2025-11-15,2025-11-17,2,OTA,USD,198.85,182.94,False,365.88,False,False,False,False
BK02080,aiko sharma,aiko.sharma2@yahoo.com,France,halal,2025-11-15,2025-11-15,2025-11-20,5,direct,USD,269.31,247.77,False,1238.85,False,False,False,False
BK02081,maria suzuki,maria.suzuki395@gmail.com,UAE,pesce,2025-11-16,2025-11-16,2025-11-18,2,direct,USD,246.73,226.99,False,453.98,False,False,False,True
BK02082,marie patel,marie.patel692@yahoo.com,USA,italiana,2025-05-19,2025-11-16,2025-11-19,3,OTA,EUR,266.62,266.62,False,799.86,False,False,False,True
BK02083,ekaterina moreau,ekaterina.moreau583@gmail.com,Spain,kosher,2025-04-29,2025-11-16,2025-11-18,2,direct,EUR,258.91,258.91,False,517.82,False,False,False,True
BK02084,giulia ricci,giulia.ricci952@outlook.com,Japan,italiana,2025-09-02,2025-11-16,2025-11-20,4,OTA,EUR,282.14,282.14,False,1128.56,False,False,False,False
BK02085,giorgia nakamura,giorgia.nakamura797@gmail.com,UAE,kosher,2025-11-16,2025-11-16,2025-11-17,1,OTA,USD,278.13,255.88,False,255.88,False,False,False,False
BK02086,ananya esposito,ananya.esposito284@yahoo.com,Switzerland,internazionale,2025-11-16,2025-11-16,2025-11-17,1,OTA,EUR,270.87,270.87,False,270.87,False,False,False,False
BK02087,lefevre valentina,valentina.lefevre11@icloud.com,USA,kosher,2025-11-17,2025-11-17,2025-11-19,2,direct,EUR,276.3,276.3,False,552.6,False,False,False,False
BK02088,james novak,james.novak770@gmail.com,France,italiana,2025-11-17,2025-11-17,2025-11-19,2,direct,EUR,241.3,241.3,False,482.6,False,False,False,False
BK02089,aiko yamamoto,aiko.yamamoto362@outlook.com,Spain,vegetariana,2025-11-17,2025-11-17,2025-11-22,5,OTA,EUR,219.63,219.63,False,1098.15,False,False,False,False
BK02090,hans ivanov,hans.ivanov796@gmail.com,Switzerland,internazionale,2024-09-27,2025-11-17,2025-11-20,3,OTA,EUR,225.49,225.49,False,676.47,False,False,False,False
BK02091,laura sharma,laura.sharma913@gmail.com,Germany,italiana,2025-01-17,2025-11-17,2025-11-18,1,OTA,USD,220.08,202.47,False,202.47,False,False,False,False
BK02092,david ferrari,david.ferrari986@outlook.com,Italy,vegetariana,2025-11-18,2025-11-18,2025-11-21,3,OTA,EUR,250.61,250.61,False,751.83,False,False,False,False
BK02093,fatima tanaka,fatima.tanaka607@gmail.com,France,vegana,2025-08-23,2025-11-18,2025-11-19,1,direct,EUR,180.41,180.41,False,180.41,False,False,False,False
BK02094,ekaterina sokolov,ekaterina.sokolov235@yahoo.com,Germany,senza glutine,2024-09-22,2025-11-18,2025-11-19,1,OTA,EUR,309.36,309.36,False,309.36,False,False,False,False
BK02095,chiara popov,chiara.popov137@yahoo.com,Spain,kosher,2025-11-19,2025-11-19,2025-11-20,1,OTA,EUR,226.91,226.91,False,226.91,False,False,False,False
BK02096,pierre tanaka,pierre.tanaka451@yahoo.com,Italy,senza glutine,2025-11-19,2025-11-19,2025-11-20,1,OTA,USD,260.76,239.9,False,239.9,False,False,False,False
BK02097,omar rossi,omar.rossi543@gmail.com,Netherlands,pesce,2025-11-19,2025-11-19,2025-11-20,1,OTA,USD,267.8,246.38,False,246.38,False,False,False,False
BK02098,dmitri johnson,dmitri.johnson781@gmail.com,Japan,senza glutine,2025-06-27,2025-11-20,2025-11-21,1,OTA,EUR,246.34,246.34,False,246.34,False,False,False,False
BK02099,priya suzuki,priya.suzuki266@yahoo.com,Switzerland,halal,2025-11-20,2025-11-20,2025-11-22,2,OTA,EUR,260.07,260.07,False,520.14,False,False,False,False
BK02100,lefevre sophie,sophie.lefevre304@gmail.com,UK,internazionale,2025-11-21,2025-11-21,2025-11-23,2,direct,EUR,247.56,247.56,False,495.12,False,False,False,False
BK02101,nakamura pierre,pierre.nakamura934@gmail.com,France,vegetariana,2025-11-21,2025-11-21,2025-11-22,1,OTA,EUR,235.31,235.31,False,235.31,False,False,False,False
BK02102,costa francesco,francesco.costa64@icloud.com,UAE,italiana,2025-11-22,2025-11-22,2025-11-25,3,OTA,EUR,261.26,261.26,True,0.0,False,False,False,False
BK02103,diego kowalski,diego.kowalski457@outlook.com,UK,vegetariana,2025-11-22,2025-11-22,2025-11-24,2,OTA,EUR,204.47,204.47,False,408.94,False,False,False,False
BK02104,omar ricci,omar.ricci275@outlook.com,Germany,halal,2024-12-30,2025-11-22,2025-11-23,1,direct,EUR,220.38,220.38,False,220.38,False,False,False,True
BK02105,arjun muller,arjun.muller79@gmail.com,Japan,kosher,2025-11-22,2025-11-22,2025-11-24,2,OTA,EUR,250.76,250.76,False,501.52,False,False,False,False
BK02106,ferrari ingrid,ingrid.ferrari894@yahoo.com,UK,vegetariana,2025-11-22,2025-11-22,2025-11-26,4,OTA,EUR,257.09,257.09,False,1028.36,False,False,False,False
BK02107,bianchi robert,robert.bianchi812@yahoo.com,Japan,italiana,2025-11-23,2025-11-23,2025-11-24,1,OTA,EUR,239.32,239.32,False,239.32,False,False,False,False
BK02108,john marino,john.marino418@gmail.com,USA,vegana,2025-11-23,2025-11-23,2025-11-25,2,OTA,EUR,235.97,235.97,True,0.0,False,False,False,False
BK02109,simone yamamoto,simone.yamamoto779@yahoo.com,UAE,internazionale,2025-11-24,2025-11-24,2025-11-26,2,OTA,EUR,242.42,242.42,False,484.84,False,False,False,False
BK02110,chen yuki,yuki.chen585@gmail.com,Germany,italiana,2025-11-24,2025-11-24,2025-11-28,4,OTA,EUR,225.76,225.76,True,0.0,False,False,False,False
BK02111,ivanov john,john.ivanov982@icloud.com,Italy,italiana,2025-11-24,2025-11-24,2025-11-26,2,direct,EUR,212.38,212.38,False,424.76,False,False,False,False
BK02112,federica silva,federica.silva660@icloud.com,Spain,internazionale,2025-07-03,2025-11-24,2025-11-26,2,OTA,EUR,216.9,216.9,False,433.8,False,False,False,False
BK02113,astrid kobayashi,astrid.kobayashi150@yahoo.com,UAE,vegana,2025-11-25,2025-11-25,2025-11-29,4,OTA,EUR,236.61,236.61,False,946.44,False,False,False,False
BK02114,chen valentina,valentina.chen675@gmail.com,USA,halal,2025-11-25,2025-11-25,2025-11-26,1,OTA,USD,194.01,178.49,False,178.49,False,False,False,False
BK02115,conti marie,marie.conti953@gmail.com,Italy,internazionale,2025-11-25,2025-11-25,2025-11-28,3,OTA,EUR,224.65,224.65,False,673.95,False,False,False,True
BK02116,layla nilsson,layla.nilsson486@yahoo.com,France,internazionale,2025-07-31,2025-11-25,2025-11-26,1,direct,EUR,208.51,208.51,False,208.51,False,False,False,False
BK02117,bernard paolo,paolo.bernard404@icloud.com,Germany,internazionale,2025-11-26,2025-11-26,2025-11-27,1,OTA,USD,219.89,202.3,False,202.3,False,False,False,False
BK02118,ingrid rossi,ingrid.rossi554@gmail.com,Spain,vegetariana,2025-11-26,2025-11-26,2025-11-29,3,OTA,EUR,213.91,213.91,False,641.73,False,False,False,False
BK02119,giulia patel,giulia.patel891@icloud.com,Netherlands,vegana,2025-08-12,2025-11-26,2025-11-27,1,OTA,EUR,228.69,228.69,False,228.69,False,False,False,False
BK02120,carlos silva,carlos.silva876@gmail.com,Switzerland,pesce,2025-11-27,2025-11-27,2025-11-28,1,OTA,USD,269.57,248.0,False,248.0,False,False,False,True
BK02121,al-farsi matteo,matteo.al-farsi463@gmail.com,Netherlands,vegana,2025-11-27,2025-11-27,2025-11-28,1,OTA,EUR,280.67,280.67,False,280.67,False,False,False,False
BK02122,pierre schmidt,pierre.schmidt335@outlook.com,France,internazionale,2024-10-05,2025-11-27,2025-11-28,1,OTA,USD,252.79,232.57,False,232.57,False,False,False,False
BK02123,chen nikolai,nikolai.chen367@icloud.com,UK,halal,2025-11-27,2025-11-27,2025-11-28,1,direct,EUR,234.46,234.46,False,234.46,False,False,False,False
BK02124,giulia martinez,giulia.martinez617@icloud.com,Spain,kosher,2025-11-27,2025-11-27,2025-11-28,1,OTA,EUR,291.16,291.16,False,291.16,False,False,False,False
BK02125,aiko watanabe,aiko.watanabe475@outlook.com,USA,halal,2025-06-21,2025-11-28,2025-11-29,1,OTA,EUR,208.09,208.09,False,208.09,False,False,False,True
BK02126,ahmed bernard,ahmed.bernard334@gmail.com,Netherlands,pesce,2025-11-28,2025-11-28,2025-11-29,1,OTA,EUR,287.03,287.03,True,0.0,False,False,False,False
BK02127,al-rashid yuki,yuki.al-rashid180@outlook.com,UAE,internazionale,2024-10-08,2025-11-28,2025-12-02,4,OTA,USD,244.91,225.32,False,901.28,False,False,False,False
BK02128,romano sophie,sophie.romano101@icloud.com,Switzerland,halal,2025-08-19,2025-11-28,2025-12-02,4,direct,USD,233.04,214.4,False,857.6,False,False,False,False
BK02129,andersen anna,anna.andersen314@outlook.com,France,halal,2025-11-29,2025-11-29,2025-12-02,3,direct,USD,255.5,235.06,False,705.18,False,False,False,False
BK02130,arjun nilsson,arjun.nilsson744@gmail.com,UK,internazionale,2025-11-29,2025-11-29,2025-12-01,2,OTA,EUR,209.95,209.95,False,419.9,False,False,False,False
BK02131,hassan valentina,valentina.hassan323@outlook.com,UK,italiana,2025-11-29,2025-11-29,2025-12-01,2,OTA,EUR,248.93,248.93,False,497.86,False,False,False,False
BK02132,kobayashi yuki,yuki.kobayashi690@outlook.com,France,halal,2025-11-29,2025-11-29,2025-12-01,2,OTA,EUR,253.9,253.9,False,507.8,False,False,False,False
BK02133,giulia meyer,giulia.meyer391@yahoo.com,Japan,vegana,2025-11-30,2025-11-30,2025-12-04,4,OTA,EUR,240.07,240.07,False,960.28,False,False,False,False
BK02134,anna lopez,anna.lopez682@icloud.com,Switzerland,vegetariana,2024-10-29,2025-11-30,2025-12-02,2,direct,EUR,170.81,170.81,False,341.62,False,False,False,False
BK02135,henri petrov,henri.petrov732@gmail.com,USA,halal,2025-11-30,2025-11-30,2025-12-01,1,OTA,USD,257.57,236.96,False,236.96,False,False,False,False
BK02136,nilsson thomas,thomas.nilsson640@outlook.com,USA,vegetariana,2025-11-30,2025-11-30,2025-12-02,2,direct,USD,178.48,164.2,False,328.4,False,False,False,False
BK02137,elena muller,elena.muller782@outlook.com,Switzerland,kosher,2025-12-01,2025-12-01,2025-12-03,2,direct,EUR,359.0,359.0,False,718.0,True,False,False,False
BK02138,ahmed al-rashid,ahmed.al-rashid471@outlook.com,Germany,kosher,2025-02-19,2025-12-01,2025-12-05,4,direct,EUR,413.79,413.79,False,1655.16,True,False,False,True
BK02139,marino youssef,youssef.marino441@icloud.com,USA,vegetariana,2025-12-01,2025-12-01,2025-12-02,1,direct,USD,376.62,346.49,False,346.49,True,False,False,True
BK02140,isabella wagner,isabella.wagner809@icloud.com,Switzerland,vegana,2025-12-01,2025-12-01,2025-12-05,4,OTA,EUR,489.11,489.11,False,1956.44,True,False,False,False
BK02141,bianchi luca,luca.bianchi79@gmail.com,UAE,kosher,2025-12-01,2025-12-01,2025-12-03,2,OTA,EUR,467.94,467.94,False,935.88,True,False,False,False
BK02142,nowak olivia,olivia.nowak908@icloud.com,USA,vegetariana,2025-12-02,2025-12-02,2025-12-07,5,OTA,EUR,437.17,437.17,False,2185.85,True,False,False,False
BK02143,nowak robert,robert.nowak743@outlook.com,Italy,vegana,2025-12-02,2025-12-02,2025-12-08,6,OTA,EUR,426.91,426.91,False,2561.46,True,False,False,False
BK02144,martinez sophie,sophie.martinez640@gmail.com,Netherlands,italiana,2025-12-02,2025-12-02,2025-12-05,3,direct,USD,435.9,401.03,False,1203.09,True,False,False,False
BK02145,marco nakamura,marco.nakamura241@icloud.com,USA,senza glutine,2025-12-02,2025-12-02,2025-12-08,6,OTA,EUR,440.91,440.91,True,0.0,True,False,False,True
BK02146,ahmed kowalski,ahmed.kowalski798@icloud.com,USA,kosher,2025-12-02,2025-12-02,2025-12-09,7,OTA,EUR,504.1,504.1,False,3528.7,True,False,False,False
BK02147,marco popov,marco.popov510@icloud.com,Netherlands,internazionale,2025-10-25,2025-12-02,2025-12-04,2,OTA,EUR,436.21,436.21,False,872.42,True,False,False,False
BK02148,chiara kobayashi,chiara.kobayashi611@icloud.com,Germany,vegana,2025-12-02,2025-12-02,2025-12-10,8,direct,EUR,453.61,453.61,False,3628.88,True,False,False,True
BK02149,kowalski silvia,silvia.kowalski614@yahoo.com,Germany,internazionale,2025-12-03,2025-12-03,2025-12-05,2,direct,EUR,378.54,378.54,False,757.08,True,False,False,False
BK02150,garcia william,william.garcia410@outlook.com,Italy,pesce,2025-12-03,2025-12-03,2025-12-06,3,direct,EUR,384.76,384.76,False,1154.28,True,False,False,False
BK02151,costa elena,elena.costa127@gmail.com,Germany,halal,2025-12-03,2025-12-03,2025-12-08,5,OTA,EUR,502.17,502.17,False,2510.85,True,False,False,False
BK02152,giulia watanabe,giulia.watanabe766@gmail.com,Switzerland,halal,2025-10-08,2025-12-03,2025-12-07,4,direct,USD,376.31,346.21,False,1384.84,True,False,False,False
BK02153,layla lopez,layla.lopez235@gmail.com,USA,vegana,2025-12-03,2025-12-03,2025-12-05,2,OTA,EUR,408.75,408.75,False,817.5,True,False,False,False
BK02154,sara wagner,sara.wagner251@yahoo.com,UAE,kosher,2025-12-04,2025-12-04,2025-12-05,1,OTA,EUR,481.71,481.71,False,481.71,True,False,False,False
BK02155,giorgia petrov,giorgia.petrov523@outlook.com,Japan,vegetariana,2024-10-16,2025-12-04,2025-12-09,5,OTA,USD,393.89,362.38,False,1811.9,True,False,False,True
BK02156,marino patricia,patricia.marino496@gmail.com,UK,internazionale,2025-12-04,2025-12-04,2025-12-06,2,direct,EUR,400.02,400.02,False,800.04,True,False,False,False
BK02157,federica ferrari,federica.ferrari448@icloud.com,France,vegana,2025-08-01,2025-12-04,2025-12-12,8,OTA,EUR,454.05,454.05,False,3632.4,True,False,False,False
BK02158,chiara lefevre,chiara.lefevre876@yahoo.com,UAE,kosher,2025-12-04,2025-12-04,2025-12-12,8,direct,EUR,369.03,369.03,False,2952.24,True,False,False,False
BK02159,al-farsi elena,elena.al-farsi219@gmail.com,Germany,senza glutine,2025-12-04,2025-12-04,2025-12-08,4,OTA,USD,398.4,366.53,False,1466.12,True,False,False,False
BK02160,al-farsi amelia,amelia.al-farsi953@gmail.com,Japan,internazionale,2025-12-04,2025-12-04,2025-12-08,4,direct,EUR,394.92,394.92,False,1579.68,True,False,False,False
BK02161,bianchi chiara,chiara.bianchi491@outlook.com,USA,vegetariana,2025-12-04,2025-12-04,2025-12-05,1,OTA,EUR,406.76,406.76,False,406.76,True,False,False,False
BK02162,colombo simone,simone.colombo263@gmail.com,France,senza glutine,2024-11-07,2025-12-04,2025-12-10,6,OTA,EUR,427.18,427.18,False,2563.08,True,False,False,False
BK02163,amelia kumar,amelia.kumar837@gmail.com,France,halal,2025-12-05,2025-12-05,2025-12-06,1,direct,USD,434.85,400.06,False,400.06,True,False,False,False
BK02164,bernard elena,elena.bernard105@icloud.com,France,vegana,2025-12-05,2025-12-05,2025-12-08,3,OTA,EUR,436.11,436.11,False,1308.33,True,False,False,False
BK02165,martinez nikolai,nikolai.martinez68@yahoo.com,Germany,kosher,2025-12-05,2025-12-05,2025-12-07,2,OTA,USD,502.53,462.33,True,0.0,True,False,False,False
BK02166,arjun dubois,arjun.dubois712@yahoo.com,Switzerland,kosher,2025-12-05,2025-12-05,2025-12-07,2,OTA,EUR,453.0,453.0,False,906.0,True,False,False,True
BK02167,ibrahim nikolai,nikolai.ibrahim211@yahoo.com,Spain,italiana,2025-12-05,2025-12-05,2025-12-08,3,OTA,EUR,520.25,520.25,False,1560.75,True,False,False,False
BK02168,girard sophie,sophie.girard38@gmail.com,Switzerland,pesce,2025-12-05,2025-12-05,2025-12-08,3,OTA,EUR,330.79,330.79,False,992.37,True,False,False,False
BK02169,arjun ricci,arjun.ricci847@icloud.com,Japan,kosher,2025-12-05,2025-12-05,2025-12-10,5,direct,EUR,442.1,442.1,False,2210.5,True,False,False,False
BK02170,astrid bernard,astrid.bernard21@gmail.com,Netherlands,vegana,2025-12-05,2025-12-05,2025-12-09,4,direct,EUR,426.85,426.85,False,1707.4,True,False,False,False
BK02171,david smith,david.smith199@yahoo.com,France,internazionale,2024-11-14,2025-12-05,2025-12-10,5,OTA,EUR,413.73,413.73,False,2068.65,True,False,False,True
BK02172,kobayashi simone,simone.kobayashi87@icloud.com,Spain,halal,2025-12-05,2025-12-05,2025-12-08,3,OTA,EUR,393.24,393.24,False,1179.72,True,False,False,False
BK02173,david park,david.park979@gmail.com,UK,senza glutine,2025-12-06,2025-12-06,2025-12-11,5,direct,EUR,403.28,403.28,False,2016.4,True,False,False,False
BK02174,matteo park,matteo.park451@icloud.com,Switzerland,vegana,2025-12-06,2025-12-06,2025-12-08,2,OTA,EUR,424.2,424.2,False,848.4,True,False,False,False
BK02175,meyer olivia,olivia.meyer302@icloud.com,Germany,halal,2025-01-31,2025-12-06,2025-12-11,5,OTA,EUR,363.35,363.35,False,1816.75,True,False,False,True
BK02176,bernard ingrid,ingrid.bernard224@icloud.com,UAE,kosher,2025-12-06,2025-12-06,2025-12-12,6,OTA,USD,410.61,377.76,False,2266.56,True,False,False,False
BK02177,fatima ivanov,fatima.ivanov395@icloud.com,Switzerland,pesce,2025-12-06,2025-12-06,2025-12-08,2,OTA,EUR,437.37,437.37,False,874.74,True,False,False,False
BK02178,ferreira luca,luca.ferreira532@gmail.com,France,kosher,2025-12-06,2025-12-06,2025-12-09,3,direct,EUR,339.34,339.34,False,1018.02,True,False,False,False
BK02179,greco yuki,yuki.greco566@outlook.com,France,pesce,2025-12-06,2025-12-06,2025-12-12,6,direct,USD,447.44,411.64,False,2469.84,True,False,False,False
BK02180,hans patel,hans.patel181@gmail.com,Germany,senza glutine,2025-12-06,2025-12-06,2025-12-09,3,OTA,USD,510.86,469.99,False,1409.97,True,False,False,False
BK02181,nowak silvia,silvia.nowak930@icloud.com,Switzerland,senza glutine,2025-12-06,2025-12-06,2025-12-11,5,OTA,EUR,476.01,476.01,False,2380.05,True,False,False,False
BK02182,matteo suzuki,matteo.suzuki277@gmail.com,Japan,senza glutine,2025-12-06,2025-12-06,2025-12-08,2,direct,USD,425.09,391.08,False,782.16,True,False,False,False
BK02183,girard ingrid,ingrid.girard820@outlook.com,Switzerland,internazionale,2025-12-06,2025-12-06,2025-12-09,3,OTA,EUR,462.94,462.94,False,1388.82,True,False,False,False
BK02184,francesco meyer,francesco.meyer827@icloud.com,France,vegana,2025-12-06,2025-12-06,2025-12-08,2,OTA,EUR,438.49,438.49,False,876.98,True,False,False,False
BK02185,maria silva,maria.silva496@outlook.com,Japan,halal,2024-09-20,2025-12-07,2025-12-11,4,OTA,EUR,416.48,416.48,False,1665.92,True,False,False,False
BK02186,bernard carlos,carlos.bernard400@outlook.com,UAE,italiana,2025-08-04,2025-12-07,2025-12-09,2,direct,EUR,389.82,389.82,False,779.64,True,False,False,True
BK02187,kenji park,kenji.park241@yahoo.com,Spain,pesce,2025-12-07,2025-12-07,2025-12-11,4,direct,EUR,405.79,405.79,False,1623.16,True,False,False,False
BK02188,giorgia patel,giorgia.patel945@yahoo.com,UAE,halal,2025-12-07,2025-12-07,2025-12-10,3,OTA,EUR,492.87,492.87,False,1478.61,True,False,False,False
BK02189,robert yamamoto,robert.yamamoto503@yahoo.com,UAE,senza glutine,2025-12-07,2025-12-07,2025-12-08,1,OTA,EUR,463.81,463.81,False,463.81,True,False,False,False
BK02190,andrea bianchi,andrea.bianchi952@icloud.com,Italy,vegana,2025-07-02,2025-12-07,2025-12-10,3,OTA,EUR,436.66,436.66,False,1309.98,True,False,False,True
BK02191,dubois jean,jean.dubois109@gmail.com,Spain,senza glutine,2025-12-07,2025-12-07,2025-12-10,3,OTA,EUR,442.45,442.45,False,1327.35,True,False,False,False
BK02192,nikolai wagner,nikolai.wagner981@icloud.com,USA,pesce,2025-12-07,2025-12-07,2025-12-09,2,OTA,EUR,404.5,404.5,False,809.0,True,False,False,False
BK02193,anna silva,anna.silva236@gmail.com,USA,halal,2025-12-07,2025-12-07,2025-12-09,2,direct,EUR,424.75,424.75,False,849.5,True,False,False,False
BK02194,ingrid popov,ingrid.popov883@outlook.com,UK,halal,2025-12-07,2025-12-07,2025-12-11,4,OTA,EUR,454.77,454.77,False,1819.08,True,False,False,False
BK02195,arjun rossi,arjun.rossi623@gmail.com,Netherlands,italiana,2025-12-08,2025-12-08,2025-12-12,4,direct,EUR,425.31,425.31,False,1701.24,True,False,False,False
BK02196,giorgia smith,giorgia.smith475@outlook.com,Italy,vegetariana,2025-12-08,2025-12-08,2025-12-12,4,OTA,EUR,386.8,386.8,False,1547.2,True,False,False,False
BK02197,al-rashid nikolai,nikolai.al-rashid925@yahoo.com,USA,kosher,2025-12-08,2025-12-08,2025-12-09,1,OTA,USD,456.41,419.9,False,419.9,True,False,False,False
BK02198,omar popov,omar.popov836@icloud.com,Netherlands,vegana,2025-05-01,2025-12-08,2025-12-13,5,direct,EUR,363.01,363.01,False,1815.05,True,False,False,False
BK02199,klaus marino,klaus.marino321@outlook.com,Japan,senza glutine,2025-12-08,2025-12-08,2025-12-10,2,direct,USD,416.59,383.26,False,766.52,True,False,False,False
BK02200,park robert,robert.park74@outlook.com,Switzerland,pesce,2025-12-08,2025-12-08,2025-12-11,3,direct,EUR,346.99,346.99,True,0.0,True,False,False,False
BK02201,sara watanabe,sara.watanabe563@yahoo.com,UAE,internazionale,2025-12-08,2025-12-08,2025-12-11,3,direct,USD,307.23,282.65,False,847.95,True,False,False,False
BK02202,olga petrov,olga.petrov830@gmail.com,Switzerland,kosher,2025-12-08,2025-12-08,2025-12-10,2,OTA,EUR,420.53,420.53,False,841.06,True,False,False,False
BK02203,ferrari luca,luca.ferrari587@outlook.com,Italy,italiana,2025-12-08,2025-12-08,2025-12-13,5,OTA,EUR,447.71,447.71,False,2238.55,True,False,False,False
BK02204,ananya lopez,ananya.lopez426@outlook.com,Italy,italiana,2025-12-08,2025-12-08,2025-12-13,5,direct,EUR,312.17,312.17,False,1560.85,True,False,False,False
BK02205,isabella schmidt,isabella.schmidt380@gmail.com,USA,senza glutine,2025-12-08,2025-12-08,2025-12-09,1,direct,EUR,442.42,442.42,False,442.42,True,False,False,False
BK02206,aiko ivanov,aiko.ivanov318@gmail.com,Germany,halal,2025-01-23,2025-12-08,2025-12-17,9,OTA,EUR,434.04,434.04,False,3906.36,True,False,False,False
BK02207,chen hans,hans.chen82@outlook.com,Switzerland,italiana,2025-06-07,2025-12-08,2025-12-12,4,OTA,EUR,436.63,436.63,False,1746.52,True,False,False,True
BK02208,ferreira william,william.ferreira682@icloud.com,Germany,vegana,2025-12-09,2025-12-09,2025-12-12,3,direct,USD,500.33,460.3,False,1380.9,True,False,False,False
BK02209,moreau patricia,patricia.moreau374@icloud.com,Netherlands,vegana,2025-12-09,2025-12-09,2025-12-15,6,OTA,EUR,400.04,400.04,False,2400.24,True,False,False,True
BK02210,astrid ibrahim,astrid.ibrahim935@outlook.com,UK,vegana,2025-12-09,2025-12-09,2025-12-11,2,OTA,EUR,502.69,502.69,False,1005.38,True,False,False,False
BK02211,astrid lopez,astrid.lopez867@gmail.com,France,vegetariana,2025-12-09,2025-12-09,2025-12-18,9,OTA,EUR,359.84,359.84,False,3238.56,True,False,False,False
BK02212,ferreira priya,priya.ferreira166@yahoo.com,Germany,halal,2025-12-09,2025-12-09,2025-12-13,4,OTA,EUR,389.54,389.54,False,1558.16,True,False,False,False
BK02213,marino omar,omar.marino870@gmail.com,Germany,pesce,2025-12-10,2025-12-10,2025-12-13,3,OTA,USD,403.21,370.95,False,1112.85,True,False,False,False
BK02214,greco patricia,patricia.greco566@yahoo.com,UAE,halal,2025-12-10,2025-12-10,2025-12-11,1,direct,USD,476.62,438.49,False,438.49,True,False,False,False
BK02215,john moreau,john.moreau477@gmail.com,Italy,halal,2025-12-10,2025-12-10,2025-12-13,3,OTA,EUR,393.17,393.17,True,0.0,True,False,False,False
BK02216,simone sokolov,simone.sokolov370@icloud.com,Germany,italiana,2025-12-10,2025-12-10,2025-12-13,3,direct,EUR,469.17,469.17,False,1407.51,True,False,False,False
BK02217,andersen david,david.andersen981@gmail.com,Germany,kosher,2025-12-10,2025-12-10,2025-12-12,2,OTA,USD,463.15,426.1,False,852.2,True,False,False,False
BK02218,fatima yamamoto,fatima.yamamoto841@gmail.com,Italy,internazionale,2025-12-10,2025-12-10,2025-12-13,3,OTA,EUR,400.49,400.49,False,1201.47,True,False,False,False
BK02219,aiko novak,aiko.novak239@gmail.com,USA,senza glutine,2025-03-11,2025-12-10,2025-12-13,3,OTA,EUR,444.17,444.17,True,0.0,True,False,False,False
BK02220,laura schmidt,laura.schmidt833@outlook.com,Switzerland,internazionale,2025-12-10,2025-12-10,2025-12-15,5,direct,EUR,425.93,425.93,False,2129.65,True,False,False,False
BK02221,erik leroy,erik.leroy578@yahoo.com,Germany,italiana,2025-12-10,2025-12-10,2025-12-14,4,OTA,EUR,464.15,464.15,False,1856.6,True,False,False,False
BK02222,andrea kaczmarek,andrea.kaczmarek199@yahoo.com,Switzerland,kosher,2025-12-11,2025-12-11,2025-12-13,2,direct,EUR,483.14,483.14,True,0.0,True,False,False,False
BK02223,ahmed suzuki,ahmed.suzuki602@gmail.com,France,vegetariana,2025-09-10,2025-12-11,2025-12-14,3,OTA,USD,405.79,373.33,False,1119.99,True,False,False,True
BK02224,james nilsson,james.nilsson286@outlook.com,Italy,halal,2025-12-11,2025-12-11,2025-12-14,3,direct,USD,437.49,402.49,False,1207.47,True,False,False,False
BK02225,meyer william,william.meyer526@gmail.com,Switzerland,italiana,2025-10-11,2025-12-11,2025-12-16,5,OTA,USD,425.05,391.05,False,1955.25,True,False,False,True
BK02226,amelia marino,amelia.marino308@yahoo.com,Switzerland,kosher,2025-07-24,2025-12-12,2025-12-13,1,OTA,USD,467.96,430.52,False,430.52,True,False,False,False
BK02227,anna kowalski,anna.kowalski549@yahoo.com,Netherlands,senza glutine,2025-06-21,2025-12-12,2025-12-15,3,direct,EUR,461.55,461.55,False,1384.65,True,False,False,False
BK02228,muller youssef,youssef.muller416@icloud.com,Germany,internazionale,2025-12-12,2025-12-12,2025-12-16,4,OTA,EUR,433.49,433.49,False,1733.96,True,False,False,False
BK02229,conti sophie,sophie.conti688@outlook.com,Switzerland,internazionale,2025-12-12,2025-12-12,2025-12-17,5,direct,EUR,413.11,413.11,False,2065.55,True,False,False,False
BK02230,david kowalski,david.kowalski52@outlook.com,Germany,vegetariana,2025-12-12,2025-12-12,2025-12-14,2,OTA,EUR,469.28,469.28,False,938.56,True,False,False,False
BK02231,chen pierre,pierre.chen597@gmail.com,USA,pesce,2025-12-12,2025-12-12,2025-12-15,3,OTA,EUR,360.99,360.99,False,1082.97,True,False,False,False
BK02232,charlotte leroy,charlotte.leroy679@yahoo.com,France,internazionale,2025-12-12,2025-12-12,2025-12-16,4,OTA,EUR,382.05,382.05,False,1528.2,True,False,False,False
BK02233,leroy valentina,valentina.leroy458@outlook.com,UAE,pesce,2025-12-13,2025-12-13,2025-12-18,5,OTA,EUR,447.54,447.54,True,0.0,True,False,False,False
BK02234,hassan marco,marco.hassan466@icloud.com,Netherlands,vegana,2025-12-13,2025-12-13,2025-12-14,1,OTA,EUR,437.13,437.13,False,437.13,True,False,False,False
BK02235,bianchi kenji,kenji.bianchi330@gmail.com,USA,italiana,2025-06-12,2025-12-13,2025-12-17,4,OTA,EUR,463.12,463.12,False,1852.48,True,False,False,True
BK02236,camille ricci,camille.ricci247@icloud.com,USA,internazionale,2025-12-13,2025-12-13,2025-12-17,4,OTA,EUR,489.56,489.56,False,1958.24,True,False,False,False
BK02237,ananya smith,ananya.smith528@gmail.com,Germany,internazionale,2025-09-25,2025-12-13,2025-12-17,4,OTA,USD,364.89,335.7,False,1342.8,True,False,False,False
BK02238,layla petrov,layla.petrov508@yahoo.com,Switzerland,internazionale,2025-11-09,2025-12-13,2025-12-16,3,direct,EUR,355.74,355.74,False,1067.22,True,False,False,False
BK02239,anna suzuki,anna.suzuki458@icloud.com,Switzerland,vegana,2025-12-13,2025-12-13,2025-12-17,4,OTA,EUR,422.98,422.98,True,0.0,True,False,False,True
BK02240,esposito robert,robert.esposito229@outlook.com,Japan,pesce,2025-12-13,2025-12-13,2025-12-16,3,direct,EUR,412.65,412.65,True,0.0,True,False,False,False
BK02241,al-farsi patricia,patricia.al-farsi535@icloud.com,Switzerland,vegana,2025-12-14,2025-12-14,2025-12-19,5,direct,EUR,322.27,322.27,False,1611.35,True,False,False,False
BK02242,garcia layla,layla.garcia520@icloud.com,Japan,halal,2024-12-06,2025-12-14,2025-12-19,5,direct,EUR,429.26,429.26,False,2146.3,True,False,False,False
BK02243,nowak valentina,valentina.nowak107@gmail.com,Spain,vegana,2025-12-14,2025-12-14,2025-12-17,3,direct,EUR,412.71,412.71,False,1238.13,True,False,False,False
BK02244,patricia yamamoto,patricia.yamamoto170@icloud.com,Germany,kosher,2025-12-14,2025-12-14,2025-12-15,1,direct,EUR,458.42,458.42,False,458.42,True,False,False,False
BK02245,giulia hassan,giulia.hassan101@outlook.com,France,italiana,2025-12-14,2025-12-14,2025-12-17,3,OTA,EUR,449.84,449.84,False,1349.52,True,False,False,False
BK02246,aiko park,aiko.park705@icloud.com,UK,italiana,2025-04-27,2025-12-14,2025-12-17,3,direct,USD,405.29,372.87,False,1118.61,True,False,False,True
BK02247,fischer silvia,silvia.fischer761@gmail.com,Italy,italiana,2025-12-14,2025-12-14,2025-12-20,6,OTA,EUR,487.91,487.91,False,2927.46,True,False,False,False
BK02248,ahmed tanaka,ahmed.tanaka228@yahoo.com,Spain,kosher,2025-12-14,2025-12-14,2025-12-18,4,OTA,EUR,516.94,516.94,False,2067.76,True,False,False,False
BK02249,novak priya,priya.novak22@outlook.com,Switzerland,halal,2025-12-14,2025-12-14,2025-12-16,2,direct,EUR,349.25,349.25,False,698.5,True,False,False,False
BK02250,elena meyer,elena.meyer4@icloud.com,Spain,vegana,2025-12-14,2025-12-14,2025-12-17,3,direct,EUR,456.45,456.45,False,1369.35,True,False,False,False
BK02251,luca romano,luca.romano411@yahoo.com,UK,senza glutine,2025-12-14,2025-12-14,2025-12-16,2,OTA,USD,429.23,394.89,False,789.78,True,False,False,False
BK02252,andrea nilsson,andrea.nilsson125@gmail.com,Netherlands,vegana,2025-12-15,2025-12-15,2025-12-18,3,OTA,EUR,415.77,415.77,True,0.0,True,False,False,False
BK02253,bernard giorgia,giorgia.bernard393@yahoo.com,Netherlands,kosher,2025-12-15,2025-12-15,2025-12-21,6,OTA,EUR,416.88,416.88,False,2501.28,True,False,False,False
BK02254,chen william,william.chen487@outlook.com,Italy,italiana,2025-02-03,2025-12-15,2025-12-18,3,OTA,USD,411.37,378.46,False,1135.38,True,False,False,False
BK02255,arjun greco,arjun.greco468@outlook.com,USA,vegana,2025-12-15,2025-12-15,2025-12-18,3,OTA,EUR,494.12,494.12,False,1482.36,True,False,False,False
BK02256,ferrari patricia,patricia.ferrari762@gmail.com,UK,halal,2025-12-15,2025-12-15,2025-12-18,3,OTA,EUR,481.12,481.12,False,1443.36,True,False,False,False
BK02257,alessandro garcia,alessandro.garcia758@gmail.com,UAE,vegetariana,2025-12-15,2025-12-15,2025-12-18,3,OTA,EUR,474.66,474.66,False,1423.98,True,False,False,False
BK02258,jean romano,jean.romano990@outlook.com,UK,pesce,2025-09-23,2025-12-16,2025-12-20,4,OTA,EUR,467.37,467.37,True,0.0,True,False,False,True
BK02259,matteo sharma,matteo.sharma779@icloud.com,Italy,kosher,2024-12-12,2025-12-16,2025-12-22,6,direct,EUR,447.18,447.18,False,2683.08,True,False,False,False
BK02260,bruno nikolai,nikolai.bruno298@icloud.com,Japan,vegetariana,2025-12-16,2025-12-16,2025-12-19,3,direct,USD,487.33,448.34,False,1345.02,True,False,False,False
BK02261,giulia rossi,giulia.rossi119@gmail.com,France,italiana,2025-08-08,2025-12-16,2025-12-18,2,direct,EUR,443.15,443.15,False,886.3,True,False,False,True
BK02262,colombo elena,elena.colombo972@outlook.com,Spain,kosher,2025-12-16,2025-12-16,2025-12-19,3,OTA,EUR,549.82,549.82,False,1649.46,True,False,False,False
BK02263,ingrid kowalski,ingrid.kowalski317@icloud.com,Germany,senza glutine,2025-12-16,2025-12-16,2025-12-20,4,direct,EUR,546.81,546.81,True,0.0,True,False,False,False
BK02264,al-rashid sara,sara.al-rashid359@icloud.com,UK,internazionale,2025-12-16,2025-12-16,2025-12-20,4,OTA,EUR,488.83,488.83,False,1955.32,True,False,False,False
BK02265,amelia watanabe,amelia.watanabe207@icloud.com,USA,vegetariana,2025-12-16,2025-12-16,2025-12-19,3,direct,EUR,444.57,444.57,True,0.0,True,False,False,False
BK02266,lucia moreau,lucia.moreau348@gmail.com,Switzerland,internazionale,2025-12-16,2025-12-16,2025-12-20,4,OTA,EUR,399.18,399.18,False,1596.72,True,False,False,False
BK02267,chiara dubois,chiara.dubois464@yahoo.com,France,vegana,2025-12-17,2025-12-17,2025-12-18,1,OTA,EUR,430.8,430.8,False,430.8,True,False,False,False
BK02268,erik suzuki,erik.suzuki996@outlook.com,Japan,vegetariana,2025-12-17,2025-12-17,2025-12-19,2,OTA,EUR,437.68,437.68,True,0.0,True,False,False,False
BK02269,giorgia novak,giorgia.novak585@yahoo.com,USA,vegetariana,2025-12-17,2025-12-17,2025-12-19,2,OTA,EUR,342.72,342.72,False,685.44,True,False,False,False
BK02270,kim marco,marco.kim841@outlook.com,USA,senza glutine,2025-12-17,2025-12-17,2025-12-23,6,OTA,EUR,435.31,435.31,False,2611.86,True,False,False,False
BK02271,ingrid patel,ingrid.patel30@yahoo.com,Netherlands,italiana,2025-12-17,2025-12-17,2025-12-21,4,direct,EUR,415.93,415.93,False,1663.72,True,False,False,False
BK02272,dubois youssef,youssef.dubois151@yahoo.com,Netherlands,senza glutine,2025-12-17,2025-12-17,2025-12-22,5,OTA,EUR,366.89,366.89,False,1834.45,True,False,False,False
BK02273,moreau thomas,thomas.moreau640@yahoo.com,Netherlands,senza glutine,2025-10-04,2025-12-17,2025-12-20,3,OTA,EUR,516.98,516.98,True,0.0,True,False,False,True
BK02274,astrid popov,astrid.popov482@outlook.com,Italy,italiana,2025-12-17,2025-12-17,2025-12-19,2,direct,EUR,342.82,342.82,False,685.64,True,False,False,False
BK02275,fatima watanabe,fatima.watanabe657@gmail.com,UK,vegana,2025-12-17,2025-12-17,2025-12-20,3,OTA,EUR,440.24,440.24,True,0.0,True,False,True,False
BK02276,chen sara,sara.chen951@gmail.com,UK,pesce,2024-10-27,2025-12-18,2025-12-20,2,direct,EUR,394.07,394.07,False,788.14,True,False,False,False
BK02277,david muller,david.muller225@outlook.com,Germany,kosher,2025-12-18,2025-12-18,2025-12-24,6,direct,USD,377.68,347.47,False,2084.82,True,False,False,False
BK02278,giulia leroy,giulia.leroy311@icloud.com,Italy,senza glutine,2025-09-30,2025-12-18,2025-12-22,4,direct,EUR,421.04,421.04,True,0.0,True,False,False,True
BK02279,al-farsi lucia,lucia.al-farsi400@gmail.com,Spain,kosher,2025-12-18,2025-12-18,2025-12-22,4,direct,EUR,420.27,420.27,True,0.0,True,False,False,False
BK02280,arjun dubois,arjun.dubois712@yahoo.com,Switzerland,kosher,2025-12-05,2025-12-18,2025-12-22,4,direct,EUR,478.37,478.37,True,0.0,True,False,False,True
BK02281,elena lopez,elena.lopez46@outlook.com,Netherlands,italiana,2025-12-19,2025-12-19,2025-12-23,4,direct,EUR,419.18,419.18,False,1676.72,True,False,False,False
BK02282,paolo smith,paolo.smith298@outlook.com,USA,vegetariana,2025-12-19,2025-12-19,2025-12-22,3,direct,USD,435.68,400.83,False,1202.49,True,False,False,False
BK02283,garcia klaus,klaus.garcia559@icloud.com,UK,internazionale,2024-11-16,2025-12-19,2025-12-22,3,OTA,EUR,479.76,479.76,False,1439.28,True,False,False,True
BK02284,bianchi marco,marco.bianchi202@icloud.com,Switzerland,pesce,2025-12-19,2025-12-19,2025-12-21,2,OTA,EUR,464.74,464.74,True,0.0,True,False,False,False
BK02285,anna kobayashi,anna.kobayashi951@icloud.com,Germany,vegana,2025-12-19,2025-12-19,2025-12-21,2,OTA,EUR,446.18,446.18,False,892.36,True,False,False,False
BK02286,moreau patricia,patricia.moreau374@icloud.com,Netherlands,vegana,2025-12-09,2025-12-19,2025-12-21,2,direct,USD,459.71,422.93,False,845.86,True,False,False,True
BK02287,diego garcia,diego.garcia584@icloud.com,Japan,kosher,2025-12-19,2025-12-19,2025-12-21,2,direct,EUR,371.97,371.97,False,743.94,True,False,False,False
BK02288,emma nakamura,emma.nakamura313@outlook.com,Spain,italiana,2025-12-19,2025-12-19,2025-12-21,2,OTA,EUR,381.32,381.32,False,762.64,True,False,False,False
BK02289,federica singh,federica.singh259@gmail.com,Japan,pesce,2025-12-19,2025-12-19,2025-12-25,6,OTA,EUR,468.3,468.3,False,2809.8,True,False,False,False
BK02290,marino pierre,pierre.marino828@outlook.com,UAE,italiana,2024-10-04,2025-12-19,2025-12-20,1,direct,EUR,405.97,405.97,False,405.97,True,False,False,False
BK02291,carlos moreau,carlos.moreau211@icloud.com,Japan,vegetariana,2025-12-19,2025-12-19,2025-12-21,2,direct,EUR,300.09,300.09,False,600.18,True,False,False,False
BK02292,patricia wagner,patricia.wagner458@yahoo.com,Italy,kosher,2025-12-19,2025-12-19,2025-12-21,2,direct,EUR,413.68,413.68,False,827.36,True,False,False,False
BK02293,klaus patel,klaus.patel829@gmail.com,Germany,vegana,2025-12-20,2025-12-20,2025-12-23,3,OTA,EUR,414.06,414.06,False,1242.18,True,False,False,False
BK02294,elena fischer,elena.fischer926@icloud.com,UK,internazionale,2025-12-20,2025-12-20,2025-12-25,5,direct,USD,341.47,314.15,True,0.0,True,False,False,True
BK02295,hassan pierre,pierre.hassan608@gmail.com,USA,senza glutine,2025-10-29,2025-12-20,2025-12-22,2,OTA,EUR,491.89,491.89,False,983.78,True,False,False,True
BK02296,erik martinez,erik.martinez973@gmail.com,UAE,kosher,2025-12-20,2025-12-20,2025-12-25,5,OTA,EUR,414.71,414.71,False,2073.55,True,False,False,False
BK02297,alessandro novak,alessandro.novak591@gmail.com,USA,kosher,2025-12-20,2025-12-20,2025-12-22,2,direct,EUR,353.15,353.15,False,706.3,True,False,False,False
BK02298,elena kim,elena.kim352@gmail.com,Spain,senza glutine,2025-12-20,2025-12-20,2025-12-23,3,direct,EUR,452.77,452.77,False,1358.31,True,False,False,False
BK02299,fischer giorgia,giorgia.fischer448@gmail.com,UAE,italiana,2025-12-20,2025-12-20,2025-12-22,2,direct,EUR,404.64,404.64,False,809.28,True,False,False,False
BK02300,garcia giulia,giulia.garcia784@outlook.com,UAE,pesce,2025-06-22,2025-12-20,2025-12-28,8,OTA,EUR,491.1,491.1,False,3928.8,True,False,False,False
BK02301,federica ivanov,federica.ivanov652@outlook.com,UK,pesce,2025-12-21,2025-12-21,2025-12-23,2,OTA,EUR,408.62,408.62,True,0.0,True,False,False,False
BK02302,singh yuki,yuki.singh267@outlook.com,Netherlands,kosher,2025-12-21,2025-12-21,2025-12-26,5,OTA,EUR,427.25,427.25,False,2136.25,True,False,False,False
BK02303,hans klein,hans.klein677@icloud.com,USA,internazionale,2025-12-21,2025-12-21,2025-12-24,3,OTA,EUR,369.85,369.85,False,1109.55,True,False,False,True
BK02304,camille chen,camille.chen529@yahoo.com,USA,vegetariana,2025-12-21,2025-12-21,2025-12-23,2,OTA,EUR,364.26,364.26,True,0.0,True,False,False,False
BK02305,kumar olga,olga.kumar664@icloud.com,Netherlands,vegana,2025-12-21,2025-12-21,2025-12-24,3,OTA,EUR,376.1,376.1,False,1128.3,True,False,False,False
BK02306,luca novak,luca.novak729@gmail.com,Italy,internazionale,2025-12-21,2025-12-21,2025-12-23,2,direct,EUR,412.19,412.19,False,824.38,True,False,False,False
BK02307,al-farsi nikolai,nikolai.al-farsi354@icloud.com,Netherlands,senza glutine,2025-12-21,2025-12-21,2025-12-24,3,OTA,EUR,376.12,376.12,False,1128.36,True,False,False,False
BK02308,olga schmidt,olga.schmidt197@icloud.com,Netherlands,senza glutine,2025-12-21,2025-12-21,2025-12-26,5,direct,EUR,420.3,420.3,False,2101.5,True,False,False,False
BK02309,bianchi henri,henri.bianchi607@yahoo.com,UAE,internazionale,2025-12-21,2025-12-21,2025-12-25,4,OTA,USD,409.86,377.07,False,1508.28,True,False,False,False
BK02310,fischer hans,hans.fischer143@gmail.com,France,italiana,2025-09-30,2025-12-22,2025-12-31,9,OTA,EUR,421.69,421.69,False,3795.21,True,False,False,True
BK02311,girard laura,laura.girard23@yahoo.com,Italy,internazionale,2025-10-15,2025-12-22,2025-12-27,5,direct,EUR,509.75,509.75,False,2548.75,True,False,False,False
BK02312,alessandro marino,alessandro.marino973@gmail.com,Switzerland,italiana,2025-09-09,2025-12-23,2025-12-29,6,direct,EUR,398.84,398.84,False,2393.04,True,False,False,True
BK02313,al-rashid astrid,astrid.al-rashid226@gmail.com,Netherlands,vegana,2025-12-23,2025-12-23,2025-12-24,1,OTA,EUR,451.78,451.78,False,451.78,True,False,False,False
BK02314,al-farsi sara,sara.al-farsi628@icloud.com,UK,halal,2025-12-23,2025-12-23,2025-12-25,2,OTA,EUR,432.24,432.24,False,864.48,True,False,False,False
BK02315,patricia weber,patricia.weber919@yahoo.com,USA,internazionale,2025-12-23,2025-12-23,2025-12-27,4,OTA,EUR,406.39,406.39,False,1625.56,True,False,False,False
BK02316,ferreira pierre,pierre.ferreira148@outlook.com,Netherlands,vegetariana,2025-12-23,2025-12-23,2025-12-25,2,OTA,EUR,493.95,493.95,False,987.9,True,False,False,False
BK02317,andersen andrea,andrea.andersen91@yahoo.com,USA,italiana,2025-12-23,2025-12-23,2025-12-25,2,direct,EUR,435.81,435.81,False,871.62,True,False,False,True
BK02318,ekaterina park,ekaterina.park413@gmail.com,France,senza glutine,2025-08-05,2025-12-23,2025-12-24,1,direct,USD,428.9,394.59,False,394.59,True,False,False,True
BK02319,elena patel,elena.patel982@icloud.com,Spain,italiana,2025-12-23,2025-12-23,2025-12-26,3,OTA,USD,428.69,394.39,False,1183.17,True,False,False,False
BK02320,conti marco,marco.conti497@icloud.com,Italy,halal,2025-12-23,2025-12-23,2025-12-26,3,OTA,EUR,408.36,408.36,False,1225.08,True,False,False,False
BK02321,nikolai nowak,nikolai.nowak788@gmail.com,France,halal,2025-12-23,2025-12-23,2025-12-26,3,OTA,USD,404.51,372.15,False,1116.45,True,False,False,False
BK02322,layla schmidt,layla.schmidt514@icloud.com,France,italiana,2025-12-24,2025-12-24,2025-12-27,3,OTA,EUR,455.03,455.03,False,1365.09,True,False,False,False
BK02323,leroy maria,maria.leroy39@outlook.com,UAE,halal,2025-12-24,2025-12-24,2025-12-28,4,direct,EUR,457.02,457.02,False,1828.08,True,False,False,False
BK02324,olga sharma,olga.sharma964@icloud.com,France,internazionale,2025-12-24,2025-12-24,2025-12-28,4,OTA,EUR,451.01,451.01,True,0.0,True,False,False,False
BK02325,kowalski matteo,matteo.kowalski874@gmail.com,UAE,italiana,2025-12-24,2025-12-24,2025-12-25,1,direct,EUR,436.12,436.12,False,436.12,True,False,False,False
BK02326,schmidt yuki,yuki.schmidt786@gmail.com,Japan,vegetariana,2025-12-24,2025-12-24,2025-12-27,3,direct,EUR,459.74,459.74,False,1379.22,True,False,False,False
BK02327,ahmed wagner,ahmed.wagner882@icloud.com,UAE,senza glutine,2025-09-26,2025-12-24,2025-12-27,3,OTA,EUR,420.19,420.19,False,1260.57,True,False,False,True
BK02328,federica klein,federica.klein47@yahoo.com,Italy,senza glutine,2025-12-24,2025-12-24,2025-12-27,3,OTA,EUR,491.44,491.44,False,1474.32,True,False,False,False
BK02329,robert schmidt,robert.schmidt739@gmail.com,Switzerland,vegana,2025-01-20,2025-12-25,2025-12-28,3,OTA,USD,421.99,388.23,False,1164.69,True,False,False,False
BK02330,hans popov,hans.popov71@gmail.com,UK,italiana,2025-12-25,2025-12-25,2025-12-30,5,direct,EUR,414.66,414.66,False,2073.3,True,False,False,False
BK02331,lefevre marco,marco.lefevre417@gmail.com,Switzerland,italiana,2025-12-25,2025-12-25,2025-12-27,2,direct,EUR,496.55,496.55,False,993.1,True,False,False,False
BK02332,marie muller,marie.muller302@outlook.com,Germany,halal,2025-12-25,2025-12-25,2025-12-28,3,OTA,EUR,410.66,410.66,False,1231.98,True,False,False,False
BK02333,charlotte novak,charlotte.novak19@gmail.com,France,internazionale,2025-12-25,2025-12-25,2025-12-27,2,direct,EUR,504.04,504.04,False,1008.08,True,False,False,False
BK02334,muller simone,simone.muller791@gmail.com,Germany,senza glutine,2025-08-15,2025-12-25,2025-12-28,3,OTA,EUR,437.98,437.98,False,1313.94,True,False,False,False
BK02335,federica garcia,federica.garcia25@icloud.com,USA,internazionale,2025-12-25,2025-12-25,2025-12-30,5,OTA,USD,504.61,464.24,False,2321.2,True,False,False,False
BK02336,andersen olivia,olivia.andersen990@yahoo.com,Netherlands,italiana,2025-12-25,2025-12-25,2025-12-27,2,OTA,EUR,419.7,419.7,False,839.4,True,False,False,False
BK02337,sophie yamamoto,sophie.yamamoto738@yahoo.com,USA,vegana,2025-09-14,2025-12-25,2025-12-27,2,OTA,EUR,453.76,453.76,False,907.52,True,False,False,False
BK02338,leroy priya,priya.leroy476@outlook.com,Japan,vegana,2025-12-26,2025-12-26,2025-12-30,4,OTA,USD,357.69,329.07,False,1316.28,True,False,False,False
BK02339,ferrari isabella,isabella.ferrari405@yahoo.com,Italy,internazionale,2025-12-26,2025-12-26,2025-12-30,4,direct,EUR,336.53,336.53,False,1346.12,True,False,False,False
BK02340,priya yamamoto,priya.yamamoto485@yahoo.com,Germany,halal,2025-12-26,2025-12-26,2025-12-30,4,OTA,USD,399.67,367.7,False,1470.8,True,False,False,False
BK02341,diego klein,diego.klein510@icloud.com,UK,halal,2025-12-26,2025-12-26,2025-12-29,3,OTA,EUR,447.35,447.35,False,1342.05,True,False,False,False
BK02342,nowak thomas,thomas.nowak124@outlook.com,Germany,vegetariana,2025-12-26,2025-12-26,2025-12-31,5,OTA,EUR,491.35,491.35,False,2456.75,True,False,False,False
BK02343,andersen thomas,thomas.andersen197@icloud.com,USA,internazionale,2025-12-26,2025-12-26,2025-12-30,4,direct,EUR,397.99,397.99,False,1591.96,True,False,False,False
BK02344,martinez robert,robert.martinez173@gmail.com,Germany,vegana,2025-12-26,2025-12-26,2025-12-30,4,direct,EUR,424.65,424.65,True,0.0,True,False,False,False
BK02345,marie marino,marie.marino657@gmail.com,UK,italiana,2025-09-13,2025-12-27,2025-12-31,4,OTA,EUR,468.67,468.67,True,0.0,True,False,False,False
BK02346,esposito jean,jean.esposito44@yahoo.com,France,vegana,2025-12-27,2025-12-27,2025-12-30,3,direct,USD,407.9,375.27,False,1125.81,True,False,False,False
BK02347,marco smith,marco.smith764@yahoo.com,Netherlands,vegana,2025-12-27,2025-12-27,2025-12-29,2,OTA,USD,349.32,321.37,False,642.74,True,False,False,False
BK02348,conti silvia,silvia.conti398@yahoo.com,Germany,vegetariana,2025-12-27,2025-12-27,2025-12-29,2,direct,EUR,423.84,423.84,False,847.68,True,False,False,False
BK02349,chiara sharma,chiara.sharma978@gmail.com,Switzerland,vegetariana,2025-12-27,2025-12-27,2025-12-29,2,direct,EUR,415.9,415.9,False,831.8,True,False,False,True
BK02350,anna weber,anna.weber99@outlook.com,Italy,internazionale,2025-12-27,2025-12-27,2025-12-28,1,direct,EUR,348.14,348.14,False,348.14,True,False,False,False
BK02351,laura suzuki,laura.suzuki434@icloud.com,Spain,vegetariana,2025-07-16,2025-12-27,2025-12-31,4,OTA,EUR,349.21,349.21,False,1396.84,True,False,False,True
BK02352,conti giulia,giulia.conti250@outlook.com,UK,senza glutine,2025-12-28,2025-12-28,2025-12-30,2,OTA,EUR,410.1,410.1,False,820.2,True,False,False,True
BK02353,astrid bruno,astrid.bruno586@gmail.com,Switzerland,kosher,2025-12-28,2025-12-28,2026-01-01,4,OTA,EUR,400.38,400.38,False,1601.52,True,False,False,False
BK02354,laura sokolov,laura.sokolov890@outlook.com,Spain,internazionale,2025-12-28,2025-12-28,2026-01-01,4,OTA,EUR,366.63,366.63,False,1466.52,True,False,False,False
BK02355,laura popov,laura.popov364@gmail.com,Japan,internazionale,2025-05-26,2025-12-28,2025-12-30,2,OTA,EUR,436.05,436.05,False,872.1,True,False,False,False
BK02356,charlotte park,charlotte.park125@icloud.com,USA,italiana,2025-04-15,2025-12-28,2026-01-02,5,direct,EUR,426.76,426.76,False,2133.8,True,False,False,True
BK02357,carlos johnson,carlos.johnson818@gmail.com,Italy,italiana,2025-12-28,2025-12-28,2025-12-31,3,direct,EUR,385.94,385.94,False,1157.82,True,False,False,False
BK02358,francesco novak,francesco.novak849@icloud.com,Italy,vegana,2025-12-28,2025-12-28,2025-12-31,3,direct,EUR,417.73,417.73,True,0.0,True,False,False,True
BK02359,ibrahim matteo,matteo.ibrahim336@gmail.com,UK,pesce,2025-12-28,2025-12-28,2026-01-02,5,direct,EUR,387.98,387.98,False,1939.9,True,False,False,False
BK02360,aiko popov,aiko.popov899@gmail.com,Japan,italiana,2025-12-28,2025-12-28,2026-01-03,6,direct,EUR,360.24,360.24,False,2161.44,True,False,False,False
BK02361,francesco popov,francesco.popov825@gmail.com,Netherlands,pesce,2025-12-28,2025-12-28,2025-12-29,1,direct,EUR,395.82,395.82,False,395.82,True,False,False,False
BK02362,schmidt valentina,valentina.schmidt320@icloud.com,Germany,kosher,2025-12-28,2025-12-28,2026-01-03,6,direct,USD,425.73,391.67,False,2350.02,True,False,False,False
BK02363,simone suzuki,simone.suzuki428@yahoo.com,Switzerland,internazionale,2025-12-28,2025-12-28,2026-01-01,4,direct,EUR,362.36,362.36,False,1449.44,True,False,False,False
BK02364,erik weber,erik.weber832@yahoo.com,Spain,kosher,2024-12-03,2025-12-29,2025-12-31,2,OTA,USD,429.84,395.45,True,0.0,True,False,False,True
BK02365,suzuki yuki,yuki.suzuki696@yahoo.com,Italy,vegana,2025-12-29,2025-12-29,2025-12-31,2,direct,EUR,405.52,405.52,False,811.04,True,False,False,False
BK02366,chen valentina,valentina.chen675@gmail.com,USA,halal,2025-11-25,2025-12-29,2026-01-06,8,direct,EUR,416.02,416.02,False,3328.16,True,False,False,False
BK02367,francesco marino,francesco.marino383@icloud.com,USA,vegana,2025-12-29,2025-12-29,2026-01-03,5,direct,USD,445.6,409.95,False,2049.75,True,False,False,False
BK02368,andersen youssef,youssef.andersen734@icloud.com,UAE,senza glutine,2025-12-29,2025-12-29,2026-01-01,3,OTA,EUR,428.35,428.35,True,0.0,True,False,False,False
BK02369,aiko dubois,aiko.dubois551@outlook.com,Switzerland,vegetariana,2024-12-27,2025-12-29,2025-12-31,2,OTA,EUR,470.65,470.65,True,0.0,True,False,False,False
BK02370,kenji marino,kenji.marino499@gmail.com,Spain,vegetariana,2025-12-29,2025-12-29,2026-01-01,3,direct,USD,396.96,365.2,False,1095.6,True,False,False,False
BK02371,henri patel,henri.patel888@outlook.com,France,senza glutine,2025-12-29,2025-12-29,2026-01-01,3,OTA,EUR,418.39,418.39,False,1255.17,True,False,False,False
BK02372,charlotte sokolov,charlotte.sokolov36@outlook.com,Switzerland,vegana,2025-02-28,2025-12-29,2026-01-01,3,OTA,EUR,357.9,357.9,False,1073.7,True,False,False,True
BK02373,astrid meyer,astrid.meyer129@yahoo.com,USA,vegana,2025-12-30,2025-12-30,2026-01-02,3,direct,EUR,326.65,326.65,False,979.95,True,False,False,False
BK02374,lucia nowak,lucia.nowak218@gmail.com,UK,vegetariana,2025-12-30,2025-12-30,2025-12-31,1,direct,EUR,391.44,391.44,True,0.0,True,False,False,False
BK02375,al-rashid marie,marie.al-rashid148@yahoo.com,France,senza glutine,2024-12-22,2025-12-30,2025-12-31,1,OTA,USD,435.25,400.43,False,400.43,True,False,False,True
BK02376,anna muller,anna.muller159@gmail.com,Netherlands,halal,2025-12-30,2025-12-30,2026-01-01,2,OTA,EUR,419.86,419.86,False,839.72,True,False,False,True
BK02377,fernandez maria,maria.fernandez580@icloud.com,Netherlands,internazionale,2025-12-30,2025-12-30,2026-01-02,3,direct,EUR,403.04,403.04,False,1209.12,True,False,False,False
BK02378,fatima nowak,fatima.nowak743@yahoo.com,UK,pesce,2025-12-30,2025-12-30,2026-01-02,3,OTA,EUR,439.55,439.55,False,1318.65,True,False,False,False
BK02379,john nakamura,john.nakamura112@yahoo.com,USA,vegana,2025-06-08,2025-12-30,2026-01-02,3,OTA,EUR,481.37,481.37,False,1444.11,True,False,False,True
BK02380,amelia sokolov,amelia.sokolov902@gmail.com,Italy,italiana,2025-12-31,2025-12-31,2026-01-05,5,OTA,EUR,360.59,360.59,False,1802.95,True,False,False,False
BK02381,elena moreau,elena.moreau324@icloud.com,Italy,halal,2025-12-31,2025-12-31,2026-01-02,2,OTA,EUR,400.96,400.96,False,801.92,True,False,False,False
BK02382,kumar maria,maria.kumar53@outlook.com,Switzerland,pesce,2025-12-31,2025-12-31,2026-01-03,3,direct,EUR,468.47,468.47,True,0.0,True,False,False,False
BK02383,chen klaus,klaus.chen864@outlook.com,Japan,kosher,2025-12-31,2025-12-31,2026-01-02,2,OTA,EUR,417.49,417.49,False,834.98,True,False,False,False
BK02384,nikolai suzuki,nikolai.suzuki692@icloud.com,Germany,vegana,2025-12-31,2025-12-31,2026-01-02,2,direct,EUR,352.56,352.56,False,705.12,True,False,False,False
BK02385,fernandez klaus,klaus.fernandez322@icloud.com,Italy,halal,2025-12-31,2025-12-31,2026-01-04,4,direct,EUR,417.06,417.06,True,0.0,True,False,False,False
BK02386,esposito isabella,isabella.esposito80@gmail.com,Netherlands,pesce,2025-05-28,2026-01-01,2026-01-04,3,OTA,EUR,216.08,216.08,False,648.24,False,False,False,False
BK02387,ibrahim john,john.ibrahim296@icloud.com,Japan,halal,2026-01-01,2026-01-01,2026-01-07,6,OTA,EUR,310.97,310.97,False,1865.82,False,False,False,False
BK02388,matteo nowak,matteo.nowak647@icloud.com,UAE,internazionale,2026-01-01,2026-01-01,2026-01-02,1,OTA,EUR,208.03,208.03,True,0.0,False,False,False,False
BK02389,astrid martinez,astrid.martinez213@yahoo.com,USA,internazionale,2026-01-01,2026-01-01,2026-01-04,3,direct,EUR,226.07,226.07,False,678.21,False,False,False,False
BK02390,maria suzuki,maria.suzuki395@gmail.com,UAE,pesce,2025-11-16,2026-01-02,2026-01-05,3,OTA,EUR,237.46,237.46,False,712.38,False,False,False,True
BK02391,johnson layla,layla.johnson350@outlook.com,Japan,italiana,2026-01-02,2026-01-02,2026-01-03,1,OTA,EUR,237.77,237.77,False,237.77,False,False,False,False
BK02392,fernandez giulia,giulia.fernandez242@gmail.com,Japan,italiana,2026-01-02,2026-01-02,2026-01-06,4,OTA,EUR,219.99,219.99,False,879.96,False,False,False,False
BK02393,ananya greco,ananya.greco398@gmail.com,UAE,internazionale,2026-01-02,2026-01-02,2026-01-03,1,OTA,EUR,269.75,269.75,False,269.75,False,False,False,False
BK02394,greco marco,marco.greco920@icloud.com,Switzerland,pesce,2026-01-03,2026-01-03,2026-01-04,1,OTA,EUR,277.12,277.12,False,277.12,False,False,False,False
BK02395,matteo watanabe,matteo.watanabe366@gmail.com,Switzerland,vegetariana,2026-01-03,2026-01-03,2026-01-04,1,direct,EUR,256.97,256.97,False,256.97,False,False,False,False
BK02396,amelia nilsson,amelia.nilsson626@yahoo.com,UAE,halal,2026-01-03,2026-01-03,2026-01-06,3,OTA,EUR,192.74,192.74,False,578.22,False,False,False,False
BK02397,dubois matteo,matteo.dubois292@yahoo.com,UAE,vegetariana,2026-01-04,2026-01-04,2026-01-05,1,direct,EUR,289.72,289.72,False,289.72,False,False,False,False
BK02398,al-rashid sophie,sophie.al-rashid600@icloud.com,UAE,vegana,2026-01-05,2026-01-05,2026-01-07,2,direct,EUR,224.69,224.69,False,449.38,False,False,False,False
BK02399,henri ibrahim,henri.ibrahim159@yahoo.com,France,internazionale,2026-01-05,2026-01-05,2026-01-06,1,OTA,EUR,254.78,254.78,False,254.78,False,False,False,False
BK02400,colombo valentina,valentina.colombo734@gmail.com,UK,kosher,2026-01-05,2026-01-05,2026-01-07,2,OTA,USD,227.28,209.1,False,418.2,False,False,False,False
BK02401,emma ibrahim,emma.ibrahim520@yahoo.com,Switzerland,pesce,2025-07-13,2026-01-06,2026-01-07,1,OTA,EUR,201.35,201.35,False,201.35,False,False,False,False
BK02402,petrov simone,simone.petrov753@icloud.com,Switzerland,vegana,2025-09-24,2026-01-06,2026-01-08,2,OTA,EUR,224.73,224.73,False,449.46,False,False,False,False
BK02403,hans nakamura,hans.nakamura238@gmail.com,Germany,vegana,2026-01-06,2026-01-06,2026-01-08,2,OTA,EUR,209.96,209.96,False,419.92,False,False,False,False
BK02404,elena greco,elena.greco272@icloud.com,Italy,vegetariana,2026-01-06,2026-01-06,2026-01-07,1,OTA,EUR,237.7,237.7,False,237.7,False,False,False,False
BK02405,luca meyer,luca.meyer780@gmail.com,Italy,halal,2026-01-06,2026-01-06,2026-01-08,2,OTA,EUR,223.6,223.6,False,447.2,False,False,True,False
BK02406,amelia muller,amelia.muller348@outlook.com,Spain,italiana,2025-04-11,2026-01-07,2026-01-10,3,OTA,USD,276.01,253.93,True,0.0,False,False,False,False
BK02407,leroy patricia,patricia.leroy644@gmail.com,USA,senza glutine,2025-09-07,2026-01-07,2026-01-08,1,OTA,EUR,240.4,240.4,False,240.4,False,False,False,True
BK02408,ahmed ricci,ahmed.ricci430@outlook.com,Italy,internazionale,2026-01-08,2026-01-08,2026-01-09,1,OTA,USD,261.36,240.45,False,240.45,False,False,False,False
BK02409,conti olga,olga.conti451@outlook.com,UK,italiana,2026-01-08,2026-01-08,2026-01-10,2,direct,EUR,266.39,266.39,False,532.78,False,False,False,False
BK02410,girard valentina,valentina.girard683@yahoo.com,Netherlands,internazionale,2026-01-08,2026-01-08,2026-01-10,2,OTA,EUR,259.35,259.35,False,518.7,False,False,False,False
BK02411,costa luca,luca.costa800@outlook.com,UK,italiana,2025-07-26,2026-01-09,2026-01-13,4,direct,EUR,240.95,240.95,False,963.8,False,False,False,True
BK02412,fatima park,fatima.park88@yahoo.com,UAE,pesce,2025-01-28,2026-01-09,2026-01-11,2,OTA,EUR,241.34,241.34,False,482.68,False,False,False,True
BK02413,bernard francesco,francesco.bernard346@outlook.com,Germany,pesce,2026-01-09,2026-01-09,2026-01-10,1,OTA,USD,292.77,269.35,False,269.35,False,False,False,False
BK02414,aiko kobayashi,aiko.kobayashi87@yahoo.com,Netherlands,vegetariana,2026-01-10,2026-01-10,2026-01-11,1,OTA,EUR,252.98,252.98,False,252.98,False,False,False,False
BK02415,fischer layla,layla.fischer144@outlook.com,Japan,internazionale,2024-12-20,2026-01-10,2026-01-11,1,OTA,USD,226.69,208.55,False,208.55,False,False,False,False
BK02416,conti federica,federica.conti570@gmail.com,France,vegetariana,2025-08-27,2026-01-10,2026-01-13,3,OTA,USD,234.92,216.13,False,648.39,False,False,False,True
BK02417,hans novak,hans.novak849@icloud.com,Italy,italiana,2025-04-04,2026-01-10,2026-01-14,4,OTA,USD,238.01,218.97,False,875.88,False,False,False,False
BK02418,olivia weber,olivia.weber558@yahoo.com,Spain,halal,2024-12-24,2026-01-10,2026-01-12,2,OTA,EUR,245.32,245.32,False,490.64,False,False,False,False
BK02419,marie sokolov,marie.sokolov787@yahoo.com,Japan,halal,2024-11-28,2026-01-10,2026-01-12,2,OTA,EUR,250.21,250.21,False,500.42,False,False,False,True
BK02420,klaus leroy,klaus.leroy835@yahoo.com,Switzerland,pesce,2024-11-25,2026-01-10,2026-01-11,1,OTA,USD,267.31,245.93,False,245.93,False,False,False,True
BK02421,hans moreau,hans.moreau885@yahoo.com,Spain,pesce,2026-01-11,2026-01-11,2026-01-15,4,OTA,USD,223.25,205.39,False,821.56,False,False,False,False
BK02422,arjun wagner,arjun.wagner890@outlook.com,UAE,vegetariana,2025-06-11,2026-01-11,2026-01-14,3,direct,EUR,217.39,217.39,False,652.17,False,False,False,True
BK02423,dubois giorgia,giorgia.dubois539@icloud.com,Italy,kosher,2026-01-11,2026-01-11,2026-01-14,3,direct,EUR,233.24,233.24,True,0.0,False,False,False,False
BK02424,valentina weber,valentina.weber990@gmail.com,Netherlands,senza glutine,2024-11-27,2026-01-11,2026-01-13,2,OTA,EUR,212.71,212.71,False,425.42,False,False,False,False
BK02425,greco sophie,sophie.greco940@yahoo.com,UK,italiana,2026-01-11,2026-01-11,2026-01-12,1,OTA,EUR,266.23,266.23,False,266.23,False,False,False,False
BK02426,ferreira valentina,valentina.ferreira474@icloud.com,Spain,internazionale,2025-07-10,2026-01-12,2026-01-15,3,OTA,EUR,241.66,241.66,False,724.98,False,False,False,False
BK02427,bianchi federica,federica.bianchi509@yahoo.com,Germany,internazionale,2026-01-12,2026-01-12,2026-01-13,1,OTA,EUR,210.84,210.84,False,210.84,False,False,False,False
BK02428,andrea muller,andrea.muller984@yahoo.com,UAE,pesce,2026-01-12,2026-01-12,2026-01-15,3,direct,USD,205.98,189.5,True,0.0,False,False,False,True
BK02429,kenji popov,kenji.popov527@gmail.com,Spain,kosher,2026-01-12,2026-01-12,2026-01-13,1,direct,EUR,229.49,229.49,False,229.49,False,False,False,False
BK02430,kobayashi sara,sara.kobayashi342@icloud.com,France,internazionale,2026-01-13,2026-01-13,2026-01-18,5,OTA,EUR,308.69,308.69,False,1543.45,False,False,False,False
BK02431,henri kowalski,henri.kowalski962@yahoo.com,Italy,halal,2024-12-23,2026-01-13,2026-01-15,2,OTA,EUR,187.73,187.73,True,0.0,False,False,False,False
BK02432,ahmed garcia,ahmed.garcia770@outlook.com,France,vegetariana,2025-08-10,2026-01-13,2026-01-14,1,OTA,EUR,242.44,242.44,False,242.44,False,False,False,False
BK02433,andrea bruno,andrea.bruno406@outlook.com,Italy,italiana,2026-01-13,2026-01-13,2026-01-16,3,direct,EUR,246.41,246.41,True,0.0,False,False,False,False
BK02434,lopez luca,luca.lopez653@icloud.com,Germany,senza glutine,2024-10-20,2026-01-13,2026-01-14,1,direct,EUR,242.64,242.64,False,242.64,False,False,False,True
BK02435,emma klein,emma.klein200@icloud.com,Netherlands,internazionale,2026-01-14,2026-01-14,2026-01-15,1,OTA,EUR,252.17,252.17,False,252.17,False,False,False,False
BK02436,chen laura,laura.chen861@yahoo.com,Italy,vegana,2026-01-14,2026-01-14,2026-01-17,3,direct,EUR,233.62,233.62,False,700.86,False,False,False,False
BK02437,andrea bernard,andrea.bernard475@yahoo.com,Netherlands,kosher,2026-01-15,2026-01-15,2026-01-17,2,direct,EUR,217.83,217.83,False,435.66,False,False,False,False
BK02438,hassan thomas,thomas.hassan267@yahoo.com,France,vegana,2026-01-16,2026-01-16,2026-01-19,3,OTA,EUR,258.29,258.29,False,774.87,False,False,False,False
BK02439,john romano,john.romano774@outlook.com,Switzerland,halal,2026-01-16,2026-01-16,2026-01-18,2,direct,EUR,209.33,209.33,False,418.66,False,False,False,False
BK02440,al-rashid amelia,amelia.al-rashid983@gmail.com,USA,internazionale,2025-07-04,2026-01-16,2026-01-19,3,OTA,EUR,209.92,209.92,True,0.0,False,False,False,True
BK02441,henri watanabe,henri.watanabe795@icloud.com,UK,halal,2025-07-14,2026-01-16,2026-01-17,1,OTA,EUR,221.68,221.68,True,0.0,False,False,False,True
BK02442,giorgia kowalski,giorgia.kowalski25@outlook.com,Switzerland,kosher,2026-01-16,2026-01-16,2026-01-17,1,OTA,EUR,264.61,264.61,False,264.61,False,False,False,False
BK02443,luca singh,luca.singh214@icloud.com,Switzerland,vegetariana,2026-01-16,2026-01-16,2026-01-18,2,OTA,EUR,240.19,240.19,True,0.0,False,False,False,False
BK02444,popov silvia,silvia.popov560@icloud.com,France,halal,2026-01-16,2026-01-16,2026-01-19,3,OTA,EUR,251.07,251.07,False,753.21,False,False,False,True
BK02445,federica watanabe,federica.watanabe731@outlook.com,UAE,halal,2026-01-17,2026-01-17,2026-01-20,3,OTA,EUR,231.56,231.56,False,694.68,False,False,False,False
BK02446,kumar matteo,matteo.kumar588@outlook.com,Spain,halal,2025-06-09,2026-01-17,2026-01-18,1,OTA,USD,210.02,193.22,True,0.0,False,False,False,False
BK02447,kenji silva,kenji.silva244@icloud.com,UK,kosher,2026-01-17,2026-01-17,2026-01-19,2,OTA,EUR,174.39,174.39,False,348.78,False,False,False,False
BK02448,astrid johnson,astrid.johnson646@yahoo.com,France,senza glutine,2026-01-17,2026-01-17,2026-01-20,3,OTA,EUR,269.46,269.46,False,808.38,False,False,False,False
BK02449,charlotte kumar,charlotte.kumar595@outlook.com,UAE,vegana,2026-01-17,2026-01-17,2026-01-19,2,OTA,USD,216.68,199.35,False,398.7,False,False,False,False
BK02450,aiko kim,aiko.kim603@gmail.com,France,halal,2026-01-17,2026-01-17,2026-01-18,1,OTA,USD,216.63,199.3,False,199.3,False,False,False,False
BK02451,ananya kumar,ananya.kumar669@icloud.com,Italy,pesce,2026-01-18,2026-01-18,2026-01-20,2,OTA,USD,238.28,219.22,True,0.0,False,False,False,True
BK02452,nilsson pierre,pierre.nilsson725@gmail.com,UK,internazionale,2026-01-18,2026-01-18,2026-01-19,1,OTA,EUR,211.08,211.08,False,211.08,False,False,False,False
BK02453,ingrid johnson,ingrid.johnson773@outlook.com,Germany,senza glutine,2026-01-18,2026-01-18,2026-01-21,3,OTA,EUR,226.51,226.51,False,679.53,False,False,False,False
BK02454,chiara patel,chiara.patel525@icloud.com,UK,italiana,2026-01-18,2026-01-18,2026-01-19,1,direct,EUR,232.69,232.69,False,232.69,False,False,False,False
BK02455,bianchi yuki,yuki.bianchi44@gmail.com,USA,pesce,2026-01-19,2026-01-19,2026-01-21,2,OTA,EUR,222.46,222.46,False,444.92,False,False,False,False
BK02456,giulia muller,giulia.muller800@icloud.com,Netherlands,italiana,2026-01-19,2026-01-19,2026-01-22,3,direct,EUR,186.37,186.37,False,559.11,False,False,False,False
BK02457,federica fischer,federica.fischer680@icloud.com,Germany,kosher,2024-12-27,2026-01-19,2026-01-20,1,OTA,EUR,241.89,241.89,False,241.89,False,False,False,False
BK02458,bianchi matteo,matteo.bianchi154@gmail.com,France,kosher,2026-01-19,2026-01-19,2026-01-20,1,OTA,EUR,242.23,242.23,False,242.23,False,False,False,False
BK02459,fernandez marie,marie.fernandez83@outlook.com,Switzerland,pesce,2026-01-20,2026-01-20,2026-01-21,1,OTA,EUR,281.62,281.62,False,281.62,False,False,False,False
BK02460,lefevre simone,simone.lefevre543@outlook.com,Switzerland,senza glutine,2026-01-20,2026-01-20,2026-01-24,4,OTA,EUR,229.33,229.33,False,917.32,False,False,False,False
BK02461,astrid sharma,astrid.sharma959@icloud.com,Japan,halal,2026-01-20,2026-01-20,2026-01-23,3,OTA,EUR,244.4,244.4,False,733.2,False,False,False,False
BK02462,carlos kim,carlos.kim743@gmail.com,Spain,pesce,2025-02-06,2026-01-20,2026-01-21,1,direct,EUR,267.64,267.64,False,267.64,False,False,False,True
BK02463,muller robert,robert.muller421@yahoo.com,Italy,vegana,2024-12-20,2026-01-20,2026-01-21,1,OTA,EUR,282.73,282.73,False,282.73,False,False,False,True
BK02464,dmitri sokolov,dmitri.sokolov830@yahoo.com,Japan,pesce,2026-01-21,2026-01-21,2026-01-26,5,OTA,EUR,187.38,187.38,True,0.0,False,False,False,False
BK02465,ananya tanaka,ananya.tanaka8@yahoo.com,Italy,vegana,2026-01-21,2026-01-21,2026-01-22,1,OTA,EUR,277.34,277.34,False,277.34,False,False,False,False
BK02466,chiara conti,chiara.conti405@icloud.com,Netherlands,kosher,2026-01-21,2026-01-21,2026-01-23,2,OTA,EUR,218.78,218.78,False,437.56,False,False,False,False
BK02467,giulia weber,giulia.weber722@gmail.com,USA,pesce,2026-01-21,2026-01-21,2026-01-23,2,direct,EUR,178.15,178.15,True,0.0,False,False,False,True
BK02468,lefevre priya,priya.lefevre538@icloud.com,Spain,halal,2025-01-24,2026-01-21,2026-01-24,3,direct,EUR,204.87,204.87,False,614.61,False,False,False,True
BK02469,nowak robert,robert.nowak743@outlook.com,Italy,vegana,2025-12-02,2026-01-21,2026-01-25,4,OTA,EUR,196.44,196.44,False,785.76,False,False,False,False
BK02470,silvia suzuki,silvia.suzuki441@gmail.com,Germany,vegana,2026-01-22,2026-01-22,2026-01-25,3,OTA,USD,252.62,232.41,False,697.23,False,False,False,False
BK02471,popov silvia,silvia.popov560@icloud.com,France,halal,2026-01-16,2026-01-22,2026-01-24,2,OTA,EUR,245.02,245.02,False,490.04,False,False,False,True
BK02472,camille martinez,camille.martinez761@yahoo.com,Switzerland,kosher,2026-01-23,2026-01-23,2026-01-24,1,OTA,EUR,203.57,203.57,False,203.57,False,False,False,False
BK02473,charlotte kim,charlotte.kim582@icloud.com,Spain,vegetariana,2026-01-23,2026-01-23,2026-01-24,1,direct,EUR,224.68,224.68,False,224.68,False,False,False,False
BK02474,nakamura william,william.nakamura39@yahoo.com,Switzerland,senza glutine,2026-01-23,2026-01-23,2026-01-28,5,OTA,EUR,247.72,247.72,False,1238.6,False,False,False,False
BK02475,giulia yamamoto,giulia.yamamoto228@yahoo.com,Italy,vegetariana,2026-01-24,2026-01-24,2026-01-28,4,OTA,EUR,207.18,207.18,False,828.72,False,False,False,False
BK02476,dubois ingrid,ingrid.dubois841@outlook.com,Spain,italiana,2026-01-24,2026-01-24,2026-01-25,1,OTA,EUR,267.13,267.13,False,267.13,False,False,False,True
BK02477,charlotte lopez,charlotte.lopez180@yahoo.com,Germany,vegetariana,2025-07-17,2026-01-24,2026-01-25,1,OTA,EUR,233.23,233.23,False,233.23,False,False,False,False
BK02478,camille park,camille.park893@gmail.com,UAE,italiana,2025-01-03,2026-01-24,2026-01-26,2,direct,USD,207.9,191.27,False,382.54,False,False,False,False
BK02479,bianchi pierre,pierre.bianchi593@icloud.com,Switzerland,vegana,2024-09-30,2026-01-25,2026-01-27,2,OTA,EUR,274.33,274.33,False,548.66,False,False,False,False
BK02480,ferreira simone,simone.ferreira208@yahoo.com,UAE,italiana,2026-01-25,2026-01-25,2026-01-29,4,OTA,EUR,283.09,283.09,False,1132.36,False,False,False,False
BK02481,jean muller,jean.muller898@icloud.com,Netherlands,pesce,2026-01-25,2026-01-25,2026-01-26,1,OTA,EUR,295.43,295.43,False,295.43,False,False,False,True
BK02482,henri muller,henri.muller295@outlook.com,Spain,vegetariana,2026-01-25,2026-01-25,2026-01-27,2,OTA,EUR,241.57,241.57,False,483.14,False,False,False,False
BK02483,erik patel,erik.patel321@gmail.com,Germany,halal,2025-01-20,2026-01-26,2026-01-27,1,OTA,EUR,232.81,232.81,False,232.81,False,False,False,False
BK02484,jean kowalski,jean.kowalski696@outlook.com,USA,halal,2026-01-26,2026-01-26,2026-01-29,3,direct,EUR,193.46,193.46,False,580.38,False,False,False,False
BK02485,bruno robert,robert.bruno713@gmail.com,France,kosher,2025-09-13,2026-01-26,2026-01-28,2,OTA,EUR,249.65,249.65,False,499.3,False,False,False,True
BK02486,camille petrov,camille.petrov539@outlook.com,UK,pesce,2026-01-26,2026-01-26,2026-01-29,3,OTA,EUR,245.2,245.2,False,735.6,False,False,False,False
BK02487,isabella nilsson,isabella.nilsson523@outlook.com,Spain,vegetariana,2026-01-26,2026-01-26,2026-01-28,2,OTA,EUR,235.36,235.36,False,470.72,False,False,False,False
BK02488,greco luca,luca.greco361@yahoo.com,Netherlands,halal,2025-04-26,2026-01-26,2026-02-05,10,OTA,EUR,327.68,327.68,False,3276.8,False,False,False,False
BK02489,fischer omar,omar.fischer22@outlook.com,USA,pesce,2026-01-26,2026-01-26,2026-01-28,2,direct,USD,233.06,214.42,True,0.0,False,False,False,False
BK02490,thomas watanabe,thomas.watanabe868@gmail.com,Germany,halal,2026-01-26,2026-01-26,2026-01-28,2,OTA,EUR,194.96,194.96,True,0.0,False,False,False,False
BK02491,ahmed nilsson,ahmed.nilsson55@yahoo.com,Italy,internazionale,2026-01-27,2026-01-27,2026-01-28,1,direct,EUR,248.11,248.11,False,248.11,False,False,False,False
BK02492,ananya sokolov,ananya.sokolov500@outlook.com,UK,vegetariana,2025-07-03,2026-01-27,2026-01-29,2,OTA,EUR,239.09,239.09,False,478.18,False,False,False,True
BK02493,priya rossi,priya.rossi411@gmail.com,France,halal,2026-01-27,2026-01-27,2026-01-29,2,OTA,EUR,196.27,196.27,False,392.54,False,False,False,False
BK02494,federica kobayashi,federica.kobayashi930@yahoo.com,France,vegana,2026-01-27,2026-01-27,2026-01-29,2,OTA,EUR,272.08,272.08,False,544.16,False,False,False,False
BK02495,aiko popov,aiko.popov899@gmail.com,Japan,italiana,2025-12-28,2026-01-27,2026-02-01,5,OTA,EUR,224.02,224.02,True,0.0,False,False,False,False
BK02496,al-farsi simone,simone.al-farsi839@outlook.com,Italy,vegetariana,2025-09-18,2026-01-27,2026-01-29,2,OTA,EUR,247.64,247.64,False,495.28,False,False,False,False
BK02497,kenji wagner,kenji.wagner718@yahoo.com,UAE,kosher,2025-07-03,2026-01-28,2026-01-29,1,OTA,EUR,223.05,223.05,False,223.05,False,False,False,False
BK02498,astrid park,astrid.park206@gmail.com,Switzerland,italiana,2024-12-28,2026-01-29,2026-01-31,2,OTA,USD,290.94,267.66,False,535.32,False,False,False,False
BK02499,fernandez matteo,matteo.fernandez782@icloud.com,UAE,pesce,2026-01-29,2026-01-29,2026-01-30,1,OTA,EUR,294.13,294.13,False,294.13,False,False,False,False
BK02500,francesco leroy,francesco.leroy831@gmail.com,Switzerland,pesce,2026-01-29,2026-01-29,2026-02-05,7,OTA,USD,272.24,250.46,False,1753.22,False,False,False,False
BK02501,bruno elena,elena.bruno39@outlook.com,Italy,senza glutine,2026-01-29,2026-01-29,2026-02-05,7,OTA,USD,271.63,249.9,False,1749.3,False,False,False,False
BK02502,costa omar,omar.costa307@icloud.com,Netherlands,halal,2026-01-30,2026-01-30,2026-02-02,3,OTA,EUR,207.17,207.17,False,621.51,False,False,False,False
BK02503,martinez yuki,yuki.martinez688@yahoo.com,USA,kosher,2026-01-30,2026-01-30,2026-02-03,4,OTA,EUR,258.77,258.77,False,1035.08,False,False,False,False
BK02504,federica romano,federica.romano731@outlook.com,USA,italiana,2025-08-27,2026-01-30,2026-01-31,1,direct,EUR,248.15,248.15,False,248.15,False,False,False,False
BK02505,al-farsi priya,priya.al-farsi756@gmail.com,Spain,internazionale,2025-08-06,2026-01-30,2026-02-03,4,direct,USD,252.3,232.12,False,928.48,False,False,False,False
BK02506,jean silva,jean.silva867@gmail.com,Italy,italiana,2025-06-01,2026-01-30,2026-02-01,2,OTA,EUR,273.87,273.87,False,547.74,False,False,False,True
BK02507,conti pierre,pierre.conti651@icloud.com,Netherlands,halal,2026-01-30,2026-01-30,2026-02-01,2,OTA,EUR,264.79,264.79,False,529.58,False,False,False,False
BK02508,ananya kim,ananya.kim983@outlook.com,Italy,senza glutine,2025-07-31,2026-01-30,2026-02-01,2,OTA,EUR,285.91,285.91,False,571.82,False,False,False,False
BK02509,giulia romano,giulia.romano144@outlook.com,USA,vegana,2026-01-31,2026-01-31,2026-02-02,2,OTA,EUR,262.74,262.74,False,525.48,False,False,False,False
BK02510,giorgia ricci,giorgia.ricci601@outlook.com,Spain,senza glutine,2026-02-01,2026-02-01,2026-02-02,1,OTA,EUR,224.35,224.35,False,224.35,False,False,False,False
BK02511,al-farsi kenji,kenji.al-farsi137@outlook.com,Italy,italiana,2026-02-01,2026-02-01,2026-02-03,2,direct,EUR,220.15,220.15,False,440.3,False,False,False,False
BK02512,dmitri sharma,dmitri.sharma62@outlook.com,Japan,senza glutine,2026-02-01,2026-02-01,2026-02-02,1,OTA,USD,283.02,260.38,False,260.38,False,False,False,True
BK02513,astrid kumar,astrid.kumar966@icloud.com,Japan,internazionale,2026-02-01,2026-02-01,2026-02-03,2,OTA,EUR,249.69,249.69,False,499.38,False,False,False,False
BK02514,fatima lefevre,fatima.lefevre466@yahoo.com,USA,kosher,2026-02-02,2026-02-02,2026-02-03,1,OTA,EUR,194.45,194.45,False,194.45,False,False,False,False
BK02515,andersen diego,diego.andersen206@gmail.com,UK,vegana,2025-09-18,2026-02-02,2026-02-05,3,OTA,USD,251.15,231.06,False,693.18,False,False,False,False
BK02516,chen marco,marco.chen421@icloud.com,Germany,vegana,2026-02-02,2026-02-02,2026-02-03,1,OTA,EUR,260.74,260.74,False,260.74,False,False,False,False
BK02517,klaus nowak,klaus.nowak879@icloud.com,France,vegana,2025-09-08,2026-02-02,2026-02-05,3,OTA,EUR,234.24,234.24,False,702.72,False,False,False,False
BK02518,jean klein,jean.klein73@yahoo.com,Japan,kosher,2026-02-03,2026-02-03,2026-02-05,2,OTA,EUR,232.89,232.89,False,465.78,False,False,False,False
BK02519,isabella popov,isabella.popov660@gmail.com,Netherlands,italiana,2026-02-03,2026-02-03,2026-02-09,6,OTA,EUR,218.9,218.9,False,1313.4,False,False,False,False
BK02520,alessandro kowalski,alessandro.kowalski615@yahoo.com,Germany,vegetariana,2025-01-04,2026-02-03,2026-02-04,1,OTA,EUR,240.51,240.51,False,240.51,False,False,False,False
BK02521,john popov,john.popov305@gmail.com,Switzerland,kosher,2026-02-03,2026-02-03,2026-02-04,1,OTA,EUR,253.17,253.17,False,253.17,False,False,False,False
BK02522,park silvia,silvia.park115@gmail.com,Italy,internazionale,2026-02-03,2026-02-03,2026-02-07,4,direct,EUR,299.34,299.34,False,1197.36,False,False,False,False
BK02523,kobayashi lucia,lucia.kobayashi385@outlook.com,Germany,senza glutine,2026-02-03,2026-02-03,2026-02-04,1,OTA,EUR,274.47,274.47,False,274.47,False,False,False,False
BK02524,john park,john.park671@icloud.com,UAE,pesce,2026-02-03,2026-02-03,2026-02-08,5,direct,EUR,204.05,204.05,False,1020.25,False,False,False,False
BK02525,al-farsi carlos,carlos.al-farsi959@gmail.com,France,kosher,2025-04-18,2026-02-03,2026-02-05,2,direct,EUR,266.37,266.37,False,532.74,False,False,False,False
BK02526,ferrari francesco,francesco.ferrari497@yahoo.com,UAE,vegana,2026-02-04,2026-02-04,2026-02-07,3,OTA,USD,290.34,267.11,False,801.33,False,False,False,False
BK02527,isabella meyer,isabella.meyer527@gmail.com,USA,kosher,2026-02-04,2026-02-04,2026-02-06,2,OTA,EUR,205.14,205.14,True,0.0,False,False,False,False
BK02528,anna nilsson,anna.nilsson180@yahoo.com,Netherlands,halal,2026-02-04,2026-02-04,2026-02-06,2,OTA,EUR,242.69,242.69,False,485.38,False,False,False,False
BK02529,carlos moreau,carlos.moreau211@icloud.com,Japan,vegetariana,2025-12-19,2026-02-04,2026-02-05,1,OTA,EUR,238.61,238.61,False,238.61,False,False,False,False
BK02530,chen emma,emma.chen971@gmail.com,USA,senza glutine,2025-06-20,2026-02-05,2026-02-07,2,OTA,EUR,247.63,247.63,True,0.0,False,False,False,False
BK02531,fischer giulia,giulia.fischer880@gmail.com,Netherlands,internazionale,2026-02-05,2026-02-05,2026-02-06,1,direct,USD,229.51,211.15,False,211.15,False,False,False,False
BK02532,kaczmarek sara,sara.kaczmarek655@outlook.com,UAE,senza glutine,2026-02-05,2026-02-05,2026-02-07,2,OTA,EUR,223.47,223.47,False,446.94,False,False,False,False
BK02533,isabella lopez,isabella.lopez522@icloud.com,USA,pesce,2026-02-05,2026-02-05,2026-02-07,2,direct,EUR,187.97,187.97,True,0.0,False,False,False,False
BK02534,conti ekaterina,ekaterina.conti66@outlook.com,USA,italiana,2024-11-28,2026-02-06,2026-02-10,4,direct,EUR,230.25,230.25,False,921.0,False,False,False,False
BK02535,dmitri greco,dmitri.greco134@outlook.com,Italy,halal,2026-02-06,2026-02-06,2026-02-07,1,OTA,EUR,236.03,236.03,False,236.03,False,False,False,False
BK02536,ibrahim ingrid,ingrid.ibrahim935@icloud.com,Spain,internazionale,2026-02-06,2026-02-06,2026-02-09,3,OTA,EUR,225.25,225.25,False,675.75,False,False,False,False
BK02537,kim klaus,klaus.kim663@gmail.com,Germany,pesce,2026-02-06,2026-02-06,2026-02-07,1,OTA,EUR,256.41,256.41,False,256.41,False,False,False,False
BK02538,kobayashi luca,luca.kobayashi50@gmail.com,UAE,vegetariana,2026-02-06,2026-02-06,2026-02-07,1,OTA,EUR,278.79,278.79,False,278.79,False,False,False,False
BK02539,chen maria,maria.chen891@icloud.com,Netherlands,internazionale,2025-07-08,2026-02-06,2026-02-10,4,OTA,EUR,198.5,198.5,False,794.0,False,False,False,False
BK02540,ingrid lefevre,ingrid.lefevre733@icloud.com,Spain,internazionale,2025-06-03,2026-02-06,2026-02-08,2,OTA,EUR,206.78,206.78,False,413.56,False,False,False,True
BK02541,luca watanabe,luca.watanabe887@gmail.com,Netherlands,vegana,2026-02-06,2026-02-06,2026-02-10,4,OTA,EUR,223.29,223.29,False,893.16,False,False,False,False
BK02542,conti giulia,giulia.conti250@outlook.com,UK,senza glutine,2025-12-28,2026-02-08,2026-02-13,5,OTA,EUR,277.03,277.03,False,1385.15,False,False,False,True
BK02543,ahmed ivanov,ahmed.ivanov209@gmail.com,Germany,italiana,2026-02-08,2026-02-08,2026-02-10,2,OTA,EUR,242.72,242.72,False,485.44,False,False,False,False
BK02544,colombo erik,erik.colombo540@gmail.com,UAE,senza glutine,2026-02-08,2026-02-08,2026-02-10,2,OTA,EUR,244.32,244.32,False,488.64,False,False,False,False
BK02545,david schmidt,david.schmidt734@outlook.com,Netherlands,senza glutine,2026-02-08,2026-02-08,2026-02-09,1,OTA,USD,283.93,261.22,False,261.22,False,False,False,False
BK02546,hans kaczmarek,hans.kaczmarek672@yahoo.com,Italy,pesce,2026-02-09,2026-02-09,2026-02-12,3,OTA,EUR,250.28,250.28,False,750.84,False,False,False,False
BK02547,andrea greco,andrea.greco915@yahoo.com,Spain,vegetariana,2026-02-09,2026-02-09,2026-02-10,1,OTA,USD,291.4,268.09,False,268.09,False,False,False,False
BK02548,al-rashid francesco,francesco.al-rashid399@icloud.com,Japan,kosher,2024-09-10,2026-02-09,2026-02-11,2,OTA,EUR,211.73,211.73,False,423.46,False,False,False,True
BK02549,erik kaczmarek,erik.kaczmarek133@yahoo.com,Netherlands,halal,2026-02-09,2026-02-09,2026-02-12,3,OTA,USD,187.72,172.7,False,518.1,False,False,False,False
BK02550,garcia sophie,sophie.garcia634@icloud.com,Japan,vegetariana,2026-02-09,2026-02-09,2026-02-12,3,direct,USD,210.59,193.74,False,581.22,False,False,False,False
BK02551,giulia nilsson,giulia.nilsson541@outlook.com,Italy,pesce,2026-02-09,2026-02-09,2026-02-15,6,OTA,USD,284.64,261.87,False,1571.22,False,False,False,False
BK02552,marco tanaka,marco.tanaka341@gmail.com,Germany,kosher,2026-02-10,2026-02-10,2026-02-11,1,OTA,EUR,248.22,248.22,True,0.0,False,False,False,False
BK02553,al-rashid arjun,arjun.al-rashid367@yahoo.com,USA,internazionale,2026-02-10,2026-02-10,2026-02-12,2,OTA,EUR,263.65,263.65,False,527.3,False,False,False,False
BK02554,diego johnson,diego.johnson781@icloud.com,Spain,pesce,2025-07-02,2026-02-10,2026-02-15,5,OTA,EUR,236.27,236.27,False,1181.35,False,False,False,True
BK02555,fischer valentina,valentina.fischer808@gmail.com,Germany,senza glutine,2026-02-10,2026-02-10,2026-02-12,2,OTA,EUR,280.33,280.33,False,560.66,False,False,False,False
BK02556,erik nowak,erik.nowak618@outlook.com,France,internazionale,2026-02-11,2026-02-11,2026-02-12,1,OTA,EUR,237.78,237.78,False,237.78,False,False,False,False
BK02557,henri wagner,henri.wagner191@outlook.com,France,senza glutine,2026-02-11,2026-02-11,2026-02-13,2,OTA,EUR,236.85,236.85,False,473.7,False,False,False,False
BK02558,martinez omar,omar.martinez570@outlook.com,Spain,pesce,2026-02-11,2026-02-11,2026-02-12,1,OTA,EUR,232.37,232.37,False,232.37,False,False,False,False
BK02559,sharma sophie,sophie.sharma307@icloud.com,USA,internazionale,2026-02-11,2026-02-11,2026-02-12,1,OTA,EUR,301.22,301.22,False,301.22,False,False,False,False
BK02560,conti laura,laura.conti888@yahoo.com,USA,halal,2026-02-11,2026-02-11,2026-02-12,1,OTA,EUR,233.92,233.92,False,233.92,False,False,False,False
BK02561,erik sharma,erik.sharma715@yahoo.com,Spain,senza glutine,2026-02-12,2026-02-12,2026-02-13,1,OTA,EUR,231.44,231.44,False,231.44,False,False,False,False
BK02562,emma lopez,emma.lopez372@outlook.com,Italy,halal,2025-03-14,2026-02-12,2026-02-13,1,OTA,EUR,260.19,260.19,False,260.19,False,False,False,True
BK02563,conti klaus,klaus.conti142@yahoo.com,Germany,vegana,2026-02-12,2026-02-12,2026-02-14,2,direct,EUR,245.47,245.47,False,490.94,False,False,False,False
BK02564,laura yamamoto,laura.yamamoto917@yahoo.com,USA,pesce,2026-02-12,2026-02-12,2026-02-13,1,OTA,USD,225.62,207.57,False,207.57,False,False,False,False
BK02565,dubois paolo,paolo.dubois253@gmail.com,Japan,internazionale,2026-02-12,2026-02-12,2026-02-13,1,OTA,EUR,256.86,256.86,True,0.0,False,False,False,False
BK02566,lucia popov,lucia.popov648@outlook.com,Japan,halal,2026-02-12,2026-02-12,2026-02-14,2,OTA,EUR,199.89,199.89,False,399.78,False,False,False,False
BK02567,ferreira paolo,paolo.ferreira565@yahoo.com,USA,vegetariana,2025-02-13,2026-02-12,2026-02-14,2,OTA,EUR,230.38,230.38,False,460.76,False,False,False,False
BK02568,bernard marie,marie.bernard990@outlook.com,Japan,italiana,2026-02-12,2026-02-12,2026-02-14,2,OTA,EUR,214.31,214.31,False,428.62,False,False,False,False
BK02569,charlotte wagner,charlotte.wagner494@outlook.com,Germany,vegetariana,2026-02-13,2026-02-13,2026-02-14,1,OTA,EUR,269.64,269.64,False,269.64,False,False,False,False
BK02570,elena girard,elena.girard801@gmail.com,USA,internazionale,2026-02-14,2026-02-14,2026-02-16,2,direct,USD,208.86,192.15,False,384.3,False,False,False,False
BK02571,amelia ivanov,amelia.ivanov363@gmail.com,France,internazionale,2026-02-14,2026-02-14,2026-02-16,2,OTA,EUR,227.78,227.78,False,455.56,False,False,False,False
BK02572,diego esposito,diego.esposito687@icloud.com,Germany,halal,2026-02-14,2026-02-14,2026-02-15,1,OTA,EUR,227.21,227.21,False,227.21,False,False,False,False
BK02573,maria sokolov,maria.sokolov2@gmail.com,Netherlands,pesce,2026-02-14,2026-02-14,2026-02-17,3,OTA,EUR,212.34,212.34,False,637.02,False,False,False,False
BK02574,alessandro watanabe,alessandro.watanabe86@yahoo.com,Italy,pesce,2026-02-15,2026-02-15,2026-02-17,2,OTA,EUR,280.22,280.22,False,560.44,False,False,False,False
BK02575,ahmed costa,ahmed.costa821@gmail.com,Italy,halal,2026-02-15,2026-02-15,2026-02-17,2,OTA,EUR,185.02,185.02,False,370.04,False,False,False,True
BK02576,nilsson youssef,youssef.nilsson131@outlook.com,UAE,vegana,2025-02-18,2026-02-16,2026-02-17,1,OTA,EUR,231.36,231.36,False,231.36,False,False,False,True
BK02577,astrid rossi,astrid.rossi244@outlook.com,UAE,halal,2026-02-16,2026-02-16,2026-02-18,2,OTA,EUR,253.97,253.97,False,507.94,False,False,False,False
BK02578,patricia schmidt,patricia.schmidt333@icloud.com,Germany,italiana,2026-02-16,2026-02-16,2026-02-18,2,OTA,EUR,244.75,244.75,False,489.5,False,False,False,False
BK02579,james lopez,james.lopez521@icloud.com,Switzerland,vegetariana,2025-09-28,2026-02-16,2026-02-22,6,OTA,EUR,200.49,200.49,True,0.0,False,False,False,True
BK02580,ahmed martinez,ahmed.martinez55@yahoo.com,Italy,vegana,2026-02-16,2026-02-16,2026-02-23,7,OTA,EUR,252.62,252.62,True,0.0,False,False,False,False
BK02581,garcia olga,olga.garcia282@icloud.com,Japan,halal,2026-02-16,2026-02-16,2026-02-18,2,OTA,USD,206.66,190.13,False,380.26,False,False,False,False
BK02582,smith valentina,valentina.smith635@yahoo.com,Japan,italiana,2025-06-26,2026-02-16,2026-02-19,3,OTA,EUR,225.74,225.74,False,677.22,False,False,False,False
BK02583,erik singh,erik.singh659@yahoo.com,France,kosher,2026-02-16,2026-02-16,2026-02-21,5,direct,EUR,258.21,258.21,False,1291.05,False,False,False,False
BK02584,girard matteo,matteo.girard752@icloud.com,France,internazionale,2025-07-15,2026-02-17,2026-02-18,1,OTA,EUR,245.2,245.2,False,245.2,False,False,False,False
BK02585,ivanov lucia,lucia.ivanov201@outlook.com,UK,halal,2026-02-17,2026-02-17,2026-02-18,1,OTA,EUR,192.72,192.72,False,192.72,False,False,False,False
BK02586,meyer priya,priya.meyer729@outlook.com,Switzerland,internazionale,2026-02-17,2026-02-17,2026-02-18,1,OTA,EUR,222.86,222.86,False,222.86,False,False,False,False
BK02587,ferrari patricia,patricia.ferrari762@gmail.com,UK,halal,2025-12-15,2026-02-17,2026-02-21,4,direct,USD,263.72,242.62,False,970.48,False,False,False,False
BK02588,david dubois,david.dubois703@icloud.com,UAE,pesce,2026-02-17,2026-02-17,2026-02-20,3,OTA,EUR,224.47,224.47,False,673.41,False,False,False,False
BK02589,fischer paolo,paolo.fischer70@gmail.com,Japan,halal,2024-11-17,2026-02-17,2026-02-18,1,OTA,EUR,234.02,234.02,True,0.0,False,False,False,False
BK02590,dmitri kobayashi,dmitri.kobayashi875@yahoo.com,UAE,halal,2026-02-17,2026-02-17,2026-02-20,3,OTA,EUR,137.44,137.44,False,412.32,False,False,False,False
BK02591,ferrari giulia,giulia.ferrari125@icloud.com,Japan,kosher,2024-12-11,2026-02-17,2026-02-20,3,OTA,EUR,229.93,229.93,False,689.79,False,False,False,False
BK02592,popov thomas,thomas.popov809@icloud.com,Netherlands,vegetariana,2026-02-17,2026-02-17,2026-02-22,5,OTA,USD,217.88,200.45,False,1002.25,False,False,False,False
BK02593,layla popov,layla.popov982@yahoo.com,Germany,vegana,2024-12-15,2026-02-18,2026-02-22,4,OTA,EUR,239.98,239.98,False,959.92,False,False,False,False
BK02594,charlotte smith,charlotte.smith264@icloud.com,Spain,kosher,2026-02-18,2026-02-18,2026-02-20,2,direct,EUR,217.98,217.98,False,435.96,False,False,False,False
BK02595,simone tanaka,simone.tanaka551@outlook.com,Spain,vegana,2026-02-18,2026-02-18,2026-02-21,3,OTA,EUR,305.18,305.18,False,915.54,False,False,False,False
BK02596,bruno olga,olga.bruno336@icloud.com,Germany,vegetariana,2024-12-07,2026-02-18,2026-02-20,2,OTA,EUR,283.88,283.88,False,567.76,False,False,False,False
BK02597,alessandro rossi,alessandro.rossi802@icloud.com,USA,vegana,2024-11-16,2026-02-18,2026-02-20,2,OTA,EUR,202.41,202.41,False,404.82,False,False,False,True
BK02598,dubois emma,emma.dubois719@yahoo.com,France,kosher,2025-02-11,2026-02-19,2026-02-24,5,OTA,EUR,243.89,243.89,False,1219.45,False,False,False,False
BK02599,kobayashi marco,marco.kobayashi720@icloud.com,Netherlands,kosher,2026-02-19,2026-02-19,2026-02-22,3,OTA,EUR,264.3,264.3,False,792.9,False,False,False,False
BK02600,lefevre thomas,thomas.lefevre955@icloud.com,UK,pesce,2024-12-14,2026-02-19,2026-02-22,3,OTA,EUR,224.14,224.14,False,672.42,False,False,False,False
BK02601,klein william,william.klein342@gmail.com,Germany,halal,2025-08-29,2026-02-19,2026-02-20,1,OTA,EUR,256.54,256.54,False,256.54,False,False,False,True
BK02602,charlotte lefevre,charlotte.lefevre328@outlook.com,Japan,senza glutine,2026-02-19,2026-02-19,2026-02-21,2,OTA,USD,267.07,245.7,False,491.4,False,False,False,False
BK02603,aiko ricci,aiko.ricci445@icloud.com,France,kosher,2025-11-09,2026-02-20,2026-02-21,1,OTA,USD,255.49,235.05,False,235.05,False,False,False,True
BK02604,sara sharma,sara.sharma15@yahoo.com,Italy,vegana,2026-02-20,2026-02-20,2026-02-24,4,OTA,USD,265.9,244.63,False,978.52,False,False,False,False
BK02605,anna dubois,anna.dubois197@outlook.com,Japan,vegetariana,2026-02-20,2026-02-20,2026-02-22,2,OTA,EUR,290.47,290.47,False,580.94,False,False,False,False
BK02606,giulia lefevre,giulia.lefevre485@gmail.com,Germany,internazionale,2026-02-20,2026-02-20,2026-02-21,1,direct,EUR,216.73,216.73,False,216.73,False,False,False,False
BK02607,bernard jean,jean.bernard498@gmail.com,Italy,vegetariana,2026-02-20,2026-02-20,2026-02-23,3,OTA,EUR,196.63,196.63,False,589.89,False,False,False,False
BK02608,arjun leroy,arjun.leroy784@yahoo.com,UK,italiana,2026-02-20,2026-02-20,2026-02-21,1,OTA,EUR,247.91,247.91,True,0.0,False,False,False,True
BK02609,dmitri romano,dmitri.romano407@icloud.com,USA,vegetariana,2025-07-23,2026-02-20,2026-02-23,3,direct,EUR,258.42,258.42,False,775.26,False,False,False,False
BK02610,klein nikolai,nikolai.klein619@yahoo.com,Switzerland,kosher,2025-06-06,2026-02-20,2026-02-23,3,OTA,EUR,229.61,229.61,False,688.83,False,False,False,False
BK02611,andrea petrov,andrea.petrov449@outlook.com,Netherlands,italiana,2024-11-04,2026-02-20,2026-02-21,1,OTA,EUR,227.3,227.3,False,227.3,False,False,False,False
BK02612,ingrid singh,ingrid.singh996@outlook.com,Japan,vegana,2026-02-20,2026-02-20,2026-02-22,2,OTA,EUR,192.84,192.84,False,385.68,False,False,False,False
BK02613,ananya garcia,ananya.garcia535@icloud.com,Switzerland,italiana,2024-09-27,2026-02-21,2026-02-25,4,OTA,EUR,231.21,231.21,False,924.84,False,False,False,False
BK02614,dmitri ferrari,dmitri.ferrari177@outlook.com,Netherlands,italiana,2026-02-21,2026-02-21,2026-02-22,1,OTA,EUR,217.72,217.72,False,217.72,False,False,False,False
BK02615,costa pierre,pierre.costa429@icloud.com,Japan,internazionale,2026-02-22,2026-02-22,2026-02-26,4,direct,EUR,246.82,246.82,False,987.28,False,False,False,False
BK02616,amelia popov,amelia.popov574@yahoo.com,USA,pesce,2026-02-22,2026-02-22,2026-02-23,1,OTA,EUR,223.08,223.08,True,0.0,False,False,False,False
BK02617,dubois james,james.dubois895@outlook.com,UK,italiana,2026-02-23,2026-02-23,2026-02-25,2,OTA,EUR,279.28,279.28,False,558.56,False,False,False,False
BK02618,andersen luca,luca.andersen574@yahoo.com,UAE,internazionale,2025-09-19,2026-02-23,2026-02-25,2,OTA,EUR,274.45,274.45,False,548.9,False,False,False,False
BK02619,kowalski thomas,thomas.kowalski981@icloud.com,Germany,pesce,2026-02-23,2026-02-23,2026-02-24,1,OTA,EUR,253.88,253.88,False,253.88,False,False,False,False
BK02620,ananya rossi,ananya.rossi911@icloud.com,Italy,vegana,2026-02-23,2026-02-23,2026-02-25,2,direct,EUR,206.9,206.9,False,413.8,False,False,False,False
BK02621,nilsson olivia,olivia.nilsson303@icloud.com,UK,internazionale,2024-12-07,2026-02-24,2026-02-26,2,OTA,EUR,233.86,233.86,False,467.72,False,False,False,False
BK02622,amelia kim,amelia.kim240@yahoo.com,UAE,vegana,2024-09-11,2026-02-24,2026-02-27,3,OTA,USD,226.2,208.1,False,624.3,False,False,False,False
BK02623,garcia thomas,thomas.garcia810@outlook.com,Netherlands,halal,2026-02-24,2026-02-24,2026-02-27,3,OTA,EUR,274.79,274.79,False,824.37,False,False,False,False
BK02624,ahmed schmidt,ahmed.schmidt769@outlook.com,Italy,internazionale,2026-02-24,2026-02-24,2026-02-26,2,direct,EUR,217.33,217.33,False,434.66,False,False,False,False
BK02625,ekaterina klein,ekaterina.klein200@outlook.com,France,vegana,2026-02-24,2026-02-24,2026-02-25,1,direct,EUR,226.12,226.12,False,226.12,False,False,False,False
BK02626,emma nilsson,emma.nilsson699@icloud.com,France,italiana,2026-02-24,2026-02-24,2026-02-26,2,direct,EUR,221.85,221.85,True,0.0,False,False,False,False
BK02627,aiko klein,aiko.klein217@outlook.com,Germany,kosher,2026-02-24,2026-02-24,2026-02-27,3,OTA,EUR,288.06,288.06,False,864.18,False,False,False,False
BK02628,giorgia tanaka,giorgia.tanaka769@yahoo.com,Germany,vegetariana,2026-02-24,2026-02-24,2026-02-26,2,OTA,EUR,221.92,221.92,False,443.84,False,False,False,False
BK02629,ferreira isabella,isabella.ferreira716@outlook.com,Japan,halal,2026-02-24,2026-02-24,2026-02-27,3,direct,EUR,209.56,209.56,False,628.68,False,False,False,False
BK02630,andrea garcia,andrea.garcia790@outlook.com,USA,italiana,2026-02-25,2026-02-25,2026-03-01,4,OTA,EUR,256.67,256.67,False,1026.68,False,False,False,False
BK02631,matteo nilsson,matteo.nilsson184@gmail.com,UK,pesce,2026-02-25,2026-02-25,2026-02-28,3,OTA,EUR,226.36,226.36,False,679.08,False,False,False,False
BK02632,arjun park,arjun.park702@yahoo.com,France,vegana,2024-09-29,2026-02-25,2026-02-26,1,direct,EUR,239.9,239.9,False,239.9,False,False,False,False
BK02633,bruno lucia,lucia.bruno626@yahoo.com,UAE,vegetariana,2024-09-17,2026-02-25,2026-02-28,3,OTA,EUR,247.26,247.26,False,741.78,False,False,False,False
BK02634,costa matteo,matteo.costa149@yahoo.com,USA,internazionale,2026-02-25,2026-02-25,2026-03-01,4,OTA,EUR,232.46,232.46,False,929.84,False,False,False,False
BK02635,lopez marco,marco.lopez539@icloud.com,Spain,vegetariana,2026-02-26,2026-02-26,2026-03-04,6,OTA,EUR,212.73,212.73,False,1276.38,False,False,False,False
BK02636,giorgia leroy,giorgia.leroy882@icloud.com,France,halal,2026-02-26,2026-02-26,2026-02-28,2,OTA,EUR,223.59,223.59,False,447.18,False,False,False,False
BK02637,klein laura,laura.klein380@yahoo.com,Netherlands,vegana,2026-02-26,2026-02-26,2026-02-28,2,direct,EUR,318.54,318.54,False,637.08,False,False,False,False
BK02638,dmitri tanaka,dmitri.tanaka213@icloud.com,Spain,senza glutine,2025-08-21,2026-02-26,2026-03-01,3,OTA,EUR,246.02,246.02,False,738.06,False,False,False,True
BK02639,astrid lopez,astrid.lopez867@gmail.com,France,vegetariana,2025-12-09,2026-02-26,2026-03-02,4,OTA,EUR,217.63,217.63,True,0.0,False,False,False,False
BK02640,andersen thomas,thomas.andersen197@icloud.com,USA,internazionale,2025-12-26,2026-02-27,2026-02-28,1,OTA,USD,280.21,257.79,False,257.79,False,False,False,False
BK02641,chen patricia,patricia.chen557@gmail.com,UK,pesce,2026-02-27,2026-02-27,2026-03-02,3,OTA,EUR,250.67,250.67,False,752.01,False,False,False,False
BK02642,kobayashi valentina,valentina.kobayashi508@gmail.com,Switzerland,vegetariana,2026-02-27,2026-02-27,2026-03-03,4,OTA,EUR,227.06,227.06,False,908.24,False,False,False,False
BK02643,lopez luca,luca.lopez653@icloud.com,Germany,senza glutine,2024-10-20,2026-02-27,2026-02-28,1,OTA,EUR,200.56,200.56,False,200.56,False,False,False,True
BK02644,arjun nowak,arjun.nowak147@icloud.com,UK,halal,2024-09-22,2026-02-28,2026-03-04,4,OTA,EUR,300.36,300.36,False,1201.44,False,False,False,False
BK02645,andrea esposito,andrea.esposito61@outlook.com,France,kosher,2026-02-28,2026-02-28,2026-03-01,1,OTA,EUR,203.18,203.18,False,203.18,False,False,False,False
BK02646,omar suzuki,omar.suzuki159@outlook.com,Netherlands,halal,2026-02-28,2026-02-28,2026-03-01,1,OTA,USD,197.24,181.46,False,181.46,False,False,False,False
BK02647,andersen henri,henri.andersen496@yahoo.com,Netherlands,internazionale,2025-04-04,2026-03-01,2026-03-04,3,direct,EUR,219.48,219.48,False,658.44,False,False,False,True
BK02648,lefevre olga,olga.lefevre537@icloud.com,Netherlands,italiana,2026-03-01,2026-03-01,2026-03-02,1,OTA,USD,192.77,177.35,False,177.35,False,False,False,False
BK02649,francesco watanabe,francesco.watanabe655@icloud.com,Netherlands,italiana,2026-03-01,2026-03-01,2026-03-03,2,OTA,EUR,243.84,243.84,False,487.68,False,False,False,False
BK02650,muller olivia,olivia.muller731@outlook.com,Japan,internazionale,2026-03-02,2026-03-02,2026-03-05,3,OTA,EUR,219.2,219.2,True,0.0,False,False,False,False
BK02651,fatima suzuki,fatima.suzuki487@icloud.com,Switzerland,vegana,2026-03-02,2026-03-02,2026-03-04,2,OTA,EUR,202.24,202.24,False,404.48,False,False,False,False
BK02652,carlos silva,carlos.silva876@gmail.com,Switzerland,pesce,2025-11-27,2026-03-02,2026-03-03,1,OTA,EUR,252.32,252.32,False,252.32,False,False,False,True
BK02653,kenji sharma,kenji.sharma335@yahoo.com,Japan,senza glutine,2025-06-12,2026-03-03,2026-03-04,1,OTA,EUR,238.29,238.29,False,238.29,False,False,False,True
BK02654,bianchi ekaterina,ekaterina.bianchi454@gmail.com,USA,vegetariana,2026-03-03,2026-03-03,2026-03-05,2,OTA,EUR,194.75,194.75,False,389.5,False,False,False,False
BK02655,andrea silva,andrea.silva389@icloud.com,Italy,senza glutine,2026-03-03,2026-03-03,2026-03-04,1,OTA,USD,261.16,240.27,False,240.27,False,False,False,False
BK02656,pierre sharma,pierre.sharma99@outlook.com,Netherlands,kosher,2026-03-03,2026-03-03,2026-03-05,2,direct,USD,249.26,229.32,False,458.64,False,False,False,False
BK02657,al-farsi hans,hans.al-farsi705@gmail.com,UAE,italiana,2026-03-03,2026-03-03,2026-03-06,3,OTA,USD,229.97,211.57,False,634.71,False,False,False,False
BK02658,dubois sara,sara.dubois556@yahoo.com,Italy,internazionale,2026-03-03,2026-03-03,2026-03-05,2,OTA,EUR,268.86,268.86,False,537.72,False,False,False,False
BK02659,fischer francesco,francesco.fischer302@icloud.com,Spain,kosher,2025-09-20,2026-03-03,2026-03-06,3,direct,EUR,203.76,203.76,False,611.28,False,False,False,False
BK02660,carlos kowalski,carlos.kowalski475@icloud.com,Switzerland,kosher,2025-03-12,2026-03-04,2026-03-06,2,direct,EUR,246.29,246.29,False,492.58,False,False,False,True
BK02661,olga watanabe,olga.watanabe256@gmail.com,UAE,senza glutine,2024-11-15,2026-03-04,2026-03-07,3,OTA,EUR,270.12,270.12,False,810.36,False,False,False,False
BK02662,alessandro ferreira,alessandro.ferreira730@icloud.com,Germany,internazionale,2024-10-03,2026-03-04,2026-03-07,3,direct,USD,221.48,203.76,False,611.28,False,False,False,False
BK02663,olga singh,olga.singh653@outlook.com,USA,senza glutine,2024-12-03,2026-03-04,2026-03-08,4,direct,EUR,240.72,240.72,False,962.88,False,False,False,True
BK02664,kenji nowak,kenji.nowak686@icloud.com,USA,vegetariana,2026-03-04,2026-03-04,2026-03-06,2,direct,EUR,278.79,278.79,False,557.58,False,False,True,False
BK02665,ferreira james,james.ferreira394@yahoo.com,Japan,vegetariana,2026-03-04,2026-03-04,2026-03-05,1,OTA,EUR,221.31,221.31,False,221.31,False,False,False,False
BK02666,astrid colombo,astrid.colombo270@gmail.com,USA,internazionale,2026-03-04,2026-03-04,2026-03-09,5,OTA,EUR,193.59,193.59,False,967.95,False,False,False,False
BK02667,erik ivanov,erik.ivanov383@icloud.com,Japan,internazionale,2026-03-04,2026-03-04,2026-03-06,2,direct,EUR,226.33,226.33,False,452.66,False,False,False,False
BK02668,chen olivia,olivia.chen729@icloud.com,Spain,pesce,2026-03-05,2026-03-05,2026-03-10,5,OTA,EUR,247.21,247.21,False,1236.05,False,False,False,False
BK02669,greco james,james.greco921@icloud.com,France,senza glutine,2026-03-05,2026-03-05,2026-03-10,5,OTA,EUR,264.72,264.72,False,1323.6,False,False,False,False
BK02670,elena nowak,elena.nowak422@outlook.com,UAE,internazionale,2026-03-05,2026-03-05,2026-03-06,1,OTA,EUR,183.24,183.24,False,183.24,False,False,False,False
BK02671,ananya ibrahim,ananya.ibrahim243@yahoo.com,UAE,vegana,2026-03-05,2026-03-05,2026-03-06,1,OTA,EUR,232.07,232.07,False,232.07,False,False,False,False
BK02672,ananya lefevre,ananya.lefevre425@icloud.com,Italy,internazionale,2026-03-05,2026-03-05,2026-03-07,2,OTA,EUR,264.36,264.36,False,528.72,False,False,False,False
BK02673,garcia omar,omar.garcia748@outlook.com,USA,italiana,2026-03-06,2026-03-06,2026-03-08,2,direct,EUR,188.73,188.73,False,377.46,False,False,False,False
BK02674,martinez olivia,olivia.martinez497@icloud.com,Switzerland,kosher,2024-12-06,2026-03-06,2026-03-10,4,OTA,USD,260.1,239.29,False,957.16,False,False,False,False
BK02675,johnson laura,laura.johnson599@icloud.com,UK,pesce,2026-03-07,2026-03-07,2026-03-12,5,OTA,EUR,231.4,231.4,False,1157.0,False,False,False,False
BK02676,carlos ricci,carlos.ricci490@yahoo.com,UK,pesce,2026-03-07,2026-03-07,2026-03-12,5,OTA,EUR,165.65,165.65,False,828.25,False,False,False,False
BK02677,giorgia park,giorgia.park491@gmail.com,Germany,pesce,2026-03-07,2026-03-07,2026-03-09,2,OTA,EUR,241.97,241.97,False,483.94,False,False,False,False
BK02678,fatima wagner,fatima.wagner143@outlook.com,Spain,vegetariana,2026-03-07,2026-03-07,2026-03-08,1,OTA,EUR,223.35,223.35,False,223.35,False,False,False,False
BK02679,john smith,john.smith271@gmail.com,France,italiana,2026-03-07,2026-03-07,2026-03-12,5,OTA,EUR,300.05,300.05,False,1500.25,False,False,False,False
BK02680,kenji kim,kenji.kim711@icloud.com,USA,pesce,2026-03-07,2026-03-07,2026-03-08,1,OTA,USD,297.33,273.54,False,273.54,False,False,False,False
BK02681,bruno isabella,isabella.bruno428@outlook.com,USA,vegana,2026-03-08,2026-03-08,2026-03-10,2,OTA,EUR,257.74,257.74,False,515.48,False,False,False,False
BK02682,andrea moreau,andrea.moreau804@icloud.com,Spain,kosher,2026-03-08,2026-03-08,2026-03-09,1,OTA,EUR,200.08,200.08,False,200.08,False,False,False,False
BK02683,johnson pierre,pierre.johnson473@icloud.com,Germany,vegetariana,2024-12-05,2026-03-08,2026-03-10,2,OTA,USD,258.79,238.09,False,476.18,False,False,False,False
BK02684,arjun petrov,arjun.petrov784@outlook.com,UK,vegana,2025-06-26,2026-03-08,2026-03-09,1,OTA,EUR,245.74,245.74,True,0.0,False,False,False,False
BK02685,lucia watanabe,lucia.watanabe869@icloud.com,Italy,internazionale,2025-05-12,2026-03-08,2026-03-11,3,OTA,EUR,242.63,242.63,False,727.89,False,False,False,True
BK02686,dubois marco,marco.dubois137@yahoo.com,Switzerland,senza glutine,2026-03-09,2026-03-09,2026-03-12,3,direct,EUR,196.07,196.07,True,0.0,False,False,False,False
BK02687,diego sharma,diego.sharma166@icloud.com,France,italiana,2026-03-09,2026-03-09,2026-03-11,2,direct,EUR,222.06,222.06,False,444.12,False,False,False,False
BK02688,federica meyer,federica.meyer637@yahoo.com,UK,vegetariana,2026-03-09,2026-03-09,2026-03-13,4,OTA,USD,213.26,196.2,True,0.0,False,False,False,False
BK02689,ekaterina silva,ekaterina.silva625@gmail.com,Netherlands,italiana,2026-03-09,2026-03-09,2026-03-10,1,OTA,EUR,249.46,249.46,False,249.46,False,False,False,False
BK02690,martinez pierre,pierre.martinez591@icloud.com,USA,italiana,2026-03-09,2026-03-09,2026-03-12,3,OTA,EUR,231.34,231.34,False,694.02,False,False,False,False
BK02691,fischer james,james.fischer219@outlook.com,Italy,pesce,2025-06-02,2026-03-09,2026-03-11,2,OTA,EUR,270.82,270.82,False,541.64,False,False,False,True
BK02692,matteo muller,matteo.muller454@yahoo.com,Spain,senza glutine,2026-03-09,2026-03-09,2026-03-12,3,OTA,USD,199.22,183.28,False,549.84,False,False,False,False
BK02693,david park,david.park979@gmail.com,UK,senza glutine,2025-12-06,2026-03-09,2026-03-10,1,OTA,EUR,244.2,244.2,False,244.2,False,False,False,False
BK02694,layla novak,layla.novak49@yahoo.com,Japan,vegetariana,2026-03-10,2026-03-10,2026-03-14,4,direct,EUR,173.99,173.99,False,695.96,False,False,False,False
BK02695,bernard youssef,youssef.bernard600@gmail.com,France,halal,2026-03-10,2026-03-10,2026-03-12,2,OTA,EUR,272.48,272.48,False,544.96,False,False,False,False
BK02696,camille popov,camille.popov100@icloud.com,Spain,halal,2026-03-11,2026-03-11,2026-03-15,4,direct,EUR,224.76,224.76,False,899.04,False,False,False,False
BK02697,ahmed novak,ahmed.novak698@icloud.com,France,senza glutine,2026-03-11,2026-03-11,2026-03-14,3,OTA,USD,252.12,231.95,False,695.85,False,False,False,False
BK02698,johnson robert,robert.johnson878@gmail.com,UK,vegana,2026-03-11,2026-03-11,2026-03-13,2,direct,EUR,163.94,163.94,False,327.88,False,False,False,False
BK02699,patricia suzuki,patricia.suzuki169@yahoo.com,France,internazionale,2025-07-04,2026-03-11,2026-03-13,2,OTA,USD,245.56,225.92,False,451.84,False,False,False,True
BK02700,dmitri weber,dmitri.weber58@icloud.com,USA,senza glutine,2026-03-11,2026-03-11,2026-03-12,1,OTA,EUR,223.86,223.86,True,0.0,False,False,False,False
BK02701,chiara sokolov,chiara.sokolov340@outlook.com,Switzerland,vegetariana,2025-06-05,2026-03-12,2026-03-13,1,direct,EUR,264.41,264.41,False,264.41,False,True,False,False
BK02702,klein sophie,sophie.klein681@icloud.com,Spain,kosher,2025-06-22,2026-03-12,2026-03-14,2,OTA,EUR,251.41,251.41,False,502.82,False,True,False,True
BK02703,camille ferrari,camille.ferrari184@icloud.com,Netherlands,halal,2026-03-12,2026-03-12,2026-03-13,1,direct,EUR,220.96,220.96,False,220.96,False,True,False,False
BK02704,hassan nikolai,nikolai.hassan925@yahoo.com,UAE,vegana,2026-03-12,2026-03-12,2026-03-13,1,OTA,EUR,279.83,279.83,False,279.83,False,True,False,False
BK02705,simone wagner,simone.wagner156@gmail.com,Germany,vegana,2026-03-12,2026-03-12,2026-03-14,2,direct,EUR,177.97,177.97,False,355.94,False,True,False,False
BK02706,giulia kobayashi,giulia.kobayashi400@outlook.com,Switzerland,vegana,2026-03-12,2026-03-12,2026-03-14,2,OTA,EUR,212.7,212.7,True,0.0,False,True,False,False
BK02707,alessandro patel,alessandro.patel108@yahoo.com,Spain,senza glutine,2026-03-12,2026-03-12,2026-03-16,4,OTA,USD,279.47,257.11,False,1028.44,False,True,False,False
BK02708,chen omar,omar.chen653@gmail.com,Spain,vegetariana,2026-03-13,2026-03-13,2026-03-15,2,direct,EUR,179.48,179.48,False,358.96,False,True,False,False
BK02709,giorgia nowak,giorgia.nowak114@icloud.com,USA,kosher,2026-03-13,2026-03-13,2026-03-15,2,OTA,EUR,272.24,272.24,False,544.48,False,True,False,False
BK02710,kenji kobayashi,kenji.kobayashi401@yahoo.com,Italy,italiana,2025-08-05,2026-03-13,2026-03-15,2,OTA,EUR,258.63,258.63,False,517.26,False,True,False,True
BK02711,esposito layla,layla.esposito593@icloud.com,Germany,internazionale,2026-03-13,2026-03-13,2026-03-14,1,OTA,EUR,272.46,272.46,False,272.46,False,True,False,False
BK02712,omar patel,omar.patel569@icloud.com,Japan,internazionale,2026-03-13,2026-03-13,2026-03-15,2,OTA,USD,247.08,227.31,False,454.62,False,True,False,False
BK02713,emma smith,emma.smith936@yahoo.com,Japan,italiana,2026-03-13,2026-03-13,2026-03-15,2,OTA,EUR,257.78,257.78,False,515.56,False,True,False,False
BK02714,john martinez,john.martinez355@yahoo.com,Switzerland,vegana,2025-05-26,2026-03-13,2026-03-19,6,OTA,EUR,215.53,215.53,False,1293.18,False,True,False,False
BK02715,astrid silva,astrid.silva141@outlook.com,UK,halal,2026-03-13,2026-03-13,2026-03-14,1,OTA,EUR,216.4,216.4,False,216.4,False,True,False,True
BK02716,anna ibrahim,anna.ibrahim17@outlook.com,Netherlands,pesce,2026-03-14,2026-03-14,2026-03-15,1,OTA,EUR,256.04,256.04,False,256.04,False,True,False,False
BK02717,johnson youssef,youssef.johnson970@yahoo.com,UK,internazionale,2026-03-14,2026-03-14,2026-03-17,3,OTA,EUR,242.81,242.81,True,0.0,False,True,False,False
BK02718,chen youssef,youssef.chen99@yahoo.com,UAE,pesce,2025-09-19,2026-03-14,2026-03-18,4,OTA,EUR,256.65,256.65,False,1026.6,False,True,False,False
BK02719,meyer valentina,valentina.meyer937@outlook.com,USA,kosher,2025-08-16,2026-03-15,2026-03-16,1,direct,EUR,275.61,275.61,False,275.61,False,True,False,False
BK02720,bernard sara,sara.bernard722@yahoo.com,Switzerland,internazionale,2026-03-15,2026-03-15,2026-03-16,1,OTA,EUR,201.19,201.19,False,201.19,False,True,False,False
BK02721,giorgia weber,giorgia.weber954@icloud.com,USA,pesce,2026-03-15,2026-03-15,2026-03-19,4,OTA,EUR,202.08,202.08,True,0.0,False,True,False,False
BK02722,jean patel,jean.patel207@yahoo.com,Netherlands,internazionale,2026-03-15,2026-03-15,2026-03-16,1,OTA,USD,226.55,208.43,False,208.43,False,True,False,False
BK02723,aiko wagner,aiko.wagner562@gmail.com,Italy,kosher,2026-03-15,2026-03-15,2026-03-16,1,direct,EUR,217.17,217.17,False,217.17,False,True,False,False
BK02724,laura weber,laura.weber434@gmail.com,Netherlands,halal,2025-07-26,2026-03-15,2026-03-17,2,OTA,EUR,263.09,263.09,False,526.18,False,True,False,False
BK02725,diego kaczmarek,diego.kaczmarek370@icloud.com,UAE,pesce,2026-03-16,2026-03-16,2026-03-18,2,OTA,EUR,231.14,231.14,False,462.28,False,True,True,False
BK02726,bianchi giulia,giulia.bianchi359@outlook.com,UK,kosher,2026-03-16,2026-03-16,2026-03-17,1,OTA,EUR,203.65,203.65,False,203.65,False,True,False,False
BK02727,dubois matteo,matteo.dubois292@yahoo.com,UAE,vegetariana,2026-01-04,2026-03-17,2026-03-18,1,OTA,USD,223.14,205.29,False,205.29,False,True,False,False
BK02728,dubois nikolai,nikolai.dubois825@icloud.com,Netherlands,vegana,2026-03-17,2026-03-17,2026-03-19,2,OTA,EUR,209.17,209.17,False,418.34,False,True,False,False
BK02729,hassan priya,priya.hassan250@outlook.com,Italy,vegana,2025-07-30,2026-03-17,2026-03-18,1,direct,EUR,210.57,210.57,False,210.57,False,True,False,False
BK02730,colombo olivia,olivia.colombo925@outlook.com,Switzerland,italiana,2026-03-18,2026-03-18,2026-03-19,1,OTA,EUR,272.22,272.22,False,272.22,False,True,False,False
BK02731,erik smith,erik.smith472@gmail.com,Italy,vegetariana,2025-05-12,2026-03-19,2026-03-20,1,OTA,EUR,221.1,221.1,False,221.1,False,True,False,False
BK02732,leroy marie,marie.leroy377@gmail.com,UAE,internazionale,2026-03-19,2026-03-19,2026-03-20,1,direct,EUR,215.44,215.44,False,215.44,False,True,False,False
BK02733,ananya fernandez,ananya.fernandez842@gmail.com,Germany,italiana,2026-03-19,2026-03-19,2026-03-21,2,OTA,EUR,213.25,213.25,False,426.5,False,True,False,False
BK02734,park thomas,thomas.park724@gmail.com,Netherlands,pesce,2026-03-20,2026-03-20,2026-03-27,7,OTA,EUR,254.11,254.11,False,1778.77,False,True,False,False
BK02735,lucia rossi,lucia.rossi379@gmail.com,Spain,internazionale,2026-03-20,2026-03-20,2026-03-22,2,direct,EUR,229.39,229.39,False,458.78,False,True,False,False
BK02736,pierre rossi,pierre.rossi820@icloud.com,Switzerland,pesce,2026-03-20,2026-03-20,2026-03-22,2,OTA,EUR,215.31,215.31,False,430.62,False,True,False,False
BK02737,marco watanabe,marco.watanabe973@icloud.com,Spain,senza glutine,2024-10-17,2026-03-20,2026-03-22,2,OTA,EUR,232.01,232.01,False,464.02,False,True,False,False
BK02738,federica yamamoto,federica.yamamoto37@outlook.com,Netherlands,kosher,2026-03-21,2026-03-21,2026-03-27,6,OTA,EUR,217.23,217.23,False,1303.38,False,True,False,False
BK02739,garcia isabella,isabella.garcia661@outlook.com,Spain,pesce,2026-03-21,2026-03-21,2026-03-23,2,OTA,EUR,198.6,198.6,False,397.2,False,True,False,False
BK02740,moreau robert,robert.moreau432@outlook.com,Switzerland,halal,2026-03-21,2026-03-21,2026-03-23,2,direct,EUR,273.68,273.68,False,547.36,False,True,False,False
BK02741,greco omar,omar.greco949@icloud.com,Germany,senza glutine,2026-03-21,2026-03-21,2026-03-22,1,direct,EUR,249.87,249.87,False,249.87,False,True,False,False
BK02742,bruno sara,sara.bruno830@icloud.com,USA,italiana,2024-11-24,2026-03-22,2026-03-24,2,OTA,USD,223.29,205.43,False,410.86,False,True,False,False
BK02743,giulia leroy,giulia.leroy311@icloud.com,Italy,senza glutine,2025-09-30,2026-03-22,2026-03-24,2,OTA,USD,216.16,198.87,False,397.74,False,True,False,True
BK02744,arjun rossi,arjun.rossi623@gmail.com,Netherlands,italiana,2025-12-08,2026-03-22,2026-03-25,3,direct,USD,254.25,233.91,False,701.73,False,True,False,False
BK02745,marco nakamura,marco.nakamura241@icloud.com,USA,senza glutine,2025-12-02,2026-03-22,2026-03-23,1,OTA,USD,239.43,220.28,False,220.28,False,True,False,True
BK02746,chen simone,simone.chen715@outlook.com,Italy,senza glutine,2025-09-26,2026-03-23,2026-03-24,1,OTA,EUR,227.97,227.97,False,227.97,False,True,False,False
BK02747,astrid silva,astrid.silva141@outlook.com,UK,halal,2026-03-13,2026-03-23,2026-03-27,4,OTA,EUR,212.03,212.03,False,848.12,False,True,False,True
BK02748,lucia schmidt,lucia.schmidt235@icloud.com,UK,kosher,2026-03-23,2026-03-23,2026-03-24,1,OTA,EUR,213.91,213.91,False,213.91,False,True,False,False
BK02749,dubois laura,laura.dubois300@gmail.com,Germany,vegetariana,2026-03-23,2026-03-23,2026-03-27,4,OTA,EUR,257.32,257.32,False,1029.28,False,True,False,False
BK02750,john sokolov,john.sokolov80@outlook.com,Japan,vegana,2026-03-24,2026-03-24,2026-03-28,4,OTA,EUR,249.39,249.39,True,0.0,False,True,False,False
BK02751,aiko marino,aiko.marino582@yahoo.com,Germany,senza glutine,2026-03-24,2026-03-24,2026-03-28,4,direct,EUR,267.46,267.46,False,1069.84,False,True,False,False
BK02752,ekaterina kowalski,ekaterina.kowalski311@gmail.com,USA,pesce,2025-06-18,2026-03-24,2026-03-26,2,OTA,EUR,243.27,243.27,False,486.54,False,True,False,False
BK02753,nowak priya,priya.nowak956@outlook.com,USA,pesce,2025-08-01,2026-03-24,2026-03-27,3,OTA,EUR,260.17,260.17,False,780.51,False,True,False,False
BK02754,muller robert,robert.muller421@yahoo.com,Italy,vegana,2024-12-20,2026-03-25,2026-03-26,1,direct,EUR,216.6,216.6,False,216.6,False,True,False,True
BK02755,henri nowak,henri.nowak310@outlook.com,Netherlands,pesce,2026-03-25,2026-03-25,2026-03-28,3,OTA,EUR,246.23,246.23,False,738.69,False,True,False,False
BK02756,novak olga,olga.novak206@outlook.com,Germany,internazionale,2026-03-25,2026-03-25,2026-03-27,2,OTA,EUR,317.06,317.06,False,634.12,False,True,False,False
BK02757,ibrahim valentina,valentina.ibrahim877@outlook.com,France,vegetariana,2026-03-25,2026-03-25,2026-03-27,2,OTA,EUR,200.36,200.36,False,400.72,False,True,False,False
BK02758,ekaterina kim,ekaterina.kim331@gmail.com,Switzerland,senza glutine,2025-07-23,2026-03-25,2026-03-28,3,OTA,EUR,218.02,218.02,False,654.06,False,True,False,False
BK02759,kobayashi thomas,thomas.kobayashi576@icloud.com,France,senza glutine,2026-03-25,2026-03-25,2026-04-08,14,direct,EUR,211.04,211.04,False,2954.56,False,True,False,False
BK02760,dmitri hassan,dmitri.hassan114@icloud.com,Netherlands,senza glutine,2024-09-29,2026-03-26,2026-03-27,1,OTA,EUR,262.36,262.36,False,262.36,False,True,False,False
BK02761,rossi sara,sara.rossi47@yahoo.com,France,halal,2026-03-26,2026-03-26,2026-03-29,3,OTA,EUR,262.52,262.52,False,787.56,False,True,False,False
BK02762,garcia luca,luca.garcia938@outlook.com,Japan,senza glutine,2025-10-22,2026-03-26,2026-03-27,1,OTA,USD,254.41,234.06,False,234.06,False,True,False,True
BK02763,conti layla,layla.conti520@gmail.com,Spain,kosher,2026-03-26,2026-03-26,2026-03-27,1,OTA,USD,223.8,205.9,False,205.9,False,True,False,False
BK02764,hassan matteo,matteo.hassan579@outlook.com,France,halal,2026-03-26,2026-03-26,2026-03-27,1,OTA,EUR,215.57,215.57,False,215.57,False,True,False,False
BK02765,ingrid meyer,ingrid.meyer82@yahoo.com,UAE,kosher,2025-09-10,2026-03-26,2026-03-28,2,OTA,USD,308.43,283.76,False,567.52,False,True,False,False
BK02766,chiara kowalski,chiara.kowalski841@gmail.com,USA,kosher,2025-04-09,2026-03-26,2026-03-28,2,OTA,EUR,225.83,225.83,False,451.66,False,True,False,False
BK02767,ibrahim omar,omar.ibrahim674@yahoo.com,Japan,italiana,2024-12-25,2026-03-26,2026-03-28,2,OTA,EUR,267.99,267.99,False,535.98,False,True,False,False
BK02768,henri smith,henri.smith554@gmail.com,Switzerland,italiana,2026-03-27,2026-03-27,2026-03-29,2,OTA,EUR,286.36,286.36,False,572.72,False,True,False,False
BK02769,ingrid kumar,ingrid.kumar355@outlook.com,UAE,kosher,2026-03-27,2026-03-27,2026-03-28,1,OTA,EUR,238.01,238.01,True,0.0,False,True,False,False
BK02770,girard henri,henri.girard571@yahoo.com,France,kosher,2026-03-27,2026-03-27,2026-03-28,1,OTA,EUR,219.27,219.27,False,219.27,False,True,False,False
BK02771,ananya fischer,ananya.fischer554@outlook.com,France,vegana,2024-11-18,2026-03-27,2026-03-29,2,OTA,EUR,234.03,234.03,False,468.06,False,True,False,False
BK02772,romano silvia,silvia.romano186@gmail.com,Germany,halal,2026-03-28,2026-03-28,2026-03-30,2,OTA,USD,179.84,165.45,False,330.9,False,True,False,False
BK02773,sokolov william,william.sokolov14@outlook.com,Japan,internazionale,2026-03-28,2026-03-28,2026-03-29,1,OTA,USD,221.71,203.97,False,203.97,False,True,False,False
BK02774,fernandez yuki,yuki.fernandez467@yahoo.com,USA,internazionale,2026-03-29,2026-03-29,2026-04-01,3,direct,EUR,233.01,233.01,False,699.03,False,True,False,False
BK02775,anna singh,anna.singh888@outlook.com,Switzerland,vegetariana,2026-03-29,2026-03-29,2026-03-30,1,OTA,EUR,277.2,277.2,True,0.0,False,True,False,False
BK02776,al-farsi andrea,andrea.al-farsi12@outlook.com,Spain,internazionale,2025-07-05,2026-03-29,2026-03-30,1,OTA,EUR,232.97,232.97,False,232.97,False,True,False,False
BK02777,meyer silvia,silvia.meyer831@icloud.com,Spain,halal,2026-03-29,2026-03-29,2026-04-01,3,OTA,EUR,248.15,248.15,False,744.45,False,True,False,False
BK02778,ricci youssef,youssef.ricci46@outlook.com,Netherlands,italiana,2026-03-30,2026-03-30,2026-04-02,3,OTA,USD,223.98,206.06,False,618.18,False,True,False,False
BK02779,al-rashid erik,erik.al-rashid476@outlook.com,UK,italiana,2026-03-30,2026-03-30,2026-03-31,1,OTA,EUR,254.44,254.44,False,254.44,False,True,False,False
BK02780,erik ferrari,erik.ferrari520@icloud.com,UK,senza glutine,2026-03-30,2026-03-30,2026-03-31,1,direct,EUR,196.85,196.85,False,196.85,False,True,False,False
BK02781,jean schmidt,jean.schmidt531@icloud.com,Italy,kosher,2026-03-30,2026-03-30,2026-04-01,2,OTA,USD,194.5,178.94,False,357.88,False,True,False,False
BK02782,dubois fatima,fatima.dubois387@gmail.com,USA,halal,2026-03-31,2026-03-31,2026-04-02,2,OTA,EUR,276.39,276.39,False,552.78,False,True,False,False
BK02783,fatima nilsson,fatima.nilsson138@icloud.com,USA,italiana,2026-03-31,2026-03-31,2026-04-01,1,direct,EUR,245.29,245.29,False,245.29,False,True,False,False
BK02784,hassan paolo,paolo.hassan75@outlook.com,Spain,senza glutine,2026-03-31,2026-03-31,2026-04-01,1,direct,EUR,262.0,262.0,True,0.0,False,True,False,False
BK02785,kumar nikolai,nikolai.kumar234@gmail.com,Spain,vegetariana,2026-04-01,2026-04-01,2026-04-02,1,OTA,EUR,227.22,227.22,False,227.22,False,True,False,False
BK02786,marie nowak,marie.nowak245@yahoo.com,UAE,pesce,2026-04-01,2026-04-01,2026-04-05,4,OTA,USD,186.16,171.27,False,685.08,False,True,False,False
BK02787,klaus schmidt,klaus.schmidt593@yahoo.com,UAE,vegetariana,2025-09-12,2026-04-01,2026-04-03,2,OTA,EUR,269.82,269.82,False,539.64,False,True,False,False
BK02788,emma silva,emma.silva924@yahoo.com,France,senza glutine,2026-04-02,2026-04-02,2026-04-06,4,direct,EUR,208.77,208.77,False,835.08,False,True,False,False
BK02789,marco patel,marco.patel106@icloud.com,UAE,vegetariana,2025-06-05,2026-04-02,2026-04-03,1,OTA,USD,312.47,287.47,False,287.47,False,True,False,False
BK02790,amelia chen,amelia.chen123@outlook.com,France,halal,2025-08-19,2026-04-02,2026-04-04,2,OTA,EUR,245.93,245.93,False,491.86,False,True,False,False
BK02791,patel valentina,valentina.patel923@outlook.com,Spain,senza glutine,2026-04-03,2026-04-03,2026-04-05,2,direct,USD,245.75,226.09,False,452.18,False,True,False,False
BK02792,bernard layla,layla.bernard683@yahoo.com,France,senza glutine,2026-04-03,2026-04-03,2026-04-04,1,OTA,EUR,252.85,252.85,False,252.85,False,True,False,False
BK02793,al-farsi omar,omar.al-farsi403@outlook.com,Switzerland,halal,2026-04-03,2026-04-03,2026-04-06,3,OTA,EUR,198.84,198.84,False,596.52,False,True,False,False
BK02794,anna klein,anna.klein84@gmail.com,Switzerland,internazionale,2026-04-03,2026-04-03,2026-04-05,2,OTA,EUR,219.85,219.85,False,439.7,False,True,False,False
BK02795,greco matteo,matteo.greco799@gmail.com,France,senza glutine,2026-04-03,2026-04-03,2026-04-05,2,OTA,USD,237.25,218.27,False,436.54,False,True,False,False
BK02796,francesco nowak,francesco.nowak716@gmail.com,Switzerland,italiana,2026-04-03,2026-04-03,2026-04-04,1,direct,USD,227.27,209.09,False,209.09,False,True,False,False
BK02797,ivanov robert,robert.ivanov26@icloud.com,Japan,vegana,2025-10-20,2026-04-03,2026-04-05,2,OTA,EUR,280.69,280.69,True,0.0,False,True,False,False
BK02798,dubois simone,simone.dubois917@gmail.com,Netherlands,vegetariana,2026-04-03,2026-04-03,2026-04-04,1,OTA,EUR,233.94,233.94,False,233.94,False,True,False,False
BK02799,hassan olga,olga.hassan846@outlook.com,UAE,senza glutine,2025-03-12,2026-04-04,2026-04-08,4,direct,EUR,249.15,249.15,False,996.6,False,True,False,False
BK02800,anna wagner,anna.wagner718@outlook.com,Japan,pesce,2026-04-04,2026-04-04,2026-04-05,1,OTA,EUR,280.96,280.96,False,280.96,False,True,False,False
BK02801,ekaterina ivanov,ekaterina.ivanov608@gmail.com,Netherlands,kosher,2025-09-25,2026-04-05,2026-04-09,4,OTA,EUR,277.28,277.28,False,1109.12,False,True,False,False
BK02802,jean tanaka,jean.tanaka991@gmail.com,Netherlands,kosher,2025-09-30,2026-04-05,2026-04-11,6,direct,EUR,245.21,245.21,False,1471.26,False,True,False,True
BK02803,silvia watanabe,silvia.watanabe970@icloud.com,UAE,kosher,2024-11-30,2026-04-05,2026-04-10,5,direct,EUR,205.85,205.85,False,1029.25,False,True,False,False
BK02804,amelia costa,amelia.costa604@outlook.com,Spain,vegana,2026-04-05,2026-04-05,2026-04-06,1,direct,USD,181.15,166.66,True,0.0,False,True,False,False
BK02805,elena ibrahim,elena.ibrahim451@yahoo.com,Japan,italiana,2026-04-05,2026-04-05,2026-04-08,3,direct,EUR,203.95,203.95,False,611.85,False,True,False,False
BK02806,arjun garcia,arjun.garcia876@yahoo.com,UK,pesce,2025-04-08,2026-04-06,2026-04-12,6,direct,EUR,229.23,229.23,True,0.0,False,True,False,False
BK02807,arjun costa,arjun.costa440@yahoo.com,France,vegana,2026-04-06,2026-04-06,2026-04-07,1,OTA,USD,241.49,222.17,False,222.17,False,True,False,False
BK02808,kobayashi silvia,silvia.kobayashi166@gmail.com,Germany,halal,2025-03-26,2026-04-07,2026-04-11,4,direct,EUR,223.37,223.37,False,893.48,False,True,False,False
BK02809,klein priya,priya.klein97@gmail.com,Japan,pesce,2025-07-23,2026-04-07,2026-04-10,3,direct,USD,199.02,183.1,False,549.3,False,True,False,False
BK02810,layla lopez,layla.lopez235@gmail.com,USA,vegana,2025-12-03,2026-04-07,2026-04-11,4,OTA,EUR,215.49,215.49,False,861.96,False,True,False,False
BK02811,al-rashid giorgia,giorgia.al-rashid634@gmail.com,Germany,pesce,2026-04-07,2026-04-07,2026-04-09,2,OTA,EUR,232.93,232.93,False,465.86,False,True,False,False
BK02812,chiara muller,chiara.muller720@yahoo.com,Netherlands,vegana,2025-08-26,2026-04-08,2026-04-10,2,OTA,EUR,242.36,242.36,False,484.72,False,True,False,False
BK02813,ahmed costa,ahmed.costa821@gmail.com,Italy,halal,2026-02-15,2026-04-08,2026-04-10,2,OTA,EUR,261.11,261.11,False,522.22,False,True,False,True
BK02814,dmitri muller,dmitri.muller221@icloud.com,Japan,kosher,2026-04-08,2026-04-08,2026-04-12,4,direct,EUR,220.42,220.42,False,881.68,False,True,False,False
BK02815,rossi sophie,sophie.rossi478@yahoo.com,Spain,italiana,2026-04-08,2026-04-08,2026-04-09,1,direct,USD,237.38,218.39,False,218.39,False,True,False,False
BK02816,bernard diego,diego.bernard324@yahoo.com,Spain,vegetariana,2026-04-09,2026-04-09,2026-04-11,2,OTA,EUR,230.27,230.27,False,460.54,False,True,False,False
BK02817,bernard kenji,kenji.bernard785@gmail.com,Netherlands,internazionale,2026-04-09,2026-04-09,2026-04-12,3,direct,EUR,246.51,246.51,False,739.53,False,True,False,False
BK02818,francesco garcia,francesco.garcia130@gmail.com,UK,pesce,2025-06-04,2026-04-09,2026-04-10,1,OTA,EUR,250.48,250.48,False,250.48,False,True,False,False
BK02819,martinez youssef,youssef.martinez489@icloud.com,Netherlands,vegana,2026-04-09,2026-04-09,2026-04-13,4,direct,EUR,247.96,247.96,False,991.84,False,True,False,False
BK02820,martinez silvia,silvia.martinez667@icloud.com,Germany,vegana,2026-04-09,2026-04-09,2026-04-11,2,OTA,EUR,231.66,231.66,False,463.32,False,True,False,True
BK02821,henri klein,henri.klein91@yahoo.com,Spain,halal,2026-04-10,2026-04-10,2026-04-14,4,OTA,EUR,238.66,238.66,False,954.64,False,True,False,False
BK02822,ibrahim yuki,yuki.ibrahim13@yahoo.com,Japan,kosher,2025-09-21,2026-04-10,2026-04-13,3,OTA,EUR,234.56,234.56,False,703.68,False,True,False,True
BK02823,fernandez ingrid,ingrid.fernandez139@outlook.com,Switzerland,vegetariana,2026-04-10,2026-04-10,2026-04-12,2,OTA,USD,276.7,254.56,False,509.12,False,True,False,False
BK02824,bianchi silvia,silvia.bianchi915@yahoo.com,France,kosher,2026-04-10,2026-04-10,2026-04-11,1,direct,EUR,216.73,216.73,False,216.73,False,True,False,False
BK02825,laura lefevre,laura.lefevre854@yahoo.com,UAE,halal,2026-04-11,2026-04-11,2026-04-14,3,OTA,EUR,288.64,288.64,False,865.92,False,True,False,False
BK02826,camille yamamoto,camille.yamamoto947@icloud.com,Switzerland,senza glutine,2025-07-30,2026-04-11,2026-04-12,1,direct,EUR,229.09,229.09,False,229.09,False,True,False,False
BK02827,klaus martinez,klaus.martinez745@gmail.com,Italy,senza glutine,2026-04-11,2026-04-11,2026-04-14,3,OTA,USD,255.02,234.62,False,703.86,False,True,False,False
BK02828,ahmed al-farsi,ahmed.al-farsi571@yahoo.com,Spain,pesce,2026-04-11,2026-04-11,2026-04-14,3,direct,EUR,208.82,208.82,False,626.46,False,True,False,False
BK02829,fischer thomas,thomas.fischer762@gmail.com,USA,kosher,2025-08-07,2026-04-13,2026-04-15,2,OTA,EUR,262.21,262.21,False,524.42,False,True,True,False
BK02830,fernandez omar,omar.fernandez343@gmail.com,Italy,senza glutine,2025-05-25,2026-04-13,2026-04-16,3,OTA,EUR,177.41,177.41,False,532.23,False,True,False,False
BK02831,fischer ingrid,ingrid.fischer329@yahoo.com,Japan,senza glutine,2026-04-13,2026-04-13,2026-04-15,2,OTA,USD,310.42,285.59,False,571.18,False,True,False,False
BK02832,ferreira nikolai,nikolai.ferreira752@icloud.com,USA,halal,2026-04-13,2026-04-13,2026-04-15,2,OTA,EUR,249.89,249.89,False,499.78,False,True,False,False
BK02833,elena ferreira,elena.ferreira5@gmail.com,Germany,halal,2025-08-02,2026-04-14,2026-04-21,7,OTA,EUR,253.37,253.37,False,1773.59,False,True,False,True
BK02834,astrid greco,astrid.greco827@icloud.com,USA,internazionale,2025-08-15,2026-04-14,2026-04-17,3,OTA,EUR,231.5,231.5,True,0.0,False,True,False,True
BK02835,dmitri singh,dmitri.singh24@outlook.com,Switzerland,vegetariana,2025-04-15,2026-04-14,2026-04-15,1,OTA,EUR,212.39,212.39,False,212.39,False,True,False,False
BK02836,lucia yamamoto,lucia.yamamoto335@gmail.com,Netherlands,italiana,2026-04-14,2026-04-14,2026-04-16,2,OTA,EUR,237.89,237.89,False,475.78,False,True,False,False
BK02837,ahmed silva,ahmed.silva143@icloud.com,Japan,vegana,2026-04-14,2026-04-14,2026-04-16,2,direct,EUR,241.5,241.5,True,0.0,False,True,False,False
BK02838,aiko schmidt,aiko.schmidt641@icloud.com,Germany,internazionale,2026-04-14,2026-04-14,2026-04-16,2,direct,USD,225.56,207.52,False,415.04,False,True,False,False
BK02839,ibrahim maria,maria.ibrahim561@yahoo.com,Netherlands,vegana,2026-04-15,2026-04-15,2026-04-17,2,direct,EUR,215.83,215.83,False,431.66,False,True,False,False
BK02840,arjun lopez,arjun.lopez71@yahoo.com,Italy,halal,2026-04-15,2026-04-15,2026-04-17,2,OTA,EUR,217.63,217.63,False,435.26,False,True,False,False
BK02841,kim patricia,patricia.kim810@icloud.com,UAE,vegetariana,2026-04-15,2026-04-15,2026-04-16,1,direct,EUR,188.79,188.79,True,0.0,False,True,False,False
BK02842,klaus yamamoto,klaus.yamamoto882@icloud.com,Switzerland,vegana,2024-10-27,2026-04-15,2026-04-19,4,OTA,EUR,245.39,245.39,False,981.56,False,True,False,False
BK02843,francesco girard,francesco.girard327@outlook.com,UAE,internazionale,2024-12-28,2026-04-15,2026-04-17,2,OTA,EUR,281.74,281.74,False,563.48,False,True,False,False
BK02844,francesco smith,francesco.smith798@outlook.com,Netherlands,vegetariana,2025-07-20,2026-04-16,2026-04-17,1,OTA,USD,264.04,242.92,False,242.92,False,True,False,False
BK02845,camille ferreira,camille.ferreira376@icloud.com,Germany,kosher,2026-04-16,2026-04-16,2026-04-17,1,OTA,EUR,250.81,250.81,False,250.81,False,True,False,False
BK02846,bianchi emma,emma.bianchi922@outlook.com,Switzerland,kosher,2026-04-16,2026-04-16,2026-04-19,3,OTA,USD,253.22,232.96,False,698.88,False,True,False,False
BK02847,luca meyer,luca.meyer780@gmail.com,Italy,halal,2026-01-06,2026-04-17,2026-04-18,1,direct,EUR,231.13,231.13,False,231.13,False,True,False,False
BK02848,kobayashi robert,robert.kobayashi907@icloud.com,UK,senza glutine,2026-04-17,2026-04-17,2026-04-19,2,OTA,EUR,228.66,228.66,False,457.32,False,True,False,False
BK02849,ahmed hassan,ahmed.hassan561@outlook.com,UK,vegetariana,2026-04-17,2026-04-17,2026-04-24,7,direct,EUR,256.26,256.26,False,1793.82,False,True,False,False
BK02850,ferrari hans,hans.ferrari705@icloud.com,France,internazionale,2025-08-01,2026-04-17,2026-04-22,5,OTA,EUR,191.66,191.66,False,958.3,False,True,False,True
BK02851,olga yamamoto,olga.yamamoto454@gmail.com,Germany,senza glutine,2024-10-11,2026-04-17,2026-04-19,2,OTA,USD,271.95,250.19,False,500.38,False,True,False,False
BK02852,camille fernandez,camille.fernandez667@yahoo.com,USA,internazionale,2026-04-17,2026-04-17,2026-04-19,2,OTA,EUR,214.23,214.23,False,428.46,False,True,False,False
BK02853,camille kaczmarek,camille.kaczmarek647@icloud.com,France,internazionale,2026-04-17,2026-04-17,2026-04-19,2,OTA,EUR,252.08,252.08,False,504.16,False,True,False,False
BK02854,david kaczmarek,david.kaczmarek723@icloud.com,Italy,italiana,2026-04-18,2026-04-18,2026-04-19,1,OTA,EUR,220.58,220.58,False,220.58,False,True,False,False
BK02855,carlos romano,carlos.romano832@gmail.com,UAE,vegana,2025-06-01,2026-04-18,2026-04-19,1,OTA,EUR,212.86,212.86,False,212.86,False,True,False,False
BK02856,klaus popov,klaus.popov398@yahoo.com,France,kosher,2025-06-19,2026-04-18,2026-04-20,2,OTA,EUR,259.57,259.57,True,0.0,False,True,False,False
BK02857,costa henri,henri.costa104@gmail.com,UAE,vegana,2024-12-10,2026-04-19,2026-04-20,1,direct,EUR,239.97,239.97,True,0.0,False,True,False,False
BK02858,bernard francesco,francesco.bernard346@outlook.com,Germany,pesce,2026-01-09,2026-04-19,2026-04-20,1,direct,EUR,220.5,220.5,False,220.5,False,True,False,False
BK02859,giorgia weber,giorgia.weber954@icloud.com,USA,pesce,2026-03-15,2026-04-20,2026-04-21,1,OTA,EUR,264.94,264.94,True,0.0,False,True,False,False
BK02860,marco moreau,marco.moreau216@yahoo.com,UAE,senza glutine,2026-04-20,2026-04-20,2026-04-22,2,OTA,EUR,222.02,222.02,False,444.04,False,True,False,False
BK02861,colombo pierre,pierre.colombo158@icloud.com,Japan,pesce,2026-04-20,2026-04-20,2026-04-23,3,OTA,EUR,237.89,237.89,False,713.67,False,True,False,False
BK02862,chen matteo,matteo.chen506@gmail.com,Italy,vegetariana,2026-04-20,2026-04-20,2026-04-22,2,OTA,EUR,188.35,188.35,False,376.7,False,True,False,False
BK02863,giorgia johnson,giorgia.johnson51@gmail.com,Italy,vegana,2026-04-21,2026-04-21,2026-04-23,2,OTA,EUR,271.52,271.52,False,543.04,False,True,False,False
BK02864,kaczmarek layla,layla.kaczmarek151@gmail.com,Spain,italiana,2026-04-21,2026-04-21,2026-04-22,1,OTA,USD,263.76,242.66,False,242.66,False,True,False,False
BK02865,chiara petrov,chiara.petrov469@icloud.com,Netherlands,vegetariana,2026-04-21,2026-04-21,2026-04-23,2,OTA,EUR,236.44,236.44,False,472.88,False,True,False,False
BK02866,esposito simone,simone.esposito226@outlook.com,Italy,kosher,2026-04-21,2026-04-21,2026-04-24,3,direct,EUR,189.14,189.14,False,567.42,False,True,False,False
BK02867,bruno pierre,pierre.bruno540@gmail.com,Spain,halal,2025-05-24,2026-04-21,2026-04-22,1,OTA,EUR,279.59,279.59,False,279.59,False,True,False,False
BK02868,ricci robert,robert.ricci652@gmail.com,Spain,pesce,2026-04-22,2026-04-22,2026-04-24,2,OTA,USD,224.08,206.15,False,412.3,False,True,False,False
BK02869,marco rossi,marco.rossi933@outlook.com,Spain,pesce,2026-04-23,2026-04-23,2026-04-24,1,OTA,EUR,174.77,174.77,False,174.77,False,True,False,False
BK02870,girard olivia,olivia.girard523@outlook.com,Japan,internazionale,2026-04-23,2026-04-23,2026-04-26,3,direct,EUR,239.12,239.12,False,717.36,False,True,False,False
BK02871,muller paolo,paolo.muller373@icloud.com,UK,vegetariana,2024-09-24,2026-04-23,2026-04-24,1,OTA,EUR,214.42,214.42,False,214.42,False,True,False,False
BK02872,greco youssef,youssef.greco609@yahoo.com,USA,kosher,2025-02-27,2026-04-24,2026-04-27,3,direct,EUR,209.76,209.76,False,629.28,False,True,False,False
BK02873,carlos schmidt,carlos.schmidt209@yahoo.com,Netherlands,senza glutine,2026-04-24,2026-04-24,2026-04-25,1,OTA,EUR,215.72,215.72,True,0.0,False,True,False,False
BK02874,anna fischer,anna.fischer492@gmail.com,France,vegetariana,2025-09-20,2026-04-24,2026-04-25,1,OTA,USD,208.96,192.24,False,192.24,False,True,False,True
BK02875,muller nikolai,nikolai.muller465@outlook.com,UAE,halal,2026-04-24,2026-04-24,2026-04-28,4,direct,USD,253.09,232.84,False,931.36,False,True,False,False
BK02876,kumar sara,sara.kumar438@gmail.com,France,senza glutine,2026-04-24,2026-04-24,2026-04-27,3,OTA,EUR,221.07,221.07,False,663.21,False,True,False,False
BK02877,klaus suzuki,klaus.suzuki22@icloud.com,France,vegana,2026-04-24,2026-04-24,2026-04-25,1,direct,USD,174.59,160.62,False,160.62,False,True,False,False
BK02878,al-rashid hans,hans.al-rashid621@yahoo.com,France,italiana,2026-04-24,2026-04-24,2026-04-26,2,direct,EUR,183.39,183.39,False,366.78,False,True,True,False
BK02879,charlotte fernandez,charlotte.fernandez882@outlook.com,Spain,senza glutine,2026-04-25,2026-04-25,2026-04-27,2,OTA,EUR,234.07,234.07,False,468.14,False,True,False,False
BK02880,olga sharma,olga.sharma964@icloud.com,France,internazionale,2025-12-24,2026-04-25,2026-04-28,3,OTA,EUR,236.78,236.78,False,710.34,False,True,False,False
BK02881,anna sokolov,anna.sokolov912@gmail.com,France,italiana,2026-04-25,2026-04-25,2026-04-29,4,OTA,EUR,243.61,243.61,False,974.44,False,True,False,False
BK02882,lefevre matteo,matteo.lefevre690@outlook.com,Germany,vegana,2026-04-25,2026-04-25,2026-04-26,1,OTA,USD,211.72,194.78,False,194.78,False,True,False,True
BK02883,leroy william,william.leroy703@gmail.com,Spain,senza glutine,2026-04-26,2026-04-26,2026-04-28,2,OTA,EUR,225.17,225.17,False,450.34,False,True,False,False
BK02884,dubois giulia,giulia.dubois175@outlook.com,Japan,internazionale,2026-04-26,2026-04-26,2026-04-28,2,OTA,EUR,285.56,285.56,False,571.12,False,True,False,False
BK02885,marie smith,marie.smith67@gmail.com,Switzerland,italiana,2026-04-26,2026-04-26,2026-04-28,2,direct,EUR,263.27,263.27,False,526.54,False,True,False,False
BK02886,nilsson sara,sara.nilsson742@gmail.com,Germany,italiana,2026-04-27,2026-04-27,2026-04-28,1,OTA,EUR,214.34,214.34,False,214.34,False,True,False,False
BK02887,luca patel,luca.patel733@gmail.com,Germany,kosher,2025-06-11,2026-04-27,2026-05-02,5,direct,USD,260.85,239.98,True,0.0,False,True,False,False
BK02888,lucia silva,lucia.silva520@yahoo.com,France,senza glutine,2026-04-28,2026-04-28,2026-04-29,1,OTA,EUR,262.53,262.53,False,262.53,False,True,False,False
BK02889,ahmed rossi,ahmed.rossi761@gmail.com,France,senza glutine,2026-04-28,2026-04-28,2026-04-29,1,OTA,USD,224.69,206.71,False,206.71,False,True,False,True
BK02890,alessandro greco,alessandro.greco595@yahoo.com,Italy,pesce,2024-09-12,2026-04-28,2026-04-29,1,direct,EUR,234.51,234.51,False,234.51,False,True,False,True
BK02891,ahmed leroy,ahmed.leroy579@outlook.com,USA,kosher,2026-04-28,2026-04-28,2026-04-29,1,OTA,EUR,240.04,240.04,False,240.04,False,True,False,False
BK02892,pierre sharma,pierre.sharma99@outlook.com,Netherlands,kosher,2026-03-03,2026-04-29,2026-05-01,2,OTA,EUR,230.09,230.09,True,0.0,False,True,False,False
BK02893,amelia novak,amelia.novak280@gmail.com,Netherlands,halal,2026-04-29,2026-04-29,2026-05-03,4,direct,EUR,229.54,229.54,False,918.16,False,True,False,False
BK02894,kenji singh,kenji.singh180@outlook.com,UAE,halal,2026-04-29,2026-04-29,2026-05-01,2,OTA,EUR,196.91,196.91,True,0.0,False,True,False,False
BK02895,dmitri weber,dmitri.weber58@icloud.com,USA,senza glutine,2026-03-11,2026-04-29,2026-04-30,1,direct,EUR,221.89,221.89,False,221.89,False,True,False,False
BK02896,kaczmarek lucia,lucia.kaczmarek83@yahoo.com,UK,halal,2026-04-29,2026-04-29,2026-05-04,5,OTA,EUR,195.86,195.86,False,979.3,False,True,False,False
BK02897,marino robert,robert.marino260@outlook.com,UK,vegetariana,2026-04-29,2026-04-29,2026-05-01,2,OTA,EUR,205.47,205.47,False,410.94,False,True,False,False
BK02898,valentina wagner,valentina.wagner672@yahoo.com,Switzerland,internazionale,2026-04-30,2026-04-30,2026-05-02,2,OTA,EUR,203.02,203.02,False,406.04,False,True,False,False
BK02899,ferrari sophie,sophie.ferrari359@gmail.com,Netherlands,internazionale,2025-08-30,2026-04-30,2026-05-02,2,OTA,EUR,272.06,272.06,False,544.12,False,True,False,False
BK02900,nakamura simone,simone.nakamura742@gmail.com,Italy,halal,2026-04-30,2026-04-30,2026-05-01,1,OTA,USD,286.92,263.97,False,263.97,False,True,False,False
BK02901,patel youssef,youssef.patel793@yahoo.com,Italy,halal,2024-09-20,2026-04-30,2026-05-02,2,OTA,EUR,260.28,260.28,False,520.56,False,True,False,True
BK02902,luca marino,luca.marino884@gmail.com,Netherlands,halal,2026-04-30,2026-04-30,2026-05-04,4,OTA,USD,271.76,250.02,False,1000.08,False,True,False,False
BK02903,layla patel,layla.patel108@icloud.com,France,senza glutine,2025-06-23,2026-05-01,2026-05-02,1,OTA,EUR,287.44,287.44,False,287.44,False,True,False,False
BK02904,patricia petrov,patricia.petrov376@icloud.com,Switzerland,kosher,2025-03-10,2026-05-01,2026-05-02,1,OTA,EUR,292.51,292.51,False,292.51,False,True,False,False
BK02905,dubois kenji,kenji.dubois607@yahoo.com,Germany,senza glutine,2026-05-01,2026-05-01,2026-05-02,1,OTA,USD,162.56,149.56,True,0.0,False,True,False,False
BK02906,alessandro smith,alessandro.smith505@yahoo.com,Italy,kosher,2025-01-23,2026-05-01,2026-05-03,2,OTA,EUR,238.11,238.11,False,476.22,False,True,False,True
BK02907,federica lefevre,federica.lefevre533@outlook.com,UAE,internazionale,2026-05-02,2026-05-02,2026-05-05,3,direct,EUR,181.73,181.73,False,545.19,False,True,False,False
BK02908,schmidt youssef,youssef.schmidt801@yahoo.com,France,halal,2026-05-02,2026-05-02,2026-05-03,1,OTA,EUR,198.42,198.42,False,198.42,False,True,False,False
BK02909,klaus lefevre,klaus.lefevre843@gmail.com,UK,vegetariana,2026-05-02,2026-05-02,2026-05-06,4,direct,EUR,248.83,248.83,False,995.32,False,True,False,False
BK02910,hassan henri,henri.hassan133@gmail.com,Germany,halal,2026-05-03,2026-05-03,2026-05-04,1,OTA,EUR,272.2,272.2,False,272.2,False,True,False,False
BK02911,nowak olivia,olivia.nowak908@icloud.com,USA,vegetariana,2025-12-02,2026-05-03,2026-05-05,2,OTA,USD,237.12,218.15,False,436.3,False,True,False,False
BK02912,fernandez robert,robert.fernandez147@yahoo.com,Italy,senza glutine,2026-05-03,2026-05-03,2026-05-04,1,OTA,EUR,252.46,252.46,False,252.46,False,True,False,False
BK02913,kenji marino,kenji.marino499@gmail.com,Spain,vegetariana,2025-12-29,2026-05-03,2026-05-05,2,OTA,EUR,234.57,234.57,False,469.14,False,True,False,False
BK02914,federica ibrahim,federica.ibrahim582@outlook.com,France,vegetariana,2025-06-15,2026-05-03,2026-05-04,1,OTA,EUR,231.53,231.53,False,231.53,False,True,False,False
BK02915,james smith,james.smith795@outlook.com,Germany,halal,2026-05-04,2026-05-04,2026-05-05,1,direct,EUR,236.61,236.61,False,236.61,False,True,False,False
BK02916,james sharma,james.sharma218@icloud.com,UK,kosher,2026-05-04,2026-05-04,2026-05-05,1,OTA,USD,292.17,268.8,False,268.8,False,True,False,False
BK02917,klaus petrov,klaus.petrov242@outlook.com,Switzerland,pesce,2026-05-04,2026-05-04,2026-05-05,1,direct,USD,252.47,232.27,False,232.27,False,True,False,False
BK02918,aiko greco,aiko.greco441@icloud.com,Spain,halal,2026-05-04,2026-05-04,2026-05-05,1,OTA,EUR,238.48,238.48,False,238.48,False,True,False,False
BK02919,henri popov,henri.popov422@yahoo.com,UAE,kosher,2026-05-04,2026-05-04,2026-05-05,1,OTA,EUR,282.56,282.56,True,0.0,False,True,False,False
BK02920,fernandez john,john.fernandez101@outlook.com,UK,vegetariana,2025-09-04,2026-05-04,2026-05-11,7,OTA,EUR,238.92,238.92,False,1672.44,False,True,False,False
BK02921,chen layla,layla.chen923@yahoo.com,Italy,pesce,2026-05-05,2026-05-05,2026-05-06,1,direct,EUR,196.84,196.84,False,196.84,False,True,False,False
BK02922,ananya johnson,ananya.johnson713@yahoo.com,Switzerland,halal,2026-05-05,2026-05-05,2026-05-06,1,OTA,USD,189.88,174.69,False,174.69,False,True,False,False
BK02923,henri johnson,henri.johnson482@gmail.com,UK,vegetariana,2026-05-05,2026-05-05,2026-05-07,2,OTA,EUR,244.09,244.09,False,488.18,False,True,False,False
BK02924,chen sophie,sophie.chen914@icloud.com,France,vegetariana,2026-05-05,2026-05-05,2026-05-06,1,direct,EUR,225.27,225.27,True,0.0,False,True,False,False
BK02925,erik hassan,erik.hassan247@gmail.com,Japan,vegetariana,2026-05-05,2026-05-05,2026-05-06,1,OTA,EUR,224.75,224.75,False,224.75,False,True,False,False
BK02926,lucia sokolov,lucia.sokolov951@yahoo.com,UAE,internazionale,2026-05-05,2026-05-05,2026-05-06,1,direct,EUR,224.63,224.63,False,224.63,False,True,False,False
BK02927,kumar lucia,lucia.kumar464@outlook.com,USA,vegetariana,2026-05-06,2026-05-06,2026-05-09,3,direct,EUR,213.81,213.81,False,641.43,False,True,False,True
BK02928,astrid moreau,astrid.moreau529@outlook.com,Italy,vegetariana,2026-05-07,2026-05-07,2026-05-10,3,OTA,EUR,236.36,236.36,False,709.08,False,True,False,False
BK02929,astrid nowak,astrid.nowak760@gmail.com,Italy,vegetariana,2026-05-07,2026-05-07,2026-05-08,1,direct,EUR,254.59,254.59,False,254.59,False,True,False,False
BK02930,anna ricci,anna.ricci819@gmail.com,Spain,senza glutine,2024-12-09,2026-05-07,2026-05-10,3,OTA,EUR,218.71,218.71,False,656.13,False,True,False,True
BK02931,federica nakamura,federica.nakamura772@outlook.com,France,vegetariana,2025-08-25,2026-05-07,2026-05-08,1,OTA,EUR,219.06,219.06,True,0.0,False,True,False,True
BK02932,greco silvia,silvia.greco221@icloud.com,Germany,internazionale,2026-05-07,2026-05-07,2026-05-09,2,direct,USD,230.71,212.25,False,424.5,False,True,False,False
BK02933,ananya popov,ananya.popov416@yahoo.com,France,vegetariana,2026-05-07,2026-05-07,2026-05-09,2,direct,EUR,248.63,248.63,False,497.26,False,True,False,False
BK02934,lopez sara,sara.lopez516@outlook.com,UK,senza glutine,2026-05-07,2026-05-07,2026-05-13,6,direct,EUR,277.47,277.47,False,1664.82,False,True,False,False
BK02935,federica sharma,federica.sharma314@outlook.com,Switzerland,internazionale,2026-05-08,2026-05-08,2026-05-10,2,OTA,EUR,251.69,251.69,False,503.38,False,True,False,False
BK02936,giulia ivanov,giulia.ivanov417@yahoo.com,UK,halal,2026-05-08,2026-05-08,2026-05-09,1,OTA,EUR,260.8,260.8,False,260.8,False,True,False,False
BK02937,giulia weber,giulia.weber722@gmail.com,USA,pesce,2026-01-21,2026-05-08,2026-05-10,2,OTA,USD,239.24,220.1,False,440.2,False,True,False,True
BK02938,james weber,james.weber701@icloud.com,UK,pesce,2024-12-06,2026-05-09,2026-05-11,2,OTA,EUR,265.94,265.94,False,531.88,False,True,False,False
BK02939,esposito sophie,sophie.esposito611@icloud.com,France,vegana,2026-05-09,2026-05-09,2026-05-10,1,direct,EUR,219.96,219.96,True,0.0,False,True,False,False
BK02940,al-rashid sara,sara.al-rashid359@icloud.com,UK,internazionale,2025-12-16,2026-05-09,2026-05-10,1,OTA,USD,251.66,231.53,False,231.53,False,True,False,False
BK02941,amelia fernandez,amelia.fernandez650@gmail.com,Germany,internazionale,2026-05-09,2026-05-09,2026-05-10,1,direct,USD,255.9,235.43,False,235.43,False,True,False,False
BK02942,fatima girard,fatima.girard427@icloud.com,Japan,vegetariana,2026-05-09,2026-05-09,2026-05-11,2,OTA,EUR,193.63,193.63,False,387.26,False,True,False,True
BK02943,chen robert,robert.chen478@gmail.com,UAE,kosher,2026-05-09,2026-05-09,2026-05-12,3,OTA,EUR,228.33,228.33,False,684.99,False,True,False,False
BK02944,moreau olivia,olivia.moreau234@icloud.com,Switzerland,italiana,2026-05-09,2026-05-09,2026-05-10,1,OTA,EUR,261.12,261.12,False,261.12,False,True,False,False
BK02945,elena romano,elena.romano711@gmail.com,Netherlands,vegetariana,2026-05-10,2026-05-10,2026-05-13,3,direct,EUR,211.13,211.13,False,633.39,False,True,False,False
BK02946,colombo matteo,matteo.colombo992@icloud.com,Germany,vegetariana,2026-05-10,2026-05-10,2026-05-11,1,OTA,EUR,229.88,229.88,False,229.88,False,True,False,False
BK02947,luca nowak,luca.nowak583@gmail.com,Italy,vegana,2024-12-27,2026-05-10,2026-05-12,2,direct,EUR,243.01,243.01,False,486.02,False,True,False,False
BK02948,costa fatima,fatima.costa252@gmail.com,USA,internazionale,2024-12-20,2026-05-10,2026-05-11,1,direct,EUR,244.14,244.14,True,0.0,False,True,False,True
BK02949,astrid fernandez,astrid.fernandez966@yahoo.com,USA,italiana,2026-05-10,2026-05-10,2026-05-13,3,OTA,EUR,300.61,300.61,False,901.83,False,True,False,False
BK02950,federica kim,federica.kim692@icloud.com,Netherlands,vegana,2026-05-10,2026-05-10,2026-05-11,1,OTA,EUR,254.66,254.66,False,254.66,False,True,False,False
BK02951,fatima kim,fatima.kim925@yahoo.com,France,halal,2025-06-10,2026-05-10,2026-05-11,1,OTA,USD,294.28,270.74,False,270.74,False,True,False,True
BK02952,chiara popov,chiara.popov137@yahoo.com,Spain,kosher,2025-11-19,2026-05-10,2026-05-13,3,direct,EUR,202.52,202.52,False,607.56,False,True,False,False
BK02953,laura tanaka,laura.tanaka748@outlook.com,UK,vegetariana,2026-05-10,2026-05-10,2026-05-11,1,OTA,EUR,252.42,252.42,False,252.42,False,True,False,False
BK02954,hans moreau,hans.moreau885@yahoo.com,Spain,pesce,2026-01-11,2026-05-11,2026-05-13,2,direct,EUR,197.39,197.39,False,394.78,False,True,False,False
BK02955,robert yamamoto,robert.yamamoto503@yahoo.com,UAE,senza glutine,2025-12-07,2026-05-11,2026-05-12,1,OTA,EUR,222.74,222.74,False,222.74,False,True,False,False
BK02956,amelia martinez,amelia.martinez780@yahoo.com,Italy,kosher,2026-05-12,2026-05-12,2026-05-13,1,OTA,EUR,246.46,246.46,False,246.46,False,True,False,False
BK02957,wagner yuki,yuki.wagner571@yahoo.com,Netherlands,vegetariana,2026-05-13,2026-05-13,2026-05-14,1,OTA,EUR,241.25,241.25,False,241.25,False,True,False,False
BK02958,kowalski priya,priya.kowalski271@yahoo.com,Japan,internazionale,2026-05-13,2026-05-13,2026-05-16,3,OTA,EUR,238.17,238.17,False,714.51,False,True,False,False
BK02959,francesco nilsson,francesco.nilsson464@gmail.com,France,italiana,2025-03-01,2026-05-13,2026-05-17,4,OTA,USD,234.45,215.69,False,862.76,False,True,False,True
BK02960,alessandro watanabe,alessandro.watanabe86@yahoo.com,Italy,pesce,2026-02-15,2026-05-13,2026-05-14,1,direct,USD,301.08,276.99,True,0.0,False,True,False,False
BK02961,ferreira luca,luca.ferreira532@gmail.com,France,kosher,2025-12-06,2026-05-13,2026-05-17,4,OTA,EUR,259.04,259.04,False,1036.16,False,True,False,False
BK02962,tanaka william,william.tanaka492@icloud.com,USA,italiana,2026-05-14,2026-05-14,2026-05-15,1,OTA,EUR,182.48,182.48,False,182.48,False,True,False,False
BK02963,alessandro fernandez,alessandro.fernandez713@icloud.com,UAE,pesce,2026-05-14,2026-05-14,2026-05-17,3,OTA,EUR,249.6,249.6,False,748.8,False,True,False,False
BK02964,kowalski yuki,yuki.kowalski731@icloud.com,Italy,pesce,2025-04-08,2026-05-14,2026-05-17,3,OTA,EUR,216.77,216.77,False,650.31,False,True,False,True
BK02965,hans klein,hans.klein677@icloud.com,USA,internazionale,2025-12-21,2026-05-14,2026-05-16,2,OTA,USD,227.45,209.25,False,418.5,False,True,True,True
BK02966,arjun colombo,arjun.colombo462@yahoo.com,Switzerland,vegetariana,2024-09-30,2026-05-14,2026-05-18,4,direct,EUR,194.53,194.53,False,778.12,False,True,False,True
BK02967,andrea kumar,andrea.kumar568@icloud.com,Switzerland,kosher,2025-08-30,2026-05-15,2026-05-16,1,direct,EUR,226.52,226.52,False,226.52,False,True,False,False
BK02968,bruno francesco,francesco.bruno901@outlook.com,Netherlands,pesce,2026-05-15,2026-05-15,2026-05-21,6,OTA,USD,246.66,226.93,False,1361.58,False,True,False,False
BK02969,ekaterina schmidt,ekaterina.schmidt893@gmail.com,Netherlands,halal,2026-05-15,2026-05-15,2026-05-17,2,OTA,USD,248.02,228.18,False,456.36,False,True,False,False
BK02970,marino youssef,youssef.marino441@icloud.com,USA,vegetariana,2025-12-01,2026-05-15,2026-05-17,2,OTA,EUR,232.7,232.7,False,465.4,False,True,False,True
BK02971,luca petrov,luca.petrov521@yahoo.com,USA,vegetariana,2024-12-30,2026-05-16,2026-05-19,3,OTA,USD,240.26,221.04,False,663.12,False,True,False,False
BK02972,pierre weber,pierre.weber501@yahoo.com,France,pesce,2025-11-12,2026-05-16,2026-05-18,2,OTA,EUR,275.35,275.35,False,550.7,False,True,False,False
BK02973,giulia kumar,giulia.kumar465@gmail.com,France,internazionale,2026-05-17,2026-05-17,2026-05-20,3,OTA,EUR,193.43,193.43,False,580.29,False,True,False,False
BK02974,arjun watanabe,arjun.watanabe651@yahoo.com,France,halal,2026-05-17,2026-05-17,2026-05-20,3,OTA,USD,269.04,247.52,False,742.56,False,True,False,False
BK02975,kim valentina,valentina.kim388@gmail.com,UAE,vegana,2024-09-26,2026-05-17,2026-05-18,1,OTA,EUR,251.07,251.07,False,251.07,False,True,False,True
BK02976,garcia robert,robert.garcia405@yahoo.com,UAE,internazionale,2026-05-17,2026-05-17,2026-05-18,1,OTA,EUR,215.56,215.56,False,215.56,False,True,False,False
BK02977,al-rashid andrea,andrea.al-rashid667@outlook.com,UK,vegetariana,2025-03-28,2026-05-17,2026-05-25,8,OTA,EUR,247.15,247.15,False,1977.2,False,True,False,False
BK02978,lucia novak,lucia.novak876@gmail.com,Italy,internazionale,2026-05-17,2026-05-17,2026-05-20,3,direct,EUR,200.02,200.02,False,600.06,False,True,False,False
BK02979,fischer klaus,klaus.fischer97@outlook.com,UAE,italiana,2026-05-17,2026-05-17,2026-05-18,1,OTA,EUR,257.42,257.42,False,257.42,False,True,False,False
BK02980,elena girard,elena.girard801@gmail.com,USA,internazionale,2026-02-14,2026-05-18,2026-05-21,3,OTA,EUR,227.77,227.77,False,683.31,False,True,False,False
BK02981,ferreira henri,henri.ferreira574@gmail.com,Netherlands,vegana,2025-07-29,2026-05-18,2026-05-21,3,OTA,EUR,227.22,227.22,False,681.66,False,True,False,True
BK02982,john silva,john.silva782@gmail.com,Germany,kosher,2026-05-18,2026-05-18,2026-05-20,2,direct,EUR,219.45,219.45,False,438.9,False,True,False,False
BK02983,henri sharma,henri.sharma27@gmail.com,UK,vegana,2024-12-12,2026-05-18,2026-05-20,2,direct,EUR,253.83,253.83,False,507.66,False,True,False,False
BK02984,fischer pierre,pierre.fischer603@gmail.com,USA,internazionale,2026-05-18,2026-05-18,2026-05-19,1,OTA,EUR,270.66,270.66,False,270.66,False,True,False,False
BK02985,romano sara,sara.romano401@gmail.com,Switzerland,kosher,2026-05-19,2026-05-19,2026-05-20,1,direct,USD,249.59,229.62,False,229.62,False,True,False,False
BK02986,martinez matteo,matteo.martinez444@yahoo.com,UK,halal,2026-05-19,2026-05-19,2026-05-21,2,OTA,EUR,230.96,230.96,False,461.92,False,True,False,False
BK02987,garcia henri,henri.garcia33@gmail.com,UAE,italiana,2026-05-19,2026-05-19,2026-05-21,2,direct,EUR,259.94,259.94,False,519.88,False,True,False,False
BK02988,patel robert,robert.patel254@gmail.com,UAE,halal,2026-05-20,2026-05-20,2026-05-21,1,OTA,EUR,247.7,247.7,False,247.7,False,True,False,True
BK02989,isabella romano,isabella.romano198@yahoo.com,Netherlands,vegetariana,2026-05-20,2026-05-20,2026-05-21,1,direct,EUR,231.03,231.03,False,231.03,False,True,False,False
BK02990,bernard james,james.bernard96@gmail.com,UAE,vegetariana,2026-05-20,2026-05-20,2026-05-22,2,direct,USD,255.39,234.96,False,469.92,False,True,False,False
BK02991,matteo wagner,matteo.wagner144@outlook.com,USA,italiana,2026-05-20,2026-05-20,2026-05-26,6,OTA,EUR,254.07,254.07,False,1524.42,False,True,False,False
BK02992,nikolai yamamoto,nikolai.yamamoto640@outlook.com,UK,kosher,2024-11-27,2026-05-20,2026-05-22,2,direct,EUR,201.84,201.84,False,403.68,False,True,False,False
BK02993,emma martinez,emma.martinez398@gmail.com,France,pesce,2024-10-20,2026-05-21,2026-05-22,1,direct,EUR,249.12,249.12,False,249.12,False,True,False,True
BK02994,astrid yamamoto,astrid.yamamoto268@outlook.com,Italy,senza glutine,2026-05-21,2026-05-21,2026-05-24,3,OTA,EUR,243.85,243.85,False,731.55,False,True,False,False
BK02995,fatima ferreira,fatima.ferreira378@gmail.com,USA,senza glutine,2026-05-21,2026-05-21,2026-05-23,2,OTA,EUR,289.88,289.88,False,579.76,False,True,False,False
BK02996,lopez pierre,pierre.lopez238@outlook.com,France,pesce,2026-05-21,2026-05-21,2026-05-23,2,direct,EUR,262.37,262.37,False,524.74,False,True,False,False
BK02997,diego singh,diego.singh421@outlook.com,UK,kosher,2026-05-21,2026-05-21,2026-05-25,4,OTA,EUR,167.35,167.35,False,669.4,False,True,False,False
BK02998,diego ibrahim,diego.ibrahim945@icloud.com,Germany,pesce,2026-05-22,2026-05-22,2026-05-25,3,OTA,EUR,229.91,229.91,True,0.0,False,True,False,False
BK02999,giulia popov,giulia.popov947@icloud.com,Japan,vegetariana,2026-05-22,2026-05-22,2026-05-25,3,OTA,EUR,224.66,224.66,False,673.98,False,True,False,False
BK03000,arjun kumar,arjun.kumar966@icloud.com,Spain,internazionale,2026-05-22,2026-05-22,2026-05-23,1,direct,EUR,198.43,198.43,False,198.43,False,True,False,False
BK03001,marino silvia,silvia.marino237@yahoo.com,Japan,italiana,2026-05-22,2026-05-22,2026-05-24,2,OTA,EUR,237.95,237.95,False,475.9,False,True,False,False
BK03002,garcia hans,hans.garcia674@icloud.com,UAE,vegana,2026-05-23,2026-05-23,2026-05-27,4,OTA,EUR,219.45,219.45,False,877.8,False,True,False,False
BK03003,chen fatima,fatima.chen637@yahoo.com,Switzerland,vegetariana,2026-05-23,2026-05-23,2026-05-24,1,direct,EUR,223.59,223.59,False,223.59,False,True,False,False
BK03004,aiko smith,aiko.smith458@outlook.com,Switzerland,pesce,2026-05-23,2026-05-23,2026-05-24,1,direct,EUR,236.71,236.71,False,236.71,False,True,False,False
BK03005,aiko petrov,aiko.petrov280@icloud.com,USA,internazionale,2026-05-23,2026-05-23,2026-05-25,2,OTA,USD,291.9,268.55,False,537.1,False,True,False,False
BK03006,elena kobayashi,elena.kobayashi165@icloud.com,Switzerland,pesce,2025-08-22,2026-05-23,2026-05-24,1,OTA,USD,258.67,237.98,False,237.98,False,True,False,False
BK03007,emma ricci,emma.ricci552@outlook.com,Japan,senza glutine,2026-05-23,2026-05-23,2026-05-25,2,direct,EUR,272.67,272.67,False,545.34,False,True,False,False
BK03008,kim luca,luca.kim863@yahoo.com,Japan,kosher,2026-05-24,2026-05-24,2026-05-28,4,OTA,USD,236.54,217.62,False,870.48,False,True,False,False
BK03009,girard omar,omar.girard20@outlook.com,Switzerland,italiana,2026-05-24,2026-05-24,2026-05-27,3,OTA,EUR,249.26,249.26,False,747.78,False,True,False,False
BK03010,kumar yuki,yuki.kumar225@gmail.com,Switzerland,pesce,2026-05-24,2026-05-24,2026-05-25,1,OTA,EUR,266.51,266.51,False,266.51,False,True,False,False
BK03011,carlos weber,carlos.weber108@yahoo.com,UK,italiana,2026-05-25,2026-05-25,2026-05-26,1,OTA,EUR,212.03,212.03,False,212.03,False,True,False,False
BK03012,ananya girard,ananya.girard263@icloud.com,Italy,vegana,2026-05-25,2026-05-25,2026-06-05,11,OTA,USD,246.99,227.23,False,2499.53,False,True,False,False
BK03013,priya ricci,priya.ricci645@yahoo.com,Switzerland,halal,2026-05-26,2026-05-26,2026-05-29,3,OTA,EUR,224.54,224.54,False,673.62,False,True,False,False
BK03014,paolo ricci,paolo.ricci237@yahoo.com,Switzerland,internazionale,2026-05-26,2026-05-26,2026-05-28,2,direct,EUR,266.01,266.01,False,532.02,False,True,False,False
BK03015,ahmed ferreira,ahmed.ferreira864@icloud.com,Germany,senza glutine,2026-05-26,2026-05-26,2026-05-29,3,OTA,USD,242.11,222.74,False,668.22,False,True,False,False
BK03016,ferrari john,john.ferrari864@gmail.com,Switzerland,vegetariana,2026-05-26,2026-05-26,2026-05-27,1,OTA,EUR,211.1,211.1,False,211.1,False,True,False,True
BK03017,moreau nikolai,nikolai.moreau224@gmail.com,Switzerland,pesce,2026-05-26,2026-05-26,2026-05-27,1,OTA,EUR,220.95,220.95,False,220.95,False,True,False,False
BK03018,al-rashid francesco,francesco.al-rashid399@icloud.com,Japan,kosher,2024-09-10,2026-05-26,2026-05-27,1,direct,USD,238.78,219.68,False,219.68,False,True,False,True
BK03019,klaus kumar,klaus.kumar109@icloud.com,UAE,senza glutine,2025-09-03,2026-05-26,2026-05-28,2,direct,EUR,246.55,246.55,False,493.1,False,True,False,False
BK03020,arjun popov,arjun.popov19@yahoo.com,Japan,kosher,2025-06-15,2026-05-26,2026-05-28,2,OTA,EUR,227.92,227.92,False,455.84,False,True,True,False
BK03021,esposito william,william.esposito867@outlook.com,Japan,internazionale,2026-05-26,2026-05-26,2026-06-01,6,direct,USD,153.76,141.46,False,848.76,False,True,False,False
BK03022,fernandez youssef,youssef.fernandez79@icloud.com,UAE,internazionale,2024-12-31,2026-05-27,2026-05-29,2,OTA,EUR,216.51,216.51,False,433.02,False,True,False,False
BK03023,federica moreau,federica.moreau745@icloud.com,Switzerland,kosher,2026-05-28,2026-05-28,2026-05-30,2,OTA,EUR,223.04,223.04,False,446.08,False,True,False,False
BK03024,greco nikolai,nikolai.greco996@gmail.com,Switzerland,halal,2026-05-28,2026-05-28,2026-05-29,1,OTA,EUR,290.43,290.43,False,290.43,False,True,False,False
BK03025,nikolai nilsson,nikolai.nilsson872@yahoo.com,UK,senza glutine,2026-05-28,2026-05-28,2026-06-01,4,OTA,EUR,200.37,200.37,False,801.48,False,True,False,False
BK03026,fatima greco,fatima.greco419@icloud.com,Netherlands,internazionale,2026-05-29,2026-05-29,2026-05-30,1,OTA,USD,263.91,242.8,False,242.8,False,True,False,False
BK03027,johnson yuki,yuki.johnson980@yahoo.com,USA,vegetariana,2026-05-29,2026-05-29,2026-06-02,4,direct,EUR,219.86,219.86,False,879.44,False,True,False,False
BK03028,kaczmarek omar,omar.kaczmarek671@outlook.com,Spain,internazionale,2026-05-30,2026-05-30,2026-06-01,2,OTA,EUR,249.34,249.34,False,498.68,False,True,False,False
BK03029,marino simone,simone.marino505@icloud.com,Switzerland,kosher,2025-06-25,2026-05-30,2026-06-01,2,OTA,EUR,244.45,244.45,False,488.9,False,True,False,True
BK03030,klein thomas,thomas.klein606@icloud.com,France,pesce,2026-05-30,2026-05-30,2026-06-01,2,OTA,EUR,208.78,208.78,False,417.56,False,True,False,False
BK03031,smith youssef,youssef.smith192@gmail.com,France,vegetariana,2026-05-31,2026-05-31,2026-06-02,2,direct,EUR,271.97,271.97,False,543.94,False,True,False,False
BK03032,giorgia johnson,giorgia.johnson51@gmail.com,Italy,vegana,2026-04-21,2026-05-31,2026-06-02,2,direct,USD,207.16,190.59,False,381.18,False,True,False,False
BK03033,elena wagner,elena.wagner566@icloud.com,UAE,vegana,2026-05-31,2026-05-31,2026-06-02,2,OTA,USD,261.79,240.85,False,481.7,False,True,False,False
BK03034,andrea novak,andrea.novak775@gmail.com,UK,italiana,2026-06-01,2026-06-01,2026-06-04,3,OTA,EUR,412.08,412.08,False,1236.24,True,True,False,False
BK03035,kowalski marie,marie.kowalski145@outlook.com,Japan,internazionale,2026-06-01,2026-06-01,2026-06-03,2,OTA,EUR,380.44,380.44,False,760.88,True,True,False,False
BK03036,chen henri,henri.chen164@yahoo.com,Germany,pesce,2026-06-01,2026-06-01,2026-06-05,4,direct,EUR,369.63,369.63,False,1478.52,True,True,False,False
BK03037,chiara esposito,chiara.esposito969@gmail.com,Netherlands,vegana,2026-06-01,2026-06-01,2026-06-06,5,OTA,EUR,333.79,333.79,True,0.0,True,True,False,False
BK03038,esposito hans,hans.esposito659@yahoo.com,Netherlands,vegetariana,2026-06-02,2026-06-02,2026-06-03,1,direct,EUR,398.61,398.61,True,0.0,True,True,False,False
BK03039,muller olga,olga.muller138@outlook.com,USA,vegana,2026-06-02,2026-06-02,2026-06-03,1,OTA,EUR,450.83,450.83,False,450.83,True,True,False,False
BK03040,kenji watanabe,kenji.watanabe61@outlook.com,USA,internazionale,2026-06-02,2026-06-02,2026-06-06,4,direct,EUR,419.29,419.29,False,1677.16,True,True,False,False
BK03041,kobayashi olivia,olivia.kobayashi916@gmail.com,Spain,pesce,2026-06-02,2026-06-02,2026-06-05,3,OTA,EUR,478.73,478.73,False,1436.19,True,True,False,False
BK03042,priya sharma,priya.sharma884@icloud.com,UK,vegana,2025-01-21,2026-06-02,2026-06-05,3,direct,EUR,494.91,494.91,False,1484.73,True,True,False,True
BK03043,priya watanabe,priya.watanabe891@icloud.com,Germany,halal,2024-09-18,2026-06-02,2026-06-05,3,direct,EUR,442.37,442.37,False,1327.11,True,True,False,True
BK03044,esposito youssef,youssef.esposito748@outlook.com,UAE,internazionale,2026-06-02,2026-06-02,2026-06-05,3,OTA,EUR,440.87,440.87,False,1322.61,True,True,False,False
BK03045,al-rashid henri,henri.al-rashid632@icloud.com,UK,italiana,2025-09-29,2026-06-02,2026-06-05,3,OTA,EUR,462.58,462.58,False,1387.74,True,True,False,False
BK03046,smith thomas,thomas.smith130@outlook.com,Spain,halal,2024-12-28,2026-06-03,2026-06-06,3,direct,EUR,417.0,417.0,False,1251.0,True,True,False,False
BK03047,garcia maria,maria.garcia72@outlook.com,UAE,halal,2024-11-24,2026-06-03,2026-06-05,2,direct,USD,432.43,397.84,False,795.68,True,True,False,False
BK03048,klaus romano,klaus.romano978@gmail.com,Japan,pesce,2026-06-03,2026-06-03,2026-06-05,2,OTA,EUR,426.86,426.86,False,853.72,True,True,False,False
BK03049,fatima nowak,fatima.nowak743@yahoo.com,UK,pesce,2025-12-30,2026-06-03,2026-06-08,5,OTA,EUR,421.7,421.7,False,2108.5,True,True,False,False
BK03050,costa valentina,valentina.costa772@outlook.com,UK,vegetariana,2026-06-03,2026-06-03,2026-06-05,2,direct,EUR,410.37,410.37,False,820.74,True,True,False,False
BK03051,layla novak,layla.novak49@yahoo.com,Japan,vegetariana,2026-03-10,2026-06-03,2026-06-09,6,OTA,USD,402.52,370.32,False,2221.92,True,True,False,False
BK03052,ibrahim olga,olga.ibrahim157@icloud.com,UK,italiana,2026-06-03,2026-06-03,2026-06-05,2,OTA,EUR,384.7,384.7,False,769.4,True,True,False,False
BK03053,john patel,john.patel529@gmail.com,Switzerland,internazionale,2026-06-03,2026-06-03,2026-06-07,4,direct,EUR,479.21,479.21,False,1916.84,True,True,False,False
BK03054,arjun yamamoto,arjun.yamamoto592@outlook.com,USA,italiana,2026-06-03,2026-06-03,2026-06-04,1,direct,EUR,448.51,448.51,False,448.51,True,True,False,False
BK03055,klaus leroy,klaus.leroy835@yahoo.com,Switzerland,pesce,2024-11-25,2026-06-04,2026-06-09,5,direct,EUR,474.17,474.17,True,0.0,True,True,False,True
BK03056,anna suzuki,anna.suzuki458@icloud.com,Switzerland,vegana,2025-12-13,2026-06-04,2026-06-07,3,direct,EUR,473.72,473.72,False,1421.16,True,True,False,True
BK03057,ivanov nikolai,nikolai.ivanov295@icloud.com,Switzerland,pesce,2026-06-04,2026-06-04,2026-06-06,2,direct,EUR,443.88,443.88,False,887.76,True,True,False,False
BK03058,camille kowalski,camille.kowalski708@yahoo.com,UAE,internazionale,2026-06-04,2026-06-04,2026-06-06,2,OTA,EUR,414.51,414.51,False,829.02,True,True,False,False
BK03059,al-rashid youssef,youssef.al-rashid666@gmail.com,Switzerland,kosher,2026-06-04,2026-06-04,2026-06-09,5,direct,EUR,393.68,393.68,False,1968.4,True,True,False,False
BK03060,emma popov,emma.popov156@icloud.com,Germany,italiana,2025-07-07,2026-06-04,2026-06-05,1,OTA,EUR,429.3,429.3,False,429.3,True,True,False,True
BK03061,francesco romano,francesco.romano522@icloud.com,UK,internazionale,2026-06-04,2026-06-04,2026-06-08,4,direct,EUR,377.91,377.91,False,1511.64,True,True,False,False
BK03062,conti luca,luca.conti528@outlook.com,Spain,pesce,2026-06-04,2026-06-04,2026-06-10,6,OTA,EUR,371.77,371.77,False,2230.62,True,True,False,False
BK03063,laura patel,laura.patel241@outlook.com,USA,italiana,2026-06-04,2026-06-04,2026-06-07,3,OTA,EUR,444.67,444.67,False,1334.01,True,True,False,False
BK03064,erik watanabe,erik.watanabe16@icloud.com,Switzerland,internazionale,2026-06-04,2026-06-04,2026-06-06,2,direct,USD,437.46,402.46,False,804.92,True,True,False,False
BK03065,alessandro girard,alessandro.girard31@yahoo.com,Germany,vegana,2026-06-05,2026-06-05,2026-06-06,1,direct,EUR,469.0,469.0,False,469.0,True,True,False,False
BK03066,klein marie,marie.klein815@outlook.com,Germany,senza glutine,2026-06-05,2026-06-05,2026-06-11,6,direct,EUR,429.4,429.4,False,2576.4,True,True,False,False
BK03067,erik girard,erik.girard413@outlook.com,France,pesce,2026-06-05,2026-06-05,2026-06-08,3,direct,EUR,427.68,427.68,False,1283.04,True,True,False,False
BK03068,chen jean,jean.chen199@icloud.com,Italy,italiana,2026-06-05,2026-06-05,2026-06-08,3,direct,EUR,363.46,363.46,True,0.0,True,True,False,False
BK03069,bianchi isabella,isabella.bianchi678@outlook.com,Germany,italiana,2025-08-22,2026-06-05,2026-06-11,6,OTA,EUR,364.28,364.28,False,2185.68,True,True,False,False
BK03070,ferreira francesco,francesco.ferreira800@icloud.com,Spain,vegetariana,2026-06-05,2026-06-05,2026-06-08,3,OTA,EUR,379.88,379.88,False,1139.64,True,True,False,False
BK03071,john rossi,john.rossi66@yahoo.com,Germany,vegetariana,2026-06-05,2026-06-05,2026-06-07,2,direct,EUR,474.53,474.53,False,949.06,True,True,False,False
BK03072,charlotte rossi,charlotte.rossi783@icloud.com,Germany,vegana,2026-06-06,2026-06-06,2026-06-08,2,OTA,EUR,448.21,448.21,False,896.42,True,True,False,False
BK03073,al-farsi fatima,fatima.al-farsi285@icloud.com,Spain,senza glutine,2026-06-06,2026-06-06,2026-06-08,2,OTA,EUR,439.5,439.5,False,879.0,True,True,False,False
BK03074,aiko al-farsi,aiko.al-farsi339@icloud.com,Japan,halal,2026-06-06,2026-06-06,2026-06-09,3,OTA,EUR,392.1,392.1,False,1176.3,True,True,True,False
BK03075,carlos garcia,carlos.garcia81@gmail.com,Japan,senza glutine,2026-06-06,2026-06-06,2026-06-09,3,direct,EUR,428.54,428.54,False,1285.62,True,True,False,False
BK03076,arjun sharma,arjun.sharma924@yahoo.com,UK,internazionale,2026-06-06,2026-06-06,2026-06-08,2,OTA,EUR,437.15,437.15,False,874.3,True,True,False,False
BK03077,bruno giorgia,giorgia.bruno631@icloud.com,USA,vegana,2026-06-06,2026-06-06,2026-06-11,5,OTA,EUR,375.47,375.47,True,0.0,True,True,False,False
BK03078,jean weber,jean.weber354@gmail.com,USA,vegana,2026-06-06,2026-06-06,2026-06-09,3,direct,EUR,417.15,417.15,False,1251.45,True,True,False,False
BK03079,colombo giorgia,giorgia.colombo693@yahoo.com,France,halal,2025-08-05,2026-06-06,2026-06-08,2,OTA,EUR,420.0,420.0,False,840.0,True,True,False,False
BK03080,silva yuki,yuki.silva321@icloud.com,UAE,kosher,2026-06-07,2026-06-07,2026-06-09,2,OTA,EUR,456.32,456.32,False,912.64,True,True,False,False
BK03081,hans ricci,hans.ricci239@outlook.com,Japan,senza glutine,2026-06-07,2026-06-07,2026-06-08,1,direct,EUR,385.4,385.4,False,385.4,True,True,False,False
BK03082,novak patricia,patricia.novak921@icloud.com,Italy,internazionale,2026-06-07,2026-06-07,2026-06-08,1,OTA,EUR,474.5,474.5,False,474.5,True,True,False,True
BK03083,kowalski olga,olga.kowalski555@yahoo.com,Switzerland,vegana,2026-06-07,2026-06-07,2026-06-10,3,direct,EUR,403.95,403.95,False,1211.85,True,True,True,False
BK03084,tanaka valentina,valentina.tanaka154@yahoo.com,Spain,kosher,2026-06-08,2026-06-08,2026-06-10,2,direct,USD,439.52,404.36,False,808.72,True,True,False,True
BK03085,kaczmarek marie,marie.kaczmarek77@outlook.com,Switzerland,vegetariana,2026-06-08,2026-06-08,2026-06-09,1,OTA,EUR,371.62,371.62,False,371.62,True,True,False,False
BK03086,emma rossi,emma.rossi463@gmail.com,Germany,vegana,2026-06-08,2026-06-08,2026-06-10,2,direct,EUR,384.85,384.85,False,769.7,True,True,False,False
BK03087,arjun ivanov,arjun.ivanov576@gmail.com,Germany,halal,2026-06-08,2026-06-08,2026-06-11,3,OTA,EUR,425.88,425.88,False,1277.64,True,True,False,False
BK03088,ibrahim pierre,pierre.ibrahim506@outlook.com,Netherlands,senza glutine,2026-06-08,2026-06-08,2026-06-12,4,OTA,EUR,459.7,459.7,False,1838.8,True,True,False,False
BK03089,ivanov thomas,thomas.ivanov359@gmail.com,UK,vegetariana,2026-06-08,2026-06-08,2026-06-12,4,OTA,EUR,459.36,459.36,False,1837.44,True,True,False,False
BK03090,federica fernandez,federica.fernandez695@outlook.com,UAE,pesce,2025-01-25,2026-06-08,2026-06-12,4,direct,EUR,431.11,431.11,False,1724.44,True,True,False,False
BK03091,isabella klein,isabella.klein717@icloud.com,Netherlands,internazionale,2025-06-23,2026-06-08,2026-06-12,4,OTA,EUR,450.18,450.18,False,1800.72,True,True,False,True
BK03092,fatima martinez,fatima.martinez181@yahoo.com,Germany,pesce,2025-08-07,2026-06-08,2026-06-13,5,OTA,USD,419.25,385.71,False,1928.55,True,True,False,False
BK03093,astrid muller,astrid.muller678@gmail.com,France,italiana,2026-06-09,2026-06-09,2026-06-11,2,direct,EUR,320.63,320.63,False,641.26,True,True,False,False
BK03094,sharma thomas,thomas.sharma327@yahoo.com,USA,halal,2026-06-09,2026-06-09,2026-06-11,2,OTA,EUR,417.91,417.91,False,835.82,True,True,False,False
BK03095,kaczmarek william,william.kaczmarek471@icloud.com,Spain,halal,2026-06-09,2026-06-09,2026-06-13,4,OTA,EUR,410.38,410.38,True,0.0,True,True,False,False
BK03096,aiko kowalski,aiko.kowalski904@yahoo.com,Switzerland,halal,2026-06-09,2026-06-09,2026-06-10,1,OTA,EUR,453.82,453.82,False,453.82,True,True,False,False
BK03097,bianchi james,james.bianchi102@yahoo.com,Japan,vegana,2026-06-09,2026-06-09,2026-06-13,4,OTA,EUR,396.25,396.25,False,1585.0,True,True,False,False
BK03098,bernard laura,laura.bernard139@outlook.com,UK,kosher,2025-03-19,2026-06-10,2026-06-11,1,direct,EUR,397.69,397.69,False,397.69,True,True,False,True
BK03099,suzuki youssef,youssef.suzuki42@icloud.com,Spain,pesce,2025-03-12,2026-06-10,2026-06-12,2,direct,EUR,363.6,363.6,False,727.2,True,True,False,True
BK03100,alessandro esposito,alessandro.esposito171@yahoo.com,Switzerland,italiana,2026-06-10,2026-06-10,2026-06-16,6,OTA,EUR,371.18,371.18,False,2227.08,True,True,False,False
BK03101,omar smith,omar.smith65@yahoo.com,France,italiana,2026-06-10,2026-06-10,2026-06-14,4,direct,EUR,414.16,414.16,False,1656.64,True,True,False,False
BK03102,greco simone,simone.greco45@gmail.com,UAE,kosher,2026-06-10,2026-06-10,2026-06-16,6,direct,EUR,378.44,378.44,False,2270.64,True,True,False,False
BK03103,klein sara,sara.klein774@icloud.com,UAE,internazionale,2026-06-10,2026-06-10,2026-06-16,6,OTA,EUR,463.68,463.68,False,2782.08,True,True,False,False
BK03104,kim marie,marie.kim339@outlook.com,France,italiana,2026-06-10,2026-06-10,2026-06-15,5,OTA,EUR,447.38,447.38,False,2236.9,True,True,False,False
BK03105,ivanov paolo,paolo.ivanov268@outlook.com,UAE,kosher,2026-06-10,2026-06-10,2026-06-15,5,OTA,EUR,452.92,452.92,False,2264.6,True,True,False,False
BK03106,aiko garcia,aiko.garcia488@icloud.com,Netherlands,vegana,2026-06-10,2026-06-10,2026-06-14,4,OTA,EUR,437.98,437.98,False,1751.92,True,True,False,False
BK03107,greco thomas,thomas.greco834@icloud.com,UK,halal,2026-06-10,2026-06-10,2026-06-13,3,direct,EUR,410.21,410.21,False,1230.63,True,True,False,False
BK03108,andrea suzuki,andrea.suzuki721@gmail.com,USA,italiana,2026-06-11,2026-06-11,2026-06-14,3,OTA,EUR,424.91,424.91,False,1274.73,True,True,False,False
BK03109,ferrari youssef,youssef.ferrari722@icloud.com,UK,internazionale,2026-06-11,2026-06-11,2026-06-22,11,OTA,EUR,479.75,479.75,False,5277.25,True,True,False,False
BK03110,elena suzuki,elena.suzuki847@outlook.com,Italy,italiana,2026-06-11,2026-06-11,2026-06-17,6,OTA,EUR,386.3,386.3,False,2317.8,True,True,False,False
BK03111,dubois maria,maria.dubois679@gmail.com,Spain,vegetariana,2026-06-11,2026-06-11,2026-06-13,2,OTA,EUR,462.68,462.68,False,925.36,True,True,False,False
BK03112,meyer youssef,youssef.meyer560@gmail.com,Switzerland,halal,2026-06-11,2026-06-11,2026-06-13,2,direct,EUR,403.55,403.55,False,807.1,True,True,False,False
BK03113,garcia ingrid,ingrid.garcia375@gmail.com,Spain,kosher,2026-06-11,2026-06-11,2026-06-13,2,direct,EUR,444.64,444.64,False,889.28,True,True,False,False
BK03114,federica lopez,federica.lopez881@icloud.com,UAE,kosher,2026-06-11,2026-06-11,2026-06-14,3,direct,EUR,496.59,496.59,False,1489.77,True,True,False,False
BK03115,charlotte singh,charlotte.singh225@icloud.com,Switzerland,internazionale,2026-06-11,2026-06-11,2026-06-16,5,OTA,EUR,475.37,475.37,True,0.0,True,True,False,False
BK03116,klaus kobayashi,klaus.kobayashi381@yahoo.com,Japan,kosher,2026-06-11,2026-06-11,2026-06-15,4,OTA,EUR,462.58,462.58,False,1850.32,True,True,False,False
BK03117,chiara silva,chiara.silva375@yahoo.com,Netherlands,pesce,2024-12-01,2026-06-11,2026-06-13,2,direct,EUR,401.78,401.78,False,803.56,True,True,False,False
BK03118,diego petrov,diego.petrov767@gmail.com,Japan,senza glutine,2024-12-19,2026-06-11,2026-06-14,3,direct,EUR,361.55,361.55,False,1084.65,True,True,False,False
BK03119,kenji rossi,kenji.rossi463@gmail.com,Italy,kosher,2026-06-12,2026-06-12,2026-06-15,3,OTA,EUR,396.8,396.8,False,1190.4,True,True,False,False
BK03120,maria popov,maria.popov883@icloud.com,Germany,internazionale,2026-06-12,2026-06-12,2026-06-15,3,OTA,EUR,506.66,506.66,True,0.0,True,True,False,False
BK03121,layla romano,layla.romano76@outlook.com,UAE,vegana,2026-06-12,2026-06-12,2026-06-15,3,OTA,EUR,439.53,439.53,False,1318.59,True,True,False,False
BK03122,fischer maria,maria.fischer102@gmail.com,UK,vegana,2026-06-12,2026-06-12,2026-06-18,6,OTA,EUR,416.57,416.57,False,2499.42,True,True,False,False
BK03123,nakamura nikolai,nikolai.nakamura611@gmail.com,USA,pesce,2026-06-12,2026-06-12,2026-06-17,5,OTA,EUR,414.14,414.14,False,2070.7,True,True,False,False
BK03124,ekaterina nowak,ekaterina.nowak440@gmail.com,UK,kosher,2026-06-12,2026-06-12,2026-06-16,4,OTA,EUR,423.01,423.01,False,1692.04,True,True,False,False
BK03125,camille esposito,camille.esposito253@outlook.com,UAE,kosher,2026-06-12,2026-06-12,2026-06-15,3,direct,EUR,412.8,412.8,False,1238.4,True,True,False,False
BK03126,ibrahim silvia,silvia.ibrahim403@yahoo.com,Japan,pesce,2026-06-12,2026-06-12,2026-06-15,3,OTA,USD,450.13,414.12,False,1242.36,True,True,False,False
BK03127,elena fischer,elena.fischer926@icloud.com,UK,internazionale,2025-12-20,2026-06-13,2026-06-15,2,direct,USD,378.76,348.46,False,696.92,True,True,False,True
BK03128,martinez priya,priya.martinez942@gmail.com,Germany,kosher,2026-06-13,2026-06-13,2026-06-19,6,direct,EUR,406.02,406.02,False,2436.12,True,True,False,False
BK03129,diego nakamura,diego.nakamura146@gmail.com,Netherlands,pesce,2026-06-13,2026-06-13,2026-06-15,2,direct,EUR,406.24,406.24,False,812.48,True,True,False,False
BK03130,giorgia kobayashi,giorgia.kobayashi702@yahoo.com,Japan,kosher,2026-06-13,2026-06-13,2026-06-17,4,direct,EUR,405.03,405.03,True,0.0,True,True,False,False
BK03131,elena park,elena.park85@gmail.com,UK,internazionale,2026-06-13,2026-06-13,2026-06-15,2,direct,EUR,410.9,410.9,True,0.0,True,True,False,False
BK03132,james rossi,james.rossi519@icloud.com,USA,halal,2026-06-13,2026-06-13,2026-06-14,1,direct,EUR,464.99,464.99,False,464.99,True,True,False,False
BK03133,giorgia marino,giorgia.marino811@icloud.com,Netherlands,senza glutine,2025-09-10,2026-06-14,2026-06-17,3,direct,USD,427.88,393.65,False,1180.95,True,True,False,False
BK03134,elena watanabe,elena.watanabe656@gmail.com,Germany,halal,2026-06-14,2026-06-14,2026-06-16,2,direct,EUR,381.7,381.7,False,763.4,True,True,False,False
BK03135,esposito klaus,klaus.esposito10@gmail.com,Netherlands,kosher,2025-03-19,2026-06-14,2026-06-17,3,direct,EUR,389.57,389.57,False,1168.71,True,True,False,False
BK03136,ibrahim marco,marco.ibrahim435@icloud.com,UK,vegana,2026-06-14,2026-06-14,2026-06-19,5,OTA,USD,389.78,358.6,True,0.0,True,True,False,False
BK03137,arjun fernandez,arjun.fernandez307@gmail.com,UAE,senza glutine,2026-06-14,2026-06-14,2026-06-18,4,direct,EUR,433.14,433.14,False,1732.56,True,True,False,False
BK03138,olga patel,olga.patel742@icloud.com,USA,halal,2026-06-14,2026-06-14,2026-06-16,2,OTA,EUR,417.75,417.75,False,835.5,True,True,False,False
BK03139,andrea yamamoto,andrea.yamamoto81@yahoo.com,Italy,halal,2026-06-14,2026-06-14,2026-06-18,4,OTA,EUR,471.64,471.64,False,1886.56,True,True,False,False
BK03140,erik sokolov,erik.sokolov854@outlook.com,Spain,kosher,2026-06-15,2026-06-15,2026-06-18,3,OTA,EUR,434.83,434.83,True,0.0,True,True,False,False
BK03141,david ricci,david.ricci564@gmail.com,Japan,italiana,2026-06-15,2026-06-15,2026-06-23,8,direct,EUR,439.06,439.06,False,3512.48,True,True,False,False
BK03142,marco romano,marco.romano41@gmail.com,Spain,kosher,2026-06-15,2026-06-15,2026-06-21,6,direct,EUR,437.37,437.37,False,2624.22,True,True,False,False
BK03143,jean novak,jean.novak676@outlook.com,Switzerland,internazionale,2026-06-15,2026-06-15,2026-06-16,1,OTA,EUR,451.84,451.84,False,451.84,True,True,False,False
BK03144,dmitri novak,dmitri.novak195@gmail.com,USA,vegana,2026-06-15,2026-06-15,2026-06-19,4,direct,EUR,410.92,410.92,False,1643.68,True,True,False,False
BK03145,david moreau,david.moreau584@gmail.com,Spain,vegana,2026-06-15,2026-06-15,2026-06-17,2,direct,EUR,510.79,510.79,False,1021.58,True,True,False,False
BK03146,david popov,david.popov734@icloud.com,Netherlands,senza glutine,2026-06-15,2026-06-15,2026-06-19,4,OTA,USD,483.97,445.25,False,1781.0,True,True,False,False
BK03147,emma kaczmarek,emma.kaczmarek396@gmail.com,Switzerland,italiana,2026-06-15,2026-06-15,2026-06-17,2,OTA,EUR,418.28,418.28,False,836.56,True,True,False,False
BK03148,fatima nilsson,fatima.nilsson138@icloud.com,USA,italiana,2026-03-31,2026-06-15,2026-06-20,5,direct,EUR,427.52,427.52,False,2137.6,True,True,False,False
BK03149,ingrid johnson,ingrid.johnson773@outlook.com,Germany,senza glutine,2026-01-18,2026-06-15,2026-06-19,4,direct,EUR,430.22,430.22,True,0.0,True,True,False,False
BK03150,carlos lopez,carlos.lopez620@yahoo.com,Japan,internazionale,2026-06-16,2026-06-16,2026-06-22,6,OTA,EUR,461.32,461.32,False,2767.92,True,True,False,True
BK03151,girard nikolai,nikolai.girard735@yahoo.com,Japan,vegana,2026-06-16,2026-06-16,2026-06-18,2,direct,EUR,359.41,359.41,True,0.0,True,True,False,False
BK03152,elena schmidt,elena.schmidt745@outlook.com,Netherlands,kosher,2026-06-16,2026-06-16,2026-06-19,3,OTA,EUR,412.89,412.89,False,1238.67,True,True,False,False
BK03153,al-farsi william,william.al-farsi507@icloud.com,Germany,senza glutine,2026-06-16,2026-06-16,2026-06-18,2,OTA,EUR,386.07,386.07,False,772.14,True,True,False,False
BK03154,carlos yamamoto,carlos.yamamoto342@yahoo.com,Switzerland,vegana,2026-06-16,2026-06-16,2026-06-18,2,direct,EUR,372.25,372.25,False,744.5,True,True,False,False
BK03155,ibrahim layla,layla.ibrahim896@gmail.com,Netherlands,italiana,2026-06-16,2026-06-16,2026-06-20,4,direct,EUR,426.64,426.64,False,1706.56,True,True,False,False
BK03156,erik lefevre,erik.lefevre80@gmail.com,UK,senza glutine,2025-04-10,2026-06-16,2026-06-19,3,OTA,EUR,491.04,491.04,False,1473.12,True,True,False,True
BK03157,ahmed colombo,ahmed.colombo347@outlook.com,UK,halal,2026-06-16,2026-06-16,2026-06-23,7,OTA,EUR,440.42,440.42,False,3082.94,True,True,False,False
BK03158,lefevre silvia,silvia.lefevre966@yahoo.com,Italy,pesce,2025-06-26,2026-06-16,2026-06-20,4,direct,EUR,421.17,421.17,False,1684.68,True,True,False,False
BK03159,lucia ricci,lucia.ricci628@icloud.com,Spain,halal,2026-06-17,2026-06-17,2026-06-21,4,OTA,USD,404.33,371.98,False,1487.92,True,True,False,False
BK03160,layla suzuki,layla.suzuki171@gmail.com,Spain,kosher,2026-06-17,2026-06-17,2026-06-20,3,OTA,USD,446.53,410.81,False,1232.43,True,True,False,False
BK03161,sara weber,sara.weber755@gmail.com,Japan,internazionale,2026-06-17,2026-06-17,2026-06-21,4,direct,EUR,410.75,410.75,False,1643.0,True,True,False,False
BK03162,bruno diego,diego.bruno846@icloud.com,Germany,italiana,2026-06-17,2026-06-17,2026-06-21,4,OTA,EUR,423.12,423.12,False,1692.48,True,True,False,False
BK03163,dubois hans,hans.dubois213@outlook.com,Germany,vegetariana,2026-06-17,2026-06-17,2026-06-24,7,direct,EUR,407.98,407.98,False,2855.86,True,True,False,False
BK03164,ferrari paolo,paolo.ferrari131@icloud.com,Japan,italiana,2026-06-18,2026-06-18,2026-06-23,5,direct,EUR,398.89,398.89,False,1994.45,True,True,False,False
BK03165,francesco patel,francesco.patel962@yahoo.com,Japan,italiana,2026-06-18,2026-06-18,2026-06-22,4,direct,EUR,452.77,452.77,False,1811.08,True,True,False,False
BK03166,camille watanabe,camille.watanabe596@outlook.com,UAE,pesce,2026-06-18,2026-06-18,2026-06-24,6,direct,EUR,399.13,399.13,False,2394.78,True,True,False,False
BK03167,girard pierre,pierre.girard734@gmail.com,Netherlands,internazionale,2026-06-18,2026-06-18,2026-06-23,5,direct,EUR,342.96,342.96,False,1714.8,True,True,False,False
BK03168,laura nilsson,laura.nilsson683@gmail.com,France,vegana,2026-06-18,2026-06-18,2026-06-21,3,direct,USD,351.67,323.54,False,970.62,True,True,False,False
BK03169,omar singh,omar.singh917@icloud.com,Switzerland,italiana,2026-06-19,2026-06-19,2026-06-22,3,OTA,EUR,440.81,440.81,False,1322.43,True,True,False,False
BK03170,giulia kowalski,giulia.kowalski769@gmail.com,Germany,halal,2026-06-19,2026-06-19,2026-06-23,4,direct,EUR,366.17,366.17,False,1464.68,True,True,False,False
BK03171,henri marino,henri.marino477@gmail.com,Switzerland,kosher,2026-06-19,2026-06-19,2026-06-23,4,OTA,EUR,512.95,512.95,False,2051.8,True,True,False,False
BK03172,conti fatima,fatima.conti936@outlook.com,Switzerland,vegana,2026-06-19,2026-06-19,2026-06-24,5,OTA,EUR,362.7,362.7,False,1813.5,True,True,False,False
BK03173,klaus leroy,klaus.leroy835@yahoo.com,Switzerland,pesce,2024-11-25,2026-06-19,2026-06-21,2,direct,EUR,464.13,464.13,False,928.26,True,True,False,True
BK03174,dubois robert,robert.dubois735@yahoo.com,Germany,vegetariana,2026-06-19,2026-06-19,2026-06-21,2,direct,EUR,376.67,376.67,False,753.34,True,True,False,True
BK03175,paolo romano,paolo.romano404@outlook.com,UK,halal,2026-06-19,2026-06-19,2026-06-22,3,OTA,EUR,477.26,477.26,False,1431.78,True,True,False,False
BK03176,emma nowak,emma.nowak282@outlook.com,Italy,halal,2026-06-19,2026-06-19,2026-06-23,4,direct,USD,420.08,386.47,False,1545.88,True,True,False,False
BK03177,charlotte garcia,charlotte.garcia366@gmail.com,UAE,internazionale,2026-06-19,2026-06-19,2026-06-23,4,OTA,EUR,523.29,523.29,False,2093.16,True,True,False,False
BK03178,costa marie,marie.costa133@outlook.com,UK,senza glutine,2026-06-19,2026-06-19,2026-06-21,2,direct,EUR,440.43,440.43,False,880.86,True,True,False,False
BK03179,camille sokolov,camille.sokolov861@outlook.com,USA,senza glutine,2026-06-20,2026-06-20,2026-06-25,5,direct,USD,462.03,425.07,False,2125.35,True,True,False,False
BK03180,isabella kim,isabella.kim475@yahoo.com,Germany,vegetariana,2026-06-20,2026-06-20,2026-06-25,5,direct,EUR,400.26,400.26,False,2001.3,True,True,False,False
BK03181,paolo watanabe,paolo.watanabe316@icloud.com,France,kosher,2026-06-20,2026-06-20,2026-06-22,2,OTA,USD,431.56,397.04,False,794.08,True,True,False,False
BK03182,colombo william,william.colombo837@gmail.com,Germany,halal,2026-06-20,2026-06-20,2026-06-24,4,direct,EUR,425.75,425.75,False,1703.0,True,True,False,False
BK03183,fatima meyer,fatima.meyer806@yahoo.com,USA,vegana,2026-06-20,2026-06-20,2026-06-22,2,OTA,EUR,445.24,445.24,False,890.48,True,True,False,False
BK03184,anna fischer,anna.fischer492@gmail.com,France,vegetariana,2025-09-20,2026-06-20,2026-06-25,5,direct,EUR,448.76,448.76,True,0.0,True,True,False,True
BK03185,emma marino,emma.marino82@icloud.com,UK,senza glutine,2026-06-20,2026-06-20,2026-06-23,3,direct,USD,409.78,377.0,False,1131.0,True,True,True,False
BK03186,sara smith,sara.smith185@outlook.com,France,pesce,2025-08-31,2026-06-20,2026-06-21,1,OTA,EUR,458.67,458.67,False,458.67,True,True,False,True
BK03187,kowalski sophie,sophie.kowalski693@yahoo.com,Netherlands,internazionale,2025-09-13,2026-06-21,2026-06-24,3,direct,EUR,488.93,488.93,False,1466.79,True,True,False,False
BK03188,al-rashid silvia,silvia.al-rashid100@outlook.com,Netherlands,italiana,2026-06-21,2026-06-21,2026-06-23,2,direct,USD,380.3,349.88,False,699.76,True,True,False,False
BK03189,johnson william,william.johnson792@gmail.com,Switzerland,internazionale,2026-06-21,2026-06-21,2026-06-24,3,direct,EUR,416.61,416.61,False,1249.83,True,True,False,False
BK03190,camille meyer,camille.meyer746@icloud.com,Italy,vegetariana,2026-06-21,2026-06-21,2026-06-23,2,OTA,EUR,400.81,400.81,False,801.62,True,True,False,False
BK03191,federica garcia,federica.garcia25@icloud.com,USA,internazionale,2025-12-25,2026-06-21,2026-06-25,4,direct,EUR,451.1,451.1,False,1804.4,True,True,False,False
BK03192,hans muller,hans.muller559@outlook.com,Germany,pesce,2026-06-21,2026-06-21,2026-06-24,3,OTA,EUR,419.33,419.33,False,1257.99,True,True,False,False
BK03193,fatima kowalski,fatima.kowalski853@icloud.com,UAE,vegetariana,2025-06-29,2026-06-22,2026-06-25,3,OTA,EUR,420.78,420.78,True,0.0,True,True,False,False
BK03194,colombo marco,marco.colombo511@icloud.com,Switzerland,senza glutine,2026-06-22,2026-06-22,2026-06-24,2,OTA,EUR,457.61,457.61,False,915.22,True,True,False,False
BK03195,fatima girard,fatima.girard427@icloud.com,Japan,vegetariana,2026-05-09,2026-06-22,2026-06-23,1,direct,EUR,369.3,369.3,False,369.3,True,True,False,True
BK03196,amelia johnson,amelia.johnson268@icloud.com,Switzerland,internazionale,2025-07-17,2026-06-23,2026-06-25,2,direct,EUR,382.93,382.93,False,765.86,True,True,False,False
BK03197,bernard lucia,lucia.bernard135@outlook.com,Spain,senza glutine,2026-06-23,2026-06-23,2026-06-24,1,OTA,EUR,404.53,404.53,False,404.53,True,True,False,False
BK03198,emma fischer,emma.fischer493@icloud.com,Italy,internazionale,2026-06-23,2026-06-23,2026-06-26,3,direct,EUR,329.89,329.89,False,989.67,True,True,False,True
BK03199,astrid nakamura,astrid.nakamura641@icloud.com,Spain,senza glutine,2026-06-23,2026-06-23,2026-06-28,5,OTA,EUR,425.93,425.93,False,2129.65,True,True,False,False
BK03200,marino olga,olga.marino47@yahoo.com,UAE,vegana,2026-06-23,2026-06-23,2026-06-25,2,OTA,EUR,403.42,403.42,False,806.84,True,True,False,False
BK03201,ahmed muller,ahmed.muller493@yahoo.com,Netherlands,pesce,2026-06-23,2026-06-23,2026-06-25,2,direct,EUR,358.29,358.29,False,716.58,True,True,False,False
BK03202,pierre silva,pierre.silva380@outlook.com,Switzerland,pesce,2026-06-23,2026-06-23,2026-06-25,2,OTA,EUR,435.2,435.2,False,870.4,True,True,False,False
BK03203,klein olivia,olivia.klein286@gmail.com,France,pesce,2026-06-23,2026-06-23,2026-06-26,3,direct,EUR,405.71,405.71,False,1217.13,True,True,False,False
BK03204,andrea watanabe,andrea.watanabe700@yahoo.com,USA,italiana,2026-06-23,2026-06-23,2026-06-28,5,direct,USD,391.28,359.98,False,1799.9,True,True,False,False
BK03205,emma meyer,emma.meyer365@outlook.com,Switzerland,italiana,2025-09-03,2026-06-23,2026-06-25,2,OTA,EUR,370.79,370.79,False,741.58,True,True,False,False
BK03206,ekaterina johnson,ekaterina.johnson15@outlook.com,Spain,senza glutine,2025-07-22,2026-06-24,2026-06-26,2,OTA,EUR,351.27,351.27,True,0.0,True,True,False,False
BK03207,ananya tanaka,ananya.tanaka8@yahoo.com,Italy,vegana,2026-01-21,2026-06-24,2026-06-27,3,OTA,USD,448.52,412.64,False,1237.92,True,True,False,False
BK03208,anna schmidt,anna.schmidt730@yahoo.com,Spain,vegana,2026-06-24,2026-06-24,2026-06-27,3,OTA,EUR,399.99,399.99,False,1199.97,True,True,False,False
BK03209,fischer marie,marie.fischer168@outlook.com,France,vegana,2026-06-24,2026-06-24,2026-06-28,4,direct,EUR,436.09,436.09,False,1744.36,True,True,False,False
BK03210,camille wagner,camille.wagner557@gmail.com,Switzerland,internazionale,2025-08-23,2026-06-24,2026-06-29,5,OTA,EUR,441.31,441.31,False,2206.55,True,True,False,True
BK03211,olga rossi,olga.rossi744@icloud.com,Japan,internazionale,2025-10-17,2026-06-24,2026-06-28,4,OTA,EUR,391.83,391.83,False,1567.32,True,True,False,True
BK03212,alessandro petrov,alessandro.petrov408@yahoo.com,UK,vegetariana,2026-06-24,2026-06-24,2026-06-27,3,OTA,EUR,432.12,432.12,False,1296.36,True,True,False,False
BK03213,alessandro muller,alessandro.muller491@yahoo.com,USA,pesce,2024-12-28,2026-06-24,2026-06-29,5,OTA,EUR,464.77,464.77,False,2323.85,True,True,False,False
BK03214,amelia weber,amelia.weber46@yahoo.com,Italy,halal,2025-03-30,2026-06-24,2026-06-26,2,direct,EUR,455.46,455.46,False,910.92,True,True,False,True
BK03215,maria rossi,maria.rossi974@yahoo.com,Japan,vegetariana,2026-06-24,2026-06-24,2026-06-28,4,OTA,USD,489.2,450.06,False,1800.24,True,True,False,False
BK03216,chen fatima,fatima.chen637@yahoo.com,Switzerland,vegetariana,2026-05-23,2026-06-24,2026-06-26,2,OTA,EUR,448.33,448.33,False,896.66,True,True,False,False
BK03217,francesco kim,francesco.kim451@outlook.com,Germany,halal,2026-06-24,2026-06-24,2026-06-27,3,direct,EUR,426.16,426.16,False,1278.48,True,True,False,False
BK03218,astrid ferrari,astrid.ferrari94@outlook.com,Netherlands,vegetariana,2026-06-24,2026-06-24,2026-06-27,3,direct,EUR,453.8,453.8,False,1361.4,True,True,True,False
BK03219,henri yamamoto,henri.yamamoto489@outlook.com,Japan,vegana,2026-06-24,2026-06-24,2026-06-26,2,direct,EUR,394.36,394.36,True,0.0,True,True,False,False
BK03220,alessandro johnson,alessandro.johnson689@outlook.com,Netherlands,pesce,2026-06-25,2026-06-25,2026-06-29,4,direct,EUR,438.21,438.21,False,1752.84,True,True,False,False
BK03221,fatima patel,fatima.patel743@yahoo.com,UAE,pesce,2025-07-02,2026-06-25,2026-06-28,3,direct,USD,415.22,382.0,False,1146.0,True,True,False,False
BK03222,novak patricia,patricia.novak921@icloud.com,Italy,internazionale,2026-06-07,2026-06-25,2026-06-26,1,OTA,EUR,459.6,459.6,False,459.6,True,True,False,True
BK03223,olga tanaka,olga.tanaka65@outlook.com,Spain,vegana,2026-06-25,2026-06-25,2026-06-29,4,OTA,EUR,394.64,394.64,False,1578.56,True,True,False,False
BK03224,ferreira jean,jean.ferreira614@yahoo.com,Germany,senza glutine,2026-06-25,2026-06-25,2026-06-28,3,direct,USD,426.88,392.73,True,0.0,True,True,False,False
BK03225,elena yamamoto,elena.yamamoto620@yahoo.com,Netherlands,senza glutine,2026-06-25,2026-06-25,2026-06-30,5,OTA,EUR,503.46,503.46,False,2517.3,True,True,False,False
BK03226,johnson matteo,matteo.johnson6@outlook.com,Germany,vegana,2026-06-25,2026-06-25,2026-06-29,4,OTA,EUR,385.45,385.45,False,1541.8,True,True,False,False
BK03227,jean lefevre,jean.lefevre241@yahoo.com,USA,senza glutine,2025-07-30,2026-06-25,2026-06-28,3,OTA,EUR,496.21,496.21,False,1488.63,True,True,False,False
BK03228,david lefevre,david.lefevre517@icloud.com,USA,internazionale,2026-06-25,2026-06-25,2026-06-30,5,direct,EUR,421.02,421.02,False,2105.1,True,True,False,False
BK03229,andersen lucia,lucia.andersen568@yahoo.com,Japan,senza glutine,2026-06-26,2026-06-26,2026-07-02,6,direct,EUR,457.33,457.33,False,2743.98,True,True,False,False
BK03230,federica novak,federica.novak605@icloud.com,Switzerland,internazionale,2026-06-26,2026-06-26,2026-06-30,4,direct,EUR,411.94,411.94,False,1647.76,True,True,False,False
BK03231,garcia pierre,pierre.garcia888@yahoo.com,UAE,kosher,2026-06-26,2026-06-26,2026-06-30,4,direct,EUR,405.98,405.98,False,1623.92,True,True,False,False
BK03232,dmitri ivanov,dmitri.ivanov512@icloud.com,UK,senza glutine,2026-06-26,2026-06-26,2026-07-01,5,OTA,EUR,408.42,408.42,False,2042.1,True,True,False,False
BK03233,david hassan,david.hassan569@yahoo.com,Netherlands,halal,2026-06-26,2026-06-26,2026-06-29,3,direct,EUR,395.49,395.49,False,1186.47,True,True,False,False
BK03234,jean muller,jean.muller898@icloud.com,Netherlands,pesce,2026-01-25,2026-06-26,2026-06-29,3,OTA,EUR,508.4,508.4,False,1525.2,True,True,False,True
BK03235,ibrahim youssef,youssef.ibrahim171@outlook.com,France,pesce,2026-06-26,2026-06-26,2026-06-28,2,OTA,EUR,374.59,374.59,False,749.18,True,True,False,False
BK03236,emma kobayashi,emma.kobayashi351@gmail.com,USA,vegetariana,2026-06-26,2026-06-26,2026-06-30,4,OTA,USD,444.38,408.83,False,1635.32,True,True,False,False
BK03237,olivia romano,olivia.romano33@gmail.com,Japan,halal,2026-06-26,2026-06-26,2026-06-28,2,direct,EUR,428.29,428.29,False,856.58,True,True,False,False
BK03238,bruno yuki,yuki.bruno724@gmail.com,Netherlands,senza glutine,2026-06-26,2026-06-26,2026-06-28,2,OTA,USD,354.98,326.58,False,653.16,True,True,False,False
BK03239,hans meyer,hans.meyer476@outlook.com,Spain,kosher,2025-09-19,2026-06-27,2026-07-01,4,OTA,EUR,467.21,467.21,False,1868.84,True,True,False,False
BK03240,andrea costa,andrea.costa51@yahoo.com,Switzerland,halal,2026-06-27,2026-06-27,2026-07-02,5,OTA,EUR,455.82,455.82,False,2279.1,True,True,False,False
BK03241,simone singh,simone.singh607@icloud.com,Italy,internazionale,2026-06-27,2026-06-27,2026-06-29,2,OTA,EUR,351.89,351.89,False,703.78,True,True,False,False
BK03242,costa william,william.costa842@yahoo.com,USA,pesce,2026-06-27,2026-06-27,2026-06-29,2,OTA,EUR,380.16,380.16,False,760.32,True,True,False,False
BK03243,kowalski robert,robert.kowalski507@icloud.com,Spain,senza glutine,2026-06-27,2026-06-27,2026-06-28,1,OTA,USD,407.74,375.12,False,375.12,True,True,False,False
BK03244,anna marino,anna.marino212@icloud.com,UK,vegana,2026-06-27,2026-06-27,2026-07-01,4,OTA,EUR,451.64,451.64,False,1806.56,True,True,False,False
BK03245,erik kobayashi,erik.kobayashi106@icloud.com,Germany,kosher,2025-09-08,2026-06-27,2026-07-01,4,direct,EUR,395.74,395.74,False,1582.96,True,True,False,True
BK03246,bruno henri,henri.bruno788@icloud.com,UAE,halal,2025-01-05,2026-06-27,2026-06-29,2,direct,USD,388.3,357.24,False,714.48,True,True,False,True
BK03247,arjun girard,arjun.girard687@icloud.com,Netherlands,vegana,2026-06-28,2026-06-28,2026-07-02,4,OTA,EUR,434.43,434.43,False,1737.72,True,True,False,False
BK03248,al-rashid marco,marco.al-rashid926@yahoo.com,USA,senza glutine,2026-06-28,2026-06-28,2026-07-01,3,direct,EUR,372.48,372.48,False,1117.44,True,True,False,False
BK03249,anna hassan,anna.hassan439@outlook.com,France,internazionale,2026-06-28,2026-06-28,2026-07-01,3,OTA,EUR,462.49,462.49,False,1387.47,True,True,False,False
BK03250,andersen astrid,astrid.andersen752@yahoo.com,Netherlands,halal,2024-12-25,2026-06-28,2026-07-01,3,OTA,EUR,492.6,492.6,True,0.0,True,True,False,False
BK03251,ananya wagner,ananya.wagner451@yahoo.com,Spain,kosher,2025-01-21,2026-06-28,2026-07-01,3,OTA,EUR,506.86,506.86,False,1520.58,True,True,False,True
BK03252,klein maria,maria.klein642@gmail.com,Netherlands,kosher,2026-06-29,2026-06-29,2026-06-30,1,direct,USD,410.31,377.49,True,0.0,True,True,False,False
BK03253,dmitri watanabe,dmitri.watanabe84@icloud.com,Netherlands,vegana,2025-08-05,2026-06-29,2026-07-01,2,OTA,EUR,420.37,420.37,False,840.74,True,True,False,True
BK03254,klein matteo,matteo.klein378@yahoo.com,USA,pesce,2025-07-07,2026-06-29,2026-07-01,2,direct,USD,377.52,347.32,False,694.64,True,True,False,False
BK03255,greco layla,layla.greco264@gmail.com,Italy,vegana,2026-06-29,2026-06-29,2026-07-03,4,OTA,EUR,354.87,354.87,False,1419.48,True,True,False,False
BK03256,al-farsi diego,diego.al-farsi618@gmail.com,Spain,kosher,2025-09-27,2026-06-29,2026-07-01,2,direct,EUR,402.85,402.85,False,805.7,True,True,False,False
BK03257,arjun bruno,arjun.bruno943@yahoo.com,Netherlands,internazionale,2025-09-01,2026-06-30,2026-07-07,7,OTA,EUR,399.08,399.08,False,2793.56,True,True,False,True
BK03258,al-farsi luca,luca.al-farsi242@outlook.com,Germany,internazionale,2026-06-30,2026-06-30,2026-07-08,8,OTA,EUR,404.6,404.6,False,3236.8,True,True,False,False
BK03259,diego kumar,diego.kumar506@gmail.com,France,italiana,2026-06-30,2026-06-30,2026-07-02,2,OTA,EUR,482.27,482.27,False,964.54,True,True,False,False
BK03260,hassan maria,maria.hassan293@icloud.com,Japan,halal,2026-06-30,2026-06-30,2026-07-02,2,OTA,EUR,399.02,399.02,False,798.04,True,True,False,False
BK03261,dubois omar,omar.dubois694@gmail.com,USA,vegetariana,2026-06-30,2026-06-30,2026-07-06,6,OTA,USD,475.77,437.71,False,2626.26,True,True,False,False
BK03262,ananya kumar,ananya.kumar669@icloud.com,Italy,pesce,2026-01-18,2026-06-30,2026-07-10,10,OTA,EUR,362.84,362.84,False,3628.4,True,True,False,True
BK03263,ingrid weber,ingrid.weber747@yahoo.com,France,pesce,2025-08-22,2026-06-30,2026-07-03,3,direct,EUR,455.45,455.45,False,1366.35,True,True,False,False
BK03264,popov priya,priya.popov437@yahoo.com,UAE,pesce,2026-06-30,2026-06-30,2026-07-02,2,direct,EUR,403.45,403.45,False,806.9,True,True,False,False
BK03265,henri lopez,henri.lopez166@yahoo.com,Netherlands,vegetariana,2026-06-30,2026-06-30,2026-07-02,2,OTA,EUR,435.67,435.67,False,871.34,True,True,False,False
BK03266,girard sara,sara.girard225@gmail.com,France,internazionale,2025-09-25,2026-06-30,2026-07-01,1,OTA,EUR,465.8,465.8,False,465.8,True,True,False,False
BK03267,henri kumar,henri.kumar220@gmail.com,USA,vegetariana,2024-12-30,2026-06-30,2026-07-03,3,OTA,EUR,461.16,461.16,False,1383.48,True,True,False,False
BK03268,charlotte weber,charlotte.weber536@outlook.com,UAE,italiana,2026-06-30,2026-06-30,2026-07-03,3,OTA,EUR,468.35,468.35,False,1405.05,True,True,False,False
BK03269,leroy robert,robert.leroy610@yahoo.com,Netherlands,internazionale,2026-06-30,2026-06-30,2026-07-05,5,OTA,USD,496.78,457.04,True,0.0,True,True,False,False
BK03270,moreau yuki,yuki.moreau793@outlook.com,Japan,vegetariana,2026-06-30,2026-06-30,2026-07-03,3,direct,EUR,400.07,400.07,False,1200.21,True,True,False,False
BK03271,al-rashid william,william.al-rashid296@yahoo.com,UAE,italiana,2024-12-04,2026-06-30,2026-07-04,4,direct,USD,450.79,414.73,False,1658.92,True,True,False,False
BK03272,aiko bianchi,aiko.bianchi602@icloud.com,France,senza glutine,2026-07-01,2026-07-01,2026-07-04,3,direct,EUR,425.75,425.75,False,1277.25,True,True,False,False
BK03273,patricia sharma,patricia.sharma437@outlook.com,Japan,italiana,2025-10-21,2026-07-01,2026-07-05,4,direct,EUR,360.34,360.34,False,1441.36,True,True,False,True
BK03274,erik wagner,erik.wagner608@gmail.com,Japan,halal,2026-07-01,2026-07-01,2026-07-03,2,direct,EUR,400.01,400.01,False,800.02,True,True,False,False
BK03275,kumar lucia,lucia.kumar464@outlook.com,USA,vegetariana,2026-05-06,2026-07-01,2026-07-06,5,OTA,USD,410.49,377.65,False,1888.25,True,True,False,True
BK03276,fatima ferrari,fatima.ferrari694@gmail.com,France,senza glutine,2026-07-02,2026-07-02,2026-07-04,2,direct,EUR,416.51,416.51,False,833.02,True,True,False,False
BK03277,esposito lucia,lucia.esposito888@outlook.com,Japan,halal,2025-03-23,2026-07-02,2026-07-06,4,OTA,EUR,478.56,478.56,False,1914.24,True,True,False,False
BK03278,kumar omar,omar.kumar734@gmail.com,UK,internazionale,2026-07-02,2026-07-02,2026-07-09,7,OTA,EUR,400.63,400.63,False,2804.41,True,True,False,False
BK03279,bernard nikolai,nikolai.bernard446@yahoo.com,Italy,pesce,2026-07-02,2026-07-02,2026-07-09,7,OTA,EUR,423.31,423.31,False,2963.17,True,True,False,False
BK03280,anna bianchi,anna.bianchi605@gmail.com,Netherlands,pesce,2026-07-02,2026-07-02,2026-07-06,4,direct,EUR,405.04,405.04,False,1620.16,True,True,False,False
BK03281,alessandro conti,alessandro.conti368@outlook.com,Switzerland,pesce,2026-07-02,2026-07-02,2026-07-05,3,direct,EUR,437.73,437.73,False,1313.19,True,True,False,False
BK03282,nakamura olivia,olivia.nakamura74@yahoo.com,UAE,italiana,2026-07-02,2026-07-02,2026-07-05,3,OTA,EUR,401.56,401.56,False,1204.68,True,True,False,False
BK03283,girard olga,olga.girard192@gmail.com,UAE,senza glutine,2026-07-02,2026-07-02,2026-07-08,6,direct,EUR,360.55,360.55,False,2163.3,True,True,False,False
BK03284,camille lefevre,camille.lefevre900@yahoo.com,UK,pesce,2026-07-02,2026-07-02,2026-07-06,4,direct,EUR,397.46,397.46,False,1589.84,True,True,False,False
BK03285,fatima hassan,fatima.hassan66@outlook.com,Japan,kosher,2026-07-02,2026-07-02,2026-07-04,2,OTA,EUR,458.14,458.14,False,916.28,True,True,False,False
BK03286,diego nilsson,diego.nilsson890@icloud.com,UAE,internazionale,2024-12-11,2026-07-02,2026-07-07,5,OTA,EUR,517.78,517.78,False,2588.9,True,True,False,True
BK03287,amelia bianchi,amelia.bianchi452@icloud.com,USA,italiana,2026-07-02,2026-07-02,2026-07-06,4,direct,EUR,462.75,462.75,False,1851.0,True,True,False,False
BK03288,ahmed lopez,ahmed.lopez111@gmail.com,Netherlands,vegana,2026-07-02,2026-07-02,2026-07-07,5,direct,EUR,410.93,410.93,False,2054.65,True,True,False,False
BK03289,conti federica,federica.conti570@gmail.com,France,vegetariana,2025-08-27,2026-07-03,2026-07-06,3,direct,EUR,445.3,445.3,False,1335.9,True,True,False,True
BK03290,chiara kumar,chiara.kumar588@outlook.com,Germany,internazionale,2026-07-03,2026-07-03,2026-07-07,4,direct,EUR,353.6,353.6,False,1414.4,True,True,False,False
BK03291,erik kowalski,erik.kowalski968@icloud.com,Japan,italiana,2026-07-03,2026-07-03,2026-07-08,5,direct,USD,464.56,427.4,False,2137.0,True,True,False,False
BK03292,ananya ferreira,ananya.ferreira413@gmail.com,Spain,internazionale,2025-04-16,2026-07-03,2026-07-07,4,direct,EUR,389.57,389.57,False,1558.28,True,True,False,True
BK03293,leroy omar,omar.leroy787@icloud.com,Netherlands,internazionale,2026-07-03,2026-07-03,2026-07-07,4,direct,EUR,352.83,352.83,False,1411.32,True,True,False,False
BK03294,andersen valentina,valentina.andersen186@yahoo.com,UAE,internazionale,2025-09-10,2026-07-03,2026-07-05,2,direct,USD,476.71,438.57,False,877.14,True,True,False,False
BK03295,bruno james,james.bruno60@gmail.com,USA,pesce,2026-07-03,2026-07-03,2026-07-06,3,direct,EUR,392.81,392.81,False,1178.43,True,True,False,False
BK03296,fernandez francesco,francesco.fernandez234@yahoo.com,Japan,halal,2026-07-03,2026-07-03,2026-07-04,1,direct,EUR,400.15,400.15,False,400.15,True,True,False,False
BK03297,john leroy,john.leroy51@gmail.com,UK,internazionale,2026-07-03,2026-07-03,2026-07-07,4,OTA,USD,412.11,379.14,False,1516.56,True,True,False,False
BK03298,luca moreau,luca.moreau975@gmail.com,Germany,vegana,2026-07-04,2026-07-04,2026-07-07,3,direct,USD,414.06,380.94,False,1142.82,True,True,True,False
BK03299,ekaterina sharma,ekaterina.sharma403@yahoo.com,Italy,halal,2026-07-04,2026-07-04,2026-07-08,4,OTA,USD,483.66,444.97,False,1779.88,True,True,False,False
BK03300,kowalski pierre,pierre.kowalski13@icloud.com,Netherlands,senza glutine,2026-07-04,2026-07-04,2026-07-07,3,OTA,EUR,471.16,471.16,False,1413.48,True,True,False,False
BK03301,francesco greco,francesco.greco620@icloud.com,France,pesce,2026-07-04,2026-07-04,2026-07-06,2,OTA,EUR,486.08,486.08,False,972.16,True,True,False,False
BK03302,bianchi layla,layla.bianchi767@outlook.com,Netherlands,italiana,2025-01-28,2026-07-04,2026-07-05,1,direct,EUR,419.74,419.74,False,419.74,True,True,False,False
BK03303,federica greco,federica.greco110@gmail.com,Switzerland,italiana,2026-07-05,2026-07-05,2026-07-09,4,direct,EUR,379.34,379.34,False,1517.36,True,True,False,False
BK03304,ibrahim lucia,lucia.ibrahim109@gmail.com,Switzerland,halal,2026-07-05,2026-07-05,2026-07-08,3,OTA,EUR,431.69,431.69,False,1295.07,True,True,True,False
BK03305,dmitri klein,dmitri.klein71@icloud.com,Spain,italiana,2026-07-05,2026-07-05,2026-07-08,3,direct,EUR,427.45,427.45,False,1282.35,True,True,False,False
BK03306,kaczmarek klaus,klaus.kaczmarek419@gmail.com,USA,senza glutine,2025-03-12,2026-07-05,2026-07-08,3,OTA,EUR,409.48,409.48,False,1228.44,True,True,False,True
BK03307,conti william,william.conti55@outlook.com,Japan,italiana,2026-07-05,2026-07-05,2026-07-08,3,direct,USD,420.37,386.74,False,1160.22,True,True,False,False
BK03308,ingrid silva,ingrid.silva428@outlook.com,Japan,senza glutine,2026-07-05,2026-07-05,2026-07-10,5,direct,USD,416.24,382.94,False,1914.7,True,True,False,False
BK03309,ricci sophie,sophie.ricci471@outlook.com,UAE,vegana,2025-09-10,2026-07-05,2026-07-06,1,direct,EUR,390.88,390.88,False,390.88,True,True,False,False
BK03310,carlos dubois,carlos.dubois993@outlook.com,UAE,pesce,2024-12-05,2026-07-06,2026-07-12,6,OTA,EUR,339.76,339.76,False,2038.56,True,True,False,False
BK03311,fatima moreau,fatima.moreau516@icloud.com,Japan,vegetariana,2026-07-06,2026-07-06,2026-07-10,4,OTA,EUR,445.01,445.01,False,1780.04,True,True,False,False
BK03312,ferreira olivia,olivia.ferreira998@outlook.com,UAE,kosher,2026-07-06,2026-07-06,2026-07-11,5,OTA,USD,375.5,345.46,False,1727.3,True,True,False,False
BK03313,emma popov,emma.popov156@icloud.com,Germany,italiana,2025-07-07,2026-07-06,2026-07-10,4,direct,EUR,445.06,445.06,False,1780.24,True,True,False,True
BK03314,aiko andersen,aiko.andersen698@icloud.com,Japan,kosher,2024-12-12,2026-07-06,2026-07-10,4,direct,EUR,426.65,426.65,False,1706.6,True,True,False,False
BK03315,garcia john,john.garcia157@yahoo.com,Italy,vegetariana,2026-07-06,2026-07-06,2026-07-08,2,OTA,EUR,433.3,433.3,False,866.6,True,True,False,False
BK03316,jean popov,jean.popov950@icloud.com,Germany,vegetariana,2026-07-06,2026-07-06,2026-07-08,2,OTA,EUR,477.37,477.37,False,954.74,True,True,False,False
BK03317,lefevre matteo,matteo.lefevre690@outlook.com,Germany,vegana,2026-04-25,2026-07-06,2026-07-11,5,OTA,EUR,432.59,432.59,False,2162.95,True,True,False,True
BK03318,conti giorgia,giorgia.conti206@gmail.com,UK,senza glutine,2026-07-06,2026-07-06,2026-07-10,4,OTA,EUR,487.81,487.81,False,1951.24,True,True,False,False
BK03319,singh sophie,sophie.singh73@gmail.com,Switzerland,vegana,2026-07-06,2026-07-06,2026-07-09,3,direct,EUR,413.7,413.7,False,1241.1,True,True,False,False
BK03320,ekaterina ferrari,ekaterina.ferrari855@icloud.com,UAE,vegetariana,2026-07-06,2026-07-06,2026-07-09,3,OTA,EUR,431.66,431.66,False,1294.98,True,True,False,False
BK03321,kumar luca,luca.kumar293@yahoo.com,Japan,halal,2026-07-07,2026-07-07,2026-07-10,3,OTA,EUR,432.99,432.99,False,1298.97,True,True,False,False
BK03322,marco meyer,marco.meyer870@gmail.com,Japan,vegetariana,2026-07-07,2026-07-07,2026-07-13,6,OTA,EUR,415.33,415.33,False,2491.98,True,True,False,False
BK03323,bianchi sophie,sophie.bianchi188@gmail.com,France,vegetariana,2026-07-07,2026-07-07,2026-07-14,7,OTA,USD,405.72,373.26,False,2612.82,True,True,False,False
BK03324,carlos tanaka,carlos.tanaka90@icloud.com,UAE,vegana,2026-07-07,2026-07-07,2026-07-08,1,direct,EUR,330.86,330.86,False,330.86,True,True,False,False
BK03325,giulia moreau,giulia.moreau276@gmail.com,Japan,vegana,2026-07-07,2026-07-07,2026-07-09,2,direct,EUR,355.06,355.06,False,710.12,True,True,False,False
BK03326,dmitri rossi,dmitri.rossi808@gmail.com,Italy,halal,2026-07-07,2026-07-07,2026-07-10,3,OTA,EUR,470.95,470.95,False,1412.85,True,True,False,False
BK03327,ingrid schmidt,ingrid.schmidt231@gmail.com,UK,senza glutine,2026-07-07,2026-07-07,2026-07-11,4,OTA,EUR,466.31,466.31,True,0.0,True,True,False,False
BK03328,emma garcia,emma.garcia339@yahoo.com,Spain,internazionale,2026-07-08,2026-07-08,2026-07-12,4,OTA,EUR,449.91,449.91,False,1799.64,True,True,False,False
BK03329,sara silva,sara.silva814@gmail.com,UAE,senza glutine,2026-07-08,2026-07-08,2026-07-12,4,direct,EUR,348.88,348.88,False,1395.52,True,True,False,False
BK03330,charlotte watanabe,charlotte.watanabe956@outlook.com,Germany,internazionale,2024-12-06,2026-07-08,2026-07-09,1,direct,EUR,444.89,444.89,False,444.89,True,True,False,False
BK03331,marie moreau,marie.moreau228@yahoo.com,Germany,pesce,2026-07-08,2026-07-08,2026-07-11,3,direct,EUR,401.54,401.54,False,1204.62,True,True,True,False
BK03332,ferrari james,james.ferrari322@yahoo.com,Switzerland,internazionale,2025-05-13,2026-07-08,2026-07-11,3,OTA,EUR,354.96,354.96,False,1064.88,True,True,False,False
BK03333,priya wagner,priya.wagner281@yahoo.com,Italy,italiana,2026-07-08,2026-07-08,2026-07-12,4,direct,EUR,396.71,396.71,False,1586.84,True,True,False,False
BK03334,dmitri sokolov,dmitri.sokolov830@yahoo.com,Japan,pesce,2026-01-21,2026-07-08,2026-07-14,6,direct,EUR,432.58,432.58,False,2595.48,True,True,False,False
BK03335,kenji singh,kenji.singh180@outlook.com,UAE,halal,2026-04-29,2026-07-08,2026-07-11,3,direct,EUR,448.56,448.56,False,1345.68,True,True,False,False
BK03336,chiara weber,chiara.weber891@yahoo.com,Spain,vegana,2026-07-08,2026-07-08,2026-07-12,4,OTA,EUR,385.29,385.29,False,1541.16,True,True,False,False
BK03337,nikolai tanaka,nikolai.tanaka227@yahoo.com,Germany,pesce,2026-07-08,2026-07-08,2026-07-10,2,OTA,USD,433.15,398.5,False,797.0,True,True,False,False
BK03338,francesco lopez,francesco.lopez991@gmail.com,France,pesce,2026-07-08,2026-07-08,2026-07-10,2,OTA,USD,499.04,459.12,False,918.24,True,True,False,False
BK03339,kim youssef,youssef.kim507@gmail.com,UK,italiana,2026-07-08,2026-07-08,2026-07-10,2,direct,EUR,516.63,516.63,False,1033.26,True,True,False,False
BK03340,giulia petrov,giulia.petrov980@icloud.com,Germany,pesce,2026-07-09,2026-07-09,2026-07-13,4,direct,EUR,417.37,417.37,False,1669.48,True,True,False,False
BK03341,meyer thomas,thomas.meyer937@icloud.com,Switzerland,pesce,2025-06-12,2026-07-09,2026-07-11,2,direct,EUR,422.64,422.64,True,0.0,True,True,False,True
BK03342,kaczmarek olivia,olivia.kaczmarek333@yahoo.com,Switzerland,pesce,2026-07-09,2026-07-09,2026-07-13,4,direct,EUR,399.01,399.01,False,1596.04,True,True,False,False
BK03343,bernard david,david.bernard419@yahoo.com,Switzerland,senza glutine,2026-07-09,2026-07-09,2026-07-15,6,direct,EUR,468.56,468.56,False,2811.36,True,True,False,False
BK03344,amelia leroy,amelia.leroy822@outlook.com,UK,pesce,2025-10-09,2026-07-09,2026-07-13,4,OTA,EUR,385.79,385.79,False,1543.16,True,True,False,False
BK03345,dmitri leroy,dmitri.leroy881@yahoo.com,France,senza glutine,2024-12-15,2026-07-09,2026-07-12,3,OTA,EUR,404.87,404.87,False,1214.61,True,True,False,False
BK03346,girard patricia,patricia.girard525@gmail.com,Spain,italiana,2026-07-10,2026-07-10,2026-07-15,5,OTA,USD,428.99,394.67,True,0.0,True,True,False,False
BK03347,marie romano,marie.romano357@outlook.com,France,italiana,2026-07-10,2026-07-10,2026-07-13,3,OTA,USD,433.8,399.1,False,1197.3,True,True,False,False
BK03348,esposito jean,jean.esposito44@yahoo.com,France,vegana,2025-12-27,2026-07-10,2026-07-13,3,OTA,EUR,423.95,423.95,False,1271.85,True,True,False,False
BK03349,giulia nakamura,giulia.nakamura213@yahoo.com,France,vegana,2026-07-10,2026-07-10,2026-07-14,4,direct,EUR,397.59,397.59,False,1590.36,True,True,False,False
BK03350,emma ricci,emma.ricci552@outlook.com,Japan,senza glutine,2026-05-23,2026-07-10,2026-07-11,1,direct,EUR,396.95,396.95,False,396.95,True,True,False,False
BK03351,kowalski olivia,olivia.kowalski266@yahoo.com,Spain,kosher,2026-07-10,2026-07-10,2026-07-16,6,OTA,EUR,464.1,464.1,False,2784.6,True,True,False,False
BK03352,emma fernandez,emma.fernandez161@yahoo.com,Japan,internazionale,2024-09-23,2026-07-10,2026-07-13,3,direct,EUR,346.04,346.04,True,0.0,True,True,False,True
BK03353,bruno maria,maria.bruno299@yahoo.com,Spain,pesce,2026-07-11,2026-07-11,2026-07-13,2,direct,EUR,433.92,433.92,False,867.84,True,True,False,False
BK03354,aiko colombo,aiko.colombo883@yahoo.com,UK,internazionale,2026-07-11,2026-07-11,2026-07-13,2,OTA,EUR,412.68,412.68,False,825.36,True,True,False,False
BK03355,alessandro klein,alessandro.klein729@gmail.com,UK,internazionale,2026-07-11,2026-07-11,2026-07-13,2,OTA,EUR,442.36,442.36,False,884.72,True,True,False,False
BK03356,layla singh,layla.singh727@gmail.com,USA,vegana,2026-07-11,2026-07-11,2026-07-15,4,OTA,USD,485.93,447.06,False,1788.24,True,True,False,False
BK03357,ricci thomas,thomas.ricci643@outlook.com,Germany,vegana,2026-07-11,2026-07-11,2026-07-12,1,OTA,EUR,476.48,476.48,True,0.0,True,True,False,False
BK03358,arjun lefevre,arjun.lefevre178@gmail.com,UAE,senza glutine,2026-07-11,2026-07-11,2026-07-13,2,direct,EUR,345.88,345.88,False,691.76,True,True,False,False
BK03359,bernard ekaterina,ekaterina.bernard959@gmail.com,UAE,halal,2026-07-12,2026-07-12,2026-07-16,4,OTA,EUR,377.47,377.47,False,1509.88,True,True,False,False
BK03360,klaus rossi,klaus.rossi650@outlook.com,France,internazionale,2025-08-06,2026-07-12,2026-07-15,3,OTA,EUR,423.6,423.6,False,1270.8,True,True,False,True
BK03361,camille kumar,camille.kumar356@yahoo.com,Switzerland,vegana,2024-12-12,2026-07-12,2026-07-14,2,direct,EUR,409.87,409.87,False,819.74,True,True,False,False
BK03362,anna rossi,anna.rossi476@yahoo.com,France,italiana,2026-07-13,2026-07-13,2026-07-15,2,OTA,EUR,452.37,452.37,False,904.74,True,True,False,False
BK03363,alessandro nilsson,alessandro.nilsson805@yahoo.com,Italy,kosher,2026-07-13,2026-07-13,2026-07-16,3,direct,EUR,480.51,480.51,False,1441.53,True,True,False,False
BK03364,chiara singh,chiara.singh907@icloud.com,UK,pesce,2026-07-13,2026-07-13,2026-07-16,3,direct,USD,344.11,316.58,False,949.74,True,True,False,False
BK03365,ingrid watanabe,ingrid.watanabe334@icloud.com,Japan,halal,2026-07-13,2026-07-13,2026-07-18,5,direct,EUR,360.98,360.98,False,1804.9,True,True,False,True
BK03366,bruno simone,simone.bruno143@yahoo.com,USA,kosher,2026-07-13,2026-07-13,2026-07-16,3,OTA,EUR,455.55,455.55,False,1366.65,True,True,False,False
BK03367,leroy patricia,patricia.leroy644@gmail.com,USA,senza glutine,2025-09-07,2026-07-13,2026-07-17,4,OTA,EUR,429.41,429.41,False,1717.64,True,True,False,True
BK03368,francesco martinez,francesco.martinez881@gmail.com,UAE,pesce,2026-07-14,2026-07-14,2026-07-17,3,direct,EUR,379.28,379.28,False,1137.84,True,True,False,False
BK03369,david rossi,david.rossi364@icloud.com,Germany,senza glutine,2026-07-14,2026-07-14,2026-07-17,3,OTA,EUR,467.48,467.48,False,1402.44,True,True,False,False
BK03370,diego nowak,diego.nowak386@outlook.com,UAE,kosher,2026-07-14,2026-07-14,2026-07-17,3,direct,USD,363.96,334.84,False,1004.52,True,True,False,False
BK03371,fernandez nikolai,nikolai.fernandez617@gmail.com,UK,vegana,2026-07-14,2026-07-14,2026-07-19,5,OTA,EUR,370.24,370.24,False,1851.2,True,True,False,False
BK03372,ibrahim william,william.ibrahim422@icloud.com,USA,halal,2026-07-14,2026-07-14,2026-07-18,4,OTA,EUR,389.41,389.41,False,1557.64,True,True,False,False
BK03373,kaczmarek yuki,yuki.kaczmarek596@yahoo.com,France,kosher,2025-07-22,2026-07-14,2026-07-18,4,direct,EUR,438.95,438.95,False,1755.8,True,True,False,True
BK03374,ingrid ivanov,ingrid.ivanov178@outlook.com,France,vegana,2025-03-25,2026-07-15,2026-07-17,2,OTA,EUR,490.47,490.47,False,980.94,True,True,False,True
BK03375,fernandez klaus,klaus.fernandez322@icloud.com,Italy,halal,2025-12-31,2026-07-15,2026-07-19,4,OTA,EUR,499.02,499.02,False,1996.08,True,True,False,False
BK03376,ricci sara,sara.ricci88@outlook.com,UK,vegana,2026-07-15,2026-07-15,2026-07-18,3,direct,EUR,368.62,368.62,False,1105.86,True,True,False,False
BK03377,fischer hans,hans.fischer143@gmail.com,France,italiana,2025-09-30,2026-07-15,2026-07-19,4,direct,EUR,387.36,387.36,False,1549.44,True,True,False,True
BK03378,bernard pierre,pierre.bernard741@yahoo.com,Switzerland,halal,2026-07-15,2026-07-15,2026-07-22,7,OTA,EUR,392.29,392.29,False,2746.03,True,True,False,False
BK03379,charlotte johnson,charlotte.johnson322@yahoo.com,Spain,senza glutine,2026-07-15,2026-07-15,2026-07-20,5,direct,EUR,354.5,354.5,True,0.0,True,True,False,False
BK03380,bruno omar,omar.bruno788@gmail.com,UK,pesce,2026-07-15,2026-07-15,2026-07-18,3,direct,EUR,434.75,434.75,False,1304.25,True,True,False,True
BK03381,chiara sharma,chiara.sharma978@gmail.com,Switzerland,vegetariana,2025-12-27,2026-07-15,2026-07-19,4,OTA,EUR,458.02,458.02,False,1832.08,True,True,False,True
BK03382,nakamura patricia,patricia.nakamura585@yahoo.com,Italy,internazionale,2026-07-15,2026-07-15,2026-07-21,6,direct,EUR,430.88,430.88,False,2585.28,True,True,False,False
BK03383,maria nowak,maria.nowak864@gmail.com,Germany,senza glutine,2026-07-15,2026-07-15,2026-07-24,9,direct,USD,404.3,371.96,False,3347.64,True,True,False,False
BK03384,federica kumar,federica.kumar902@gmail.com,Germany,senza glutine,2026-07-15,2026-07-15,2026-07-21,6,OTA,USD,412.81,379.79,False,2278.74,True,True,False,False
BK03385,kobayashi laura,laura.kobayashi642@gmail.com,UAE,kosher,2026-07-15,2026-07-15,2026-07-23,8,direct,EUR,417.26,417.26,False,3338.08,True,True,False,False
BK03386,marino sophie,sophie.marino108@outlook.com,Netherlands,internazionale,2026-07-15,2026-07-15,2026-07-17,2,OTA,USD,435.13,400.32,False,800.64,True,True,False,False
BK03387,esposito john,john.esposito628@icloud.com,Netherlands,vegana,2026-07-16,2026-07-16,2026-07-19,3,OTA,EUR,477.07,477.07,False,1431.21,True,True,False,False
BK03388,chen marie,marie.chen199@gmail.com,Spain,halal,2025-08-18,2026-07-16,2026-07-20,4,direct,EUR,397.46,397.46,False,1589.84,True,True,False,False
BK03389,diego ivanov,diego.ivanov35@outlook.com,Germany,vegana,2025-08-25,2026-07-16,2026-07-21,5,direct,EUR,397.67,397.67,True,0.0,True,True,False,True
BK03390,fatima muller,fatima.muller293@gmail.com,Spain,internazionale,2026-07-16,2026-07-16,2026-07-19,3,direct,EUR,405.04,405.04,False,1215.12,True,True,False,False
BK03391,erik yamamoto,erik.yamamoto658@yahoo.com,Germany,internazionale,2026-07-16,2026-07-16,2026-07-19,3,OTA,EUR,418.18,418.18,True,0.0,True,True,False,False
BK03392,camille romano,camille.romano829@outlook.com,Spain,pesce,2026-07-16,2026-07-16,2026-07-19,3,direct,EUR,472.54,472.54,False,1417.62,True,True,False,False
BK03393,marco wagner,marco.wagner653@outlook.com,Japan,kosher,2026-07-17,2026-07-17,2026-07-27,10,OTA,EUR,404.46,404.46,False,4044.6,True,True,False,False
BK03394,arjun meyer,arjun.meyer675@gmail.com,Spain,italiana,2026-07-17,2026-07-17,2026-07-26,9,direct,USD,383.58,352.89,False,3176.01,True,True,False,False
BK03395,esposito luca,luca.esposito28@icloud.com,Switzerland,halal,2026-07-17,2026-07-17,2026-07-22,5,OTA,USD,428.68,394.39,False,1971.95,True,True,False,False
BK03396,camille leroy,camille.leroy638@gmail.com,Netherlands,italiana,2026-07-17,2026-07-17,2026-07-20,3,OTA,USD,528.88,486.57,False,1459.71,True,True,False,False
BK03397,bruno klaus,klaus.bruno945@yahoo.com,Italy,vegana,2026-07-17,2026-07-17,2026-07-21,4,direct,EUR,369.26,369.26,False,1477.04,True,True,False,False
BK03398,francesco wagner,francesco.wagner90@outlook.com,Spain,halal,2026-07-18,2026-07-18,2026-07-19,1,OTA,EUR,480.97,480.97,False,480.97,True,True,False,False
BK03399,greco patricia,patricia.greco566@yahoo.com,UAE,halal,2025-12-10,2026-07-18,2026-07-19,1,OTA,EUR,500.98,500.98,False,500.98,True,True,False,False
BK03400,dubois klaus,klaus.dubois130@gmail.com,Spain,internazionale,2026-07-18,2026-07-18,2026-07-21,3,OTA,EUR,401.29,401.29,True,0.0,True,True,False,False
BK03401,fernandez laura,laura.fernandez502@gmail.com,USA,halal,2026-07-18,2026-07-18,2026-07-24,6,direct,EUR,391.81,391.81,False,2350.86,True,True,False,False
BK03402,garcia giorgia,giorgia.garcia85@yahoo.com,UAE,vegetariana,2026-07-18,2026-07-18,2026-07-20,2,OTA,USD,415.97,382.69,False,765.38,True,True,False,False
BK03403,ahmed klein,ahmed.klein702@gmail.com,Japan,pesce,2026-07-18,2026-07-18,2026-07-21,3,direct,USD,388.93,357.82,True,0.0,True,True,False,False
BK03404,colombo diego,diego.colombo82@gmail.com,UK,kosher,2026-07-18,2026-07-18,2026-07-21,3,OTA,USD,338.78,311.68,False,935.04,True,True,False,False
BK03405,girard maria,maria.girard963@icloud.com,Italy,vegana,2026-07-19,2026-07-19,2026-07-22,3,OTA,EUR,422.61,422.61,False,1267.83,True,True,False,False
BK03406,bianchi hans,hans.bianchi866@gmail.com,Italy,senza glutine,2025-03-10,2026-07-19,2026-07-23,4,OTA,EUR,434.01,434.01,False,1736.04,True,True,False,False
BK03407,elena fernandez,elena.fernandez447@gmail.com,UK,senza glutine,2026-07-19,2026-07-19,2026-07-21,2,OTA,EUR,425.06,425.06,False,850.12,True,True,False,False
BK03408,marie martinez,marie.martinez896@icloud.com,USA,internazionale,2026-07-19,2026-07-19,2026-07-23,4,direct,EUR,388.62,388.62,False,1554.48,True,True,False,False
BK03409,fernandez silvia,silvia.fernandez347@yahoo.com,USA,vegetariana,2025-08-22,2026-07-19,2026-07-20,1,direct,EUR,385.28,385.28,False,385.28,True,True,False,False
BK03410,andersen olga,olga.andersen315@yahoo.com,France,vegana,2026-07-19,2026-07-19,2026-07-23,4,direct,EUR,472.69,472.69,False,1890.76,True,True,False,False
BK03411,park pierre,pierre.park575@outlook.com,UAE,kosher,2026-07-19,2026-07-19,2026-07-22,3,direct,EUR,499.44,499.44,False,1498.32,True,True,False,False
BK03412,lucia meyer,lucia.meyer162@outlook.com,Japan,vegetariana,2026-07-20,2026-07-20,2026-07-22,2,direct,EUR,394.53,394.53,False,789.06,True,True,False,False
BK03413,aiko romano,aiko.romano959@gmail.com,Germany,halal,2026-07-20,2026-07-20,2026-07-21,1,OTA,EUR,410.52,410.52,False,410.52,True,True,False,False
BK03414,erik park,erik.park743@outlook.com,Netherlands,kosher,2026-07-20,2026-07-20,2026-07-21,1,direct,EUR,433.87,433.87,False,433.87,True,True,False,False
BK03415,kim layla,layla.kim130@gmail.com,UK,italiana,2026-07-20,2026-07-20,2026-07-25,5,OTA,EUR,462.84,462.84,False,2314.2,True,True,False,False
BK03416,ivanov youssef,youssef.ivanov658@icloud.com,UAE,italiana,2026-07-20,2026-07-20,2026-07-23,3,OTA,EUR,495.58,495.58,False,1486.74,True,True,False,False
BK03417,jean watanabe,jean.watanabe211@icloud.com,France,senza glutine,2026-07-20,2026-07-20,2026-07-24,4,OTA,EUR,473.32,473.32,False,1893.28,True,True,False,False
BK03418,singh thomas,thomas.singh289@icloud.com,France,vegana,2026-07-20,2026-07-20,2026-07-24,4,direct,EUR,505.99,505.99,True,0.0,True,True,False,False
BK03419,costa layla,layla.costa637@gmail.com,Spain,halal,2026-07-20,2026-07-20,2026-07-25,5,direct,EUR,378.89,378.89,False,1894.45,True,True,False,False
BK03420,giulia klein,giulia.klein844@gmail.com,Switzerland,halal,2025-10-21,2026-07-20,2026-07-24,4,OTA,USD,463.6,426.51,False,1706.04,True,True,False,True
BK03421,ivanov omar,omar.ivanov786@outlook.com,Italy,vegetariana,2026-07-20,2026-07-20,2026-07-24,4,OTA,EUR,428.85,428.85,True,0.0,True,True,False,False
BK03422,ananya silva,ananya.silva641@outlook.com,France,pesce,2026-07-21,2026-07-21,2026-07-24,3,direct,EUR,424.53,424.53,False,1273.59,True,True,False,False
BK03423,nilsson valentina,valentina.nilsson374@outlook.com,France,italiana,2026-07-21,2026-07-21,2026-07-24,3,direct,USD,414.66,381.49,False,1144.47,True,True,False,False
BK03424,ananya nowak,ananya.nowak390@icloud.com,Germany,pesce,2024-10-06,2026-07-21,2026-07-31,10,OTA,EUR,431.91,431.91,False,4319.1,True,True,False,True
BK03425,lefevre sara,sara.lefevre240@gmail.com,USA,pesce,2024-11-14,2026-07-21,2026-07-27,6,direct,EUR,420.96,420.96,False,2525.76,True,True,False,True
BK03426,nikolai watanabe,nikolai.watanabe314@yahoo.com,Japan,halal,2025-06-23,2026-07-21,2026-07-28,7,direct,EUR,329.29,329.29,False,2305.03,True,True,False,False
BK03427,francesco ricci,francesco.ricci246@yahoo.com,USA,vegetariana,2024-09-15,2026-07-21,2026-07-23,2,OTA,EUR,457.14,457.14,False,914.28,True,True,False,True
BK03428,marie rossi,marie.rossi743@outlook.com,Germany,senza glutine,2026-07-22,2026-07-22,2026-07-25,3,direct,EUR,379.12,379.12,False,1137.36,True,True,False,False
BK03429,ekaterina park,ekaterina.park413@gmail.com,France,senza glutine,2025-08-05,2026-07-22,2026-07-24,2,OTA,EUR,451.76,451.76,False,903.52,True,True,False,True
BK03430,matteo yamamoto,matteo.yamamoto94@icloud.com,UAE,senza glutine,2025-04-05,2026-07-22,2026-07-23,1,direct,EUR,457.24,457.24,False,457.24,True,True,False,True
BK03431,james park,james.park45@outlook.com,Netherlands,pesce,2026-07-22,2026-07-22,2026-07-28,6,direct,EUR,465.55,465.55,True,0.0,True,True,False,False
BK03432,hans smith,hans.smith873@icloud.com,USA,senza glutine,2026-07-22,2026-07-22,2026-07-26,4,OTA,EUR,396.49,396.49,False,1585.96,True,True,False,False
BK03433,ananya costa,ananya.costa245@outlook.com,Japan,vegana,2026-07-22,2026-07-22,2026-07-29,7,direct,EUR,374.95,374.95,False,2624.65,True,True,False,False
BK03434,suzuki thomas,thomas.suzuki54@gmail.com,USA,vegetariana,2026-07-22,2026-07-22,2026-07-23,1,direct,EUR,358.2,358.2,False,358.2,True,True,False,False
BK03435,ekaterina novak,ekaterina.novak770@yahoo.com,Netherlands,senza glutine,2026-07-22,2026-07-22,2026-07-28,6,direct,USD,339.45,312.29,False,1873.74,True,True,False,False
BK03436,elena marino,elena.marino654@gmail.com,UAE,italiana,2026-07-23,2026-07-23,2026-07-26,3,OTA,USD,416.22,382.92,False,1148.76,True,True,False,False
BK03437,omar schmidt,omar.schmidt352@gmail.com,Japan,vegetariana,2025-08-06,2026-07-23,2026-07-24,1,OTA,EUR,514.86,514.86,True,0.0,True,True,False,False
BK03438,al-rashid anna,anna.al-rashid300@gmail.com,Switzerland,kosher,2025-08-06,2026-07-23,2026-07-24,1,direct,EUR,456.42,456.42,True,0.0,True,True,False,False
BK03439,andersen dmitri,dmitri.andersen419@icloud.com,Germany,kosher,2026-07-23,2026-07-23,2026-07-27,4,OTA,EUR,380.39,380.39,False,1521.56,True,True,False,False
BK03440,olivia petrov,olivia.petrov582@gmail.com,USA,kosher,2026-07-23,2026-07-23,2026-07-26,3,OTA,EUR,448.38,448.38,False,1345.14,True,True,False,False
BK03441,elena singh,elena.singh527@gmail.com,UK,italiana,2026-07-23,2026-07-23,2026-07-29,6,OTA,EUR,493.94,493.94,False,2963.64,True,True,False,False
BK03442,greco kenji,kenji.greco878@icloud.com,France,senza glutine,2026-07-23,2026-07-23,2026-07-28,5,direct,EUR,520.84,520.84,False,2604.2,True,True,False,False
BK03443,ivanov luca,luca.ivanov873@outlook.com,France,internazionale,2025-08-28,2026-07-23,2026-07-26,3,OTA,EUR,437.94,437.94,False,1313.82,True,True,False,True
BK03444,al-rashid lucia,lucia.al-rashid674@outlook.com,Spain,kosher,2026-07-23,2026-07-23,2026-07-25,2,direct,EUR,373.26,373.26,False,746.52,True,True,False,False
BK03445,erik nilsson,erik.nilsson139@gmail.com,USA,italiana,2026-07-24,2026-07-24,2026-07-26,2,direct,EUR,454.26,454.26,False,908.52,True,True,False,False
BK03446,garcia lucia,lucia.garcia96@icloud.com,Japan,vegana,2024-12-18,2026-07-24,2026-07-29,5,OTA,EUR,481.85,481.85,False,2409.25,True,True,False,False
BK03447,isabella watanabe,isabella.watanabe722@gmail.com,UAE,internazionale,2026-07-24,2026-07-24,2026-07-26,2,direct,EUR,426.07,426.07,False,852.14,True,True,False,True
BK03448,francesco sokolov,francesco.sokolov861@icloud.com,Spain,halal,2025-07-12,2026-07-24,2026-07-26,2,direct,EUR,437.17,437.17,False,874.34,True,True,False,False
BK03449,andrea martinez,andrea.martinez786@yahoo.com,USA,kosher,2026-07-24,2026-07-24,2026-07-28,4,OTA,EUR,406.43,406.43,True,0.0,True,True,False,False
BK03450,giulia nowak,giulia.nowak828@yahoo.com,Germany,pesce,2026-07-25,2026-07-25,2026-07-30,5,OTA,USD,409.2,376.46,False,1882.3,True,True,False,False
BK03451,hans nilsson,hans.nilsson554@yahoo.com,Germany,senza glutine,2025-01-01,2026-07-25,2026-07-27,2,direct,EUR,395.84,395.84,False,791.68,True,True,False,False
BK03452,fischer robert,robert.fischer889@outlook.com,UK,vegetariana,2026-07-25,2026-07-25,2026-07-28,3,direct,EUR,376.16,376.16,False,1128.48,True,True,False,False
BK03453,jean meyer,jean.meyer623@icloud.com,Switzerland,vegetariana,2026-07-25,2026-07-25,2026-07-29,4,OTA,EUR,467.09,467.09,True,0.0,True,True,False,False
BK03454,fischer matteo,matteo.fischer762@gmail.com,Netherlands,italiana,2026-07-25,2026-07-25,2026-07-27,2,OTA,EUR,459.8,459.8,False,919.6,True,True,False,False
BK03455,astrid sokolov,astrid.sokolov645@gmail.com,Japan,halal,2026-07-25,2026-07-25,2026-07-29,4,OTA,EUR,433.67,433.67,False,1734.68,True,True,False,False
BK03456,isabella klein,isabella.klein717@icloud.com,Netherlands,internazionale,2025-06-23,2026-07-25,2026-07-27,2,direct,EUR,440.45,440.45,False,880.9,True,True,False,True
BK03457,dubois ingrid,ingrid.dubois841@outlook.com,Spain,italiana,2026-01-24,2026-07-25,2026-07-27,2,direct,EUR,389.5,389.5,False,779.0,True,True,False,True
BK03458,marco novak,marco.novak281@yahoo.com,Netherlands,vegetariana,2026-07-25,2026-07-25,2026-07-30,5,OTA,EUR,448.37,448.37,False,2241.85,True,True,False,False
BK03459,francesco yamamoto,francesco.yamamoto15@yahoo.com,Spain,kosher,2025-07-18,2026-07-25,2026-07-28,3,OTA,EUR,402.76,402.76,False,1208.28,True,True,False,True
BK03460,esposito patricia,patricia.esposito403@gmail.com,Spain,vegana,2026-07-26,2026-07-26,2026-07-29,3,direct,USD,391.03,359.75,False,1079.25,True,True,False,False
BK03461,ingrid tanaka,ingrid.tanaka107@outlook.com,UK,vegana,2026-07-26,2026-07-26,2026-07-27,1,OTA,USD,405.77,373.31,True,0.0,True,True,False,False
BK03462,kobayashi maria,maria.kobayashi774@gmail.com,Germany,pesce,2026-07-26,2026-07-26,2026-07-31,5,OTA,EUR,425.36,425.36,False,2126.8,True,True,False,False
BK03463,maria schmidt,maria.schmidt527@yahoo.com,Spain,internazionale,2026-07-26,2026-07-26,2026-07-30,4,OTA,USD,460.42,423.59,False,1694.36,True,True,False,False
BK03464,charlotte dubois,charlotte.dubois330@gmail.com,UAE,vegetariana,2026-07-26,2026-07-26,2026-07-31,5,direct,EUR,433.05,433.05,False,2165.25,True,True,False,False
BK03465,conti john,john.conti702@yahoo.com,UAE,halal,2026-07-26,2026-07-26,2026-07-28,2,direct,USD,382.49,351.89,False,703.78,True,True,False,False
BK03466,nakamura sara,sara.nakamura409@gmail.com,UAE,italiana,2024-12-15,2026-07-26,2026-07-28,2,OTA,EUR,429.67,429.67,False,859.34,True,True,False,True
BK03467,bianchi silvia,silvia.bianchi915@yahoo.com,France,kosher,2026-04-10,2026-07-26,2026-07-30,4,OTA,USD,454.45,418.09,False,1672.36,True,True,False,False
BK03468,bianchi youssef,youssef.bianchi645@gmail.com,UAE,senza glutine,2026-07-27,2026-07-27,2026-07-31,4,direct,EUR,390.77,390.77,True,0.0,True,True,False,False
BK03469,al-farsi sophie,sophie.al-farsi68@outlook.com,France,vegana,2026-07-27,2026-07-27,2026-08-01,5,direct,EUR,434.03,434.03,False,2170.15,True,True,False,False
BK03470,chen giulia,giulia.chen868@gmail.com,UAE,vegetariana,2025-06-14,2026-07-27,2026-07-31,4,direct,EUR,362.31,362.31,False,1449.24,True,True,False,False
BK03471,henri watanabe,henri.watanabe795@icloud.com,UK,halal,2025-07-14,2026-07-27,2026-08-04,8,direct,USD,548.17,504.32,False,4034.56,True,True,False,True
BK03472,isabella martinez,isabella.martinez569@yahoo.com,Switzerland,vegetariana,2025-03-31,2026-07-28,2026-08-02,5,OTA,EUR,426.17,426.17,False,2130.85,True,True,False,True
BK03473,andrea ferreira,andrea.ferreira998@gmail.com,Italy,italiana,2026-07-28,2026-07-28,2026-08-05,8,direct,EUR,399.99,399.99,False,3199.92,True,True,False,False
BK03474,lopez maria,maria.lopez642@gmail.com,USA,senza glutine,2026-07-28,2026-07-28,2026-07-31,3,OTA,EUR,443.57,443.57,False,1330.71,True,True,False,False
BK03475,emma fischer,emma.fischer493@icloud.com,Italy,internazionale,2026-06-23,2026-07-28,2026-07-31,3,direct,EUR,431.77,431.77,False,1295.31,True,True,False,True
BK03476,rossi william,william.rossi359@yahoo.com,Italy,halal,2026-07-28,2026-07-28,2026-07-29,1,OTA,EUR,418.88,418.88,False,418.88,True,True,False,False
BK03477,astrid dubois,astrid.dubois663@outlook.com,Switzerland,senza glutine,2026-07-28,2026-07-28,2026-08-02,5,OTA,EUR,416.03,416.03,False,2080.15,True,True,False,False
BK03478,bianchi klaus,klaus.bianchi234@icloud.com,Germany,senza glutine,2025-06-04,2026-07-28,2026-08-04,7,OTA,EUR,390.02,390.02,False,2730.14,True,True,False,True
BK03479,andersen pierre,pierre.andersen896@yahoo.com,Netherlands,senza glutine,2025-08-05,2026-07-29,2026-08-02,4,OTA,EUR,415.62,415.62,False,1662.48,True,True,False,True
BK03480,giorgia schmidt,giorgia.schmidt744@gmail.com,UAE,internazionale,2026-07-29,2026-07-29,2026-07-30,1,direct,EUR,408.43,408.43,False,408.43,True,True,False,False
BK03481,meyer omar,omar.meyer656@yahoo.com,Switzerland,vegetariana,2026-07-29,2026-07-29,2026-07-30,1,OTA,EUR,440.65,440.65,False,440.65,True,True,False,False
BK03482,dmitri tanaka,dmitri.tanaka213@icloud.com,Spain,senza glutine,2025-08-21,2026-07-29,2026-08-04,6,direct,EUR,406.26,406.26,False,2437.56,True,True,False,True
BK03483,jean nowak,jean.nowak302@icloud.com,Switzerland,vegetariana,2026-07-29,2026-07-29,2026-07-31,2,OTA,EUR,388.96,388.96,False,777.92,True,True,False,False
BK03484,david ferreira,david.ferreira503@outlook.com,UAE,vegana,2026-07-30,2026-07-30,2026-08-07,8,direct,EUR,388.93,388.93,False,3111.44,True,True,False,False
BK03485,emma greco,emma.greco81@icloud.com,USA,italiana,2025-06-25,2026-07-30,2026-08-02,3,OTA,EUR,399.69,399.69,False,1199.07,True,True,False,True
BK03486,astrid schmidt,astrid.schmidt192@icloud.com,UK,pesce,2025-06-12,2026-07-30,2026-08-04,5,direct,EUR,412.18,412.18,False,2060.9,True,True,False,False
BK03487,francesco kaczmarek,francesco.kaczmarek965@icloud.com,Netherlands,halal,2026-07-30,2026-07-30,2026-08-02,3,direct,EUR,476.67,476.67,False,1430.01,True,True,False,False
BK03488,pierre wagner,pierre.wagner757@icloud.com,USA,senza glutine,2026-07-30,2026-07-30,2026-08-03,4,direct,EUR,375.5,375.5,False,1502.0,True,True,False,False
BK03489,al-rashid chiara,chiara.al-rashid870@gmail.com,Italy,vegetariana,2026-07-30,2026-07-30,2026-07-31,1,OTA,EUR,424.72,424.72,False,424.72,True,True,False,False
BK03490,costa jean,jean.costa295@icloud.com,Germany,halal,2026-07-31,2026-07-31,2026-08-02,2,OTA,EUR,370.06,370.06,False,740.12,True,True,False,False
BK03491,amelia klein,amelia.klein908@yahoo.com,Germany,kosher,2026-07-31,2026-07-31,2026-08-03,3,direct,EUR,460.02,460.02,True,0.0,True,True,False,False
BK03492,klaus weber,klaus.weber134@gmail.com,Japan,internazionale,2026-07-31,2026-07-31,2026-08-05,5,direct,EUR,456.66,456.66,True,0.0,True,True,False,False
BK03493,lucia romano,lucia.romano663@yahoo.com,Italy,vegana,2026-07-31,2026-07-31,2026-08-04,4,direct,EUR,395.25,395.25,False,1581.0,True,True,False,False
BK03494,simone weber,simone.weber585@outlook.com,Netherlands,vegetariana,2026-07-31,2026-07-31,2026-08-02,2,direct,EUR,380.38,380.38,False,760.76,True,True,False,False
BK03495,emma lefevre,emma.lefevre977@gmail.com,Italy,pesce,2026-07-31,2026-07-31,2026-08-02,2,OTA,EUR,405.77,405.77,False,811.54,True,True,False,False
BK03496,andersen ingrid,ingrid.andersen494@outlook.com,Switzerland,senza glutine,2025-06-28,2026-07-31,2026-08-02,2,OTA,EUR,367.62,367.62,False,735.24,True,True,False,True
BK03497,nikolai smith,nikolai.smith195@yahoo.com,UAE,vegana,2026-07-31,2026-07-31,2026-08-08,8,OTA,EUR,426.64,426.64,False,3413.12,True,True,False,False
BK03498,kowalski william,william.kowalski712@yahoo.com,Spain,vegetariana,2024-12-03,2026-08-01,2026-08-04,3,OTA,EUR,436.38,436.38,False,1309.14,True,True,False,True
BK03499,elena fischer,elena.fischer926@icloud.com,UK,internazionale,2025-12-20,2026-08-01,2026-08-05,4,OTA,USD,465.82,428.55,False,1714.2,True,True,False,True
BK03500,camille conti,camille.conti449@outlook.com,UK,internazionale,2026-08-01,2026-08-01,2026-08-03,2,OTA,EUR,426.37,426.37,False,852.74,True,True,False,False
BK03501,luca tanaka,luca.tanaka186@yahoo.com,UAE,senza glutine,2026-08-01,2026-08-01,2026-08-14,13,direct,USD,448.46,412.58,False,5363.54,True,True,False,False
BK03502,al-farsi thomas,thomas.al-farsi141@yahoo.com,USA,internazionale,2026-08-01,2026-08-01,2026-08-04,3,direct,EUR,412.61,412.61,False,1237.83,True,True,False,False
BK03503,martinez silvia,silvia.martinez667@icloud.com,Germany,vegana,2026-04-09,2026-08-01,2026-08-03,2,direct,USD,471.08,433.39,False,866.78,True,True,False,True
BK03504,colombo henri,henri.colombo752@gmail.com,Switzerland,kosher,2026-08-01,2026-08-01,2026-08-03,2,direct,EUR,399.46,399.46,False,798.92,True,True,False,False
BK03505,klaus singh,klaus.singh640@yahoo.com,UAE,kosher,2026-08-01,2026-08-01,2026-08-08,7,OTA,EUR,366.07,366.07,False,2562.49,True,True,False,False
BK03506,esposito olga,olga.esposito26@icloud.com,France,halal,2024-12-25,2026-08-01,2026-08-06,5,OTA,EUR,443.45,443.45,False,2217.25,True,True,False,False
BK03507,ricci william,william.ricci223@outlook.com,France,internazionale,2026-08-02,2026-08-02,2026-08-04,2,direct,EUR,437.23,437.23,False,874.46,True,True,False,False
BK03508,amelia bianchi,amelia.bianchi452@icloud.com,USA,italiana,2026-07-02,2026-08-02,2026-08-04,2,direct,EUR,380.03,380.03,False,760.06,True,True,False,False
BK03509,pierre silva,pierre.silva380@outlook.com,Switzerland,pesce,2026-06-23,2026-08-02,2026-08-03,1,direct,EUR,506.49,506.49,True,0.0,True,True,False,False
BK03510,kobayashi olga,olga.kobayashi144@outlook.com,Italy,vegetariana,2026-08-02,2026-08-02,2026-08-03,1,direct,EUR,427.78,427.78,False,427.78,True,True,False,False
BK03511,hassan simone,simone.hassan352@outlook.com,Germany,vegana,2026-08-02,2026-08-02,2026-08-06,4,OTA,EUR,428.36,428.36,False,1713.44,True,True,False,False
BK03512,amelia rossi,amelia.rossi10@yahoo.com,Japan,halal,2026-08-02,2026-08-02,2026-08-03,1,direct,USD,428.24,393.98,False,393.98,True,True,False,False
BK03513,fernandez sara,sara.fernandez562@yahoo.com,Germany,senza glutine,2026-08-02,2026-08-02,2026-08-09,7,OTA,EUR,434.97,434.97,False,3044.79,True,True,False,False
BK03514,ferrari william,william.ferrari499@gmail.com,UAE,senza glutine,2026-08-02,2026-08-02,2026-08-07,5,OTA,USD,386.72,355.78,False,1778.9,True,True,False,False
BK03515,isabella ivanov,isabella.ivanov997@gmail.com,France,senza glutine,2024-12-12,2026-08-02,2026-08-05,3,OTA,EUR,434.2,434.2,True,0.0,True,True,False,False
BK03516,moreau simone,simone.moreau583@yahoo.com,Switzerland,kosher,2026-08-02,2026-08-02,2026-08-07,5,direct,USD,397.1,365.33,True,0.0,True,True,False,False
BK03517,fatima romano,fatima.romano888@yahoo.com,USA,internazionale,2026-08-03,2026-08-03,2026-08-07,4,OTA,EUR,440.56,440.56,False,1762.24,True,True,False,False
BK03518,johnson sophie,sophie.johnson638@outlook.com,Spain,halal,2026-08-03,2026-08-03,2026-08-09,6,direct,EUR,472.36,472.36,False,2834.16,True,True,False,False
BK03519,erik romano,erik.romano475@icloud.com,Spain,vegana,2026-08-03,2026-08-03,2026-08-07,4,OTA,EUR,402.42,402.42,True,0.0,True,True,False,False
BK03520,carlos kumar,carlos.kumar665@yahoo.com,Italy,pesce,2026-08-03,2026-08-03,2026-08-07,4,OTA,USD,468.94,431.42,False,1725.68,True,True,False,False
BK03521,ekaterina tanaka,ekaterina.tanaka996@gmail.com,Italy,senza glutine,2026-08-03,2026-08-03,2026-08-05,2,OTA,EUR,372.37,372.37,False,744.74,True,True,False,False
BK03522,erik tanaka,erik.tanaka711@gmail.com,USA,kosher,2026-08-03,2026-08-03,2026-08-05,2,direct,EUR,395.63,395.63,False,791.26,True,True,False,False
BK03523,ahmed ricci,ahmed.ricci430@outlook.com,Italy,internazionale,2026-01-08,2026-08-03,2026-08-06,3,OTA,EUR,448.94,448.94,False,1346.82,True,True,False,False
BK03524,david sharma,david.sharma37@gmail.com,Japan,pesce,2026-08-04,2026-08-04,2026-08-08,4,direct,EUR,470.13,470.13,False,1880.52,True,True,False,False
BK03525,bianchi charlotte,charlotte.bianchi206@yahoo.com,Japan,kosher,2026-08-04,2026-08-04,2026-08-06,2,OTA,EUR,466.88,466.88,False,933.76,True,True,False,False
BK03526,thomas yamamoto,thomas.yamamoto217@gmail.com,Germany,pesce,2026-08-04,2026-08-04,2026-08-08,4,OTA,EUR,418.56,418.56,False,1674.24,True,True,False,False
BK03527,charlotte suzuki,charlotte.suzuki19@icloud.com,France,pesce,2026-08-04,2026-08-04,2026-08-07,3,OTA,EUR,404.13,404.13,False,1212.39,True,True,False,False
BK03528,al-rashid patricia,patricia.al-rashid610@gmail.com,Spain,senza glutine,2025-02-26,2026-08-04,2026-08-07,3,OTA,USD,436.34,401.43,False,1204.29,True,True,False,False
BK03529,astrid romano,astrid.romano376@icloud.com,UK,senza glutine,2026-08-05,2026-08-05,2026-08-10,5,direct,EUR,409.78,409.78,False,2048.9,True,True,False,False
BK03530,ekaterina wagner,ekaterina.wagner886@gmail.com,Germany,internazionale,2026-08-05,2026-08-05,2026-08-09,4,direct,EUR,353.69,353.69,False,1414.76,True,True,False,False
BK03531,colombo william,william.colombo837@gmail.com,Germany,halal,2026-06-20,2026-08-05,2026-08-07,2,direct,EUR,428.69,428.69,False,857.38,True,True,False,False
BK03532,lefevre youssef,youssef.lefevre578@gmail.com,Switzerland,vegetariana,2026-08-05,2026-08-05,2026-08-07,2,direct,EUR,406.23,406.23,False,812.46,True,True,False,False
BK03533,dubois marie,marie.dubois211@icloud.com,Germany,pesce,2026-08-05,2026-08-05,2026-08-07,2,OTA,EUR,470.16,470.16,False,940.32,True,True,False,False
BK03534,pierre yamamoto,pierre.yamamoto861@yahoo.com,Switzerland,internazionale,2024-12-15,2026-08-05,2026-08-08,3,direct,EUR,382.06,382.06,False,1146.18,True,True,False,False
BK03535,bianchi simone,simone.bianchi219@outlook.com,Spain,vegetariana,2026-08-05,2026-08-05,2026-08-07,2,OTA,EUR,438.46,438.46,False,876.92,True,True,False,False
BK03536,emma fischer,emma.fischer493@icloud.com,Italy,internazionale,2026-06-23,2026-08-05,2026-08-07,2,direct,EUR,443.44,443.44,False,886.88,True,True,False,True
BK03537,klaus moreau,klaus.moreau537@yahoo.com,Switzerland,senza glutine,2026-08-05,2026-08-05,2026-08-08,3,OTA,EUR,476.11,476.11,False,1428.33,True,True,False,False
BK03538,fischer henri,henri.fischer1@outlook.com,Switzerland,senza glutine,2026-08-05,2026-08-05,2026-08-09,4,OTA,EUR,392.58,392.58,False,1570.32,True,True,False,False
BK03539,nowak yuki,yuki.nowak239@outlook.com,Germany,kosher,2026-08-05,2026-08-05,2026-08-08,3,direct,USD,389.07,357.94,False,1073.82,True,True,False,False
BK03540,bruno emma,emma.bruno25@outlook.com,UAE,vegetariana,2025-06-08,2026-08-06,2026-08-09,3,OTA,EUR,427.56,427.56,False,1282.68,True,True,False,False
BK03541,david fischer,david.fischer713@gmail.com,Italy,halal,2026-08-06,2026-08-06,2026-08-09,3,OTA,EUR,408.85,408.85,False,1226.55,True,True,False,False
BK03542,chiara kim,chiara.kim802@outlook.com,Spain,internazionale,2025-08-16,2026-08-06,2026-08-09,3,OTA,EUR,400.53,400.53,False,1201.59,True,True,True,False
BK03543,jean moreau,jean.moreau376@yahoo.com,UK,pesce,2026-08-06,2026-08-06,2026-08-08,2,OTA,EUR,422.11,422.11,False,844.22,True,True,False,False
BK03544,david silva,david.silva362@outlook.com,Switzerland,kosher,2026-08-06,2026-08-06,2026-08-13,7,direct,USD,440.59,405.34,True,0.0,True,True,False,False
BK03545,hassan silvia,silvia.hassan860@icloud.com,UAE,senza glutine,2026-08-06,2026-08-06,2026-08-09,3,OTA,EUR,460.49,460.49,False,1381.47,True,True,False,False
BK03546,conti marie,marie.conti953@gmail.com,Italy,internazionale,2025-11-25,2026-08-06,2026-08-10,4,OTA,EUR,426.2,426.2,False,1704.8,True,True,False,True
BK03547,ingrid nilsson,ingrid.nilsson292@icloud.com,France,pesce,2026-08-06,2026-08-06,2026-08-08,2,direct,EUR,447.69,447.69,False,895.38,True,True,False,False
BK03548,charlotte nilsson,charlotte.nilsson818@outlook.com,Japan,italiana,2026-08-06,2026-08-06,2026-08-11,5,direct,EUR,396.98,396.98,False,1984.9,True,True,False,False
BK03549,layla weber,layla.weber394@outlook.com,Spain,vegetariana,2025-09-15,2026-08-06,2026-08-09,3,direct,EUR,385.15,385.15,False,1155.45,True,True,False,False
BK03550,chen olga,olga.chen821@outlook.com,Switzerland,vegana,2025-06-07,2026-08-06,2026-08-16,10,direct,EUR,432.66,432.66,False,4326.6,True,True,False,True
BK03551,hans silva,hans.silva761@icloud.com,USA,pesce,2026-08-07,2026-08-07,2026-08-12,5,OTA,USD,437.49,402.49,False,2012.45,True,True,False,False
BK03552,camille weber,camille.weber471@icloud.com,USA,italiana,2026-08-07,2026-08-07,2026-08-10,3,OTA,USD,429.92,395.53,False,1186.59,True,True,False,False
BK03553,olivia popov,olivia.popov99@gmail.com,UAE,kosher,2026-08-07,2026-08-07,2026-08-11,4,direct,EUR,404.33,404.33,False,1617.32,True,True,False,False
BK03554,ahmed bruno,ahmed.bruno11@yahoo.com,Italy,vegana,2026-08-07,2026-08-07,2026-08-12,5,OTA,EUR,405.61,405.61,False,2028.05,True,True,False,False
BK03555,ananya novak,ananya.novak435@yahoo.com,UAE,pesce,2026-08-08,2026-08-08,2026-08-09,1,OTA,EUR,405.66,405.66,False,405.66,True,True,False,False
BK03556,simone singh,simone.singh607@icloud.com,Italy,internazionale,2026-06-27,2026-08-08,2026-08-12,4,OTA,EUR,431.82,431.82,False,1727.28,True,True,False,False
BK03557,silva youssef,youssef.silva568@icloud.com,Italy,vegetariana,2026-08-08,2026-08-08,2026-08-12,4,OTA,EUR,430.19,430.19,False,1720.76,True,True,False,False
BK03558,colombo sara,sara.colombo415@gmail.com,USA,senza glutine,2026-08-08,2026-08-08,2026-08-12,4,direct,EUR,470.26,470.26,False,1881.04,True,True,False,False
BK03559,popov thomas,thomas.popov809@icloud.com,Netherlands,vegetariana,2026-02-17,2026-08-08,2026-08-11,3,direct,EUR,353.54,353.54,True,0.0,True,True,True,False
BK03560,ferreira sophie,sophie.ferreira820@gmail.com,UAE,vegana,2026-08-08,2026-08-08,2026-08-09,1,OTA,EUR,415.64,415.64,False,415.64,True,True,False,False
BK03561,ibrahim marie,marie.ibrahim681@yahoo.com,Switzerland,italiana,2026-08-08,2026-08-08,2026-08-11,3,direct,EUR,377.24,377.24,True,0.0,True,True,False,False
BK03562,nilsson yuki,yuki.nilsson704@icloud.com,UAE,pesce,2026-08-08,2026-08-08,2026-08-09,1,OTA,EUR,478.39,478.39,False,478.39,True,True,False,False
BK03563,hassan klaus,klaus.hassan320@icloud.com,UAE,vegetariana,2026-08-08,2026-08-08,2026-08-14,6,direct,USD,418.37,384.9,False,2309.4,True,True,False,False
BK03564,al-rashid james,james.al-rashid641@yahoo.com,Netherlands,vegetariana,2026-08-09,2026-08-09,2026-08-10,1,direct,EUR,433.18,433.18,False,433.18,True,True,False,False
BK03565,ferrari olga,olga.ferrari969@yahoo.com,Netherlands,italiana,2026-08-09,2026-08-09,2026-08-14,5,OTA,USD,363.68,334.59,False,1672.95,True,True,False,False
BK03566,carlos kobayashi,carlos.kobayashi271@icloud.com,USA,senza glutine,2026-08-09,2026-08-09,2026-08-18,9,direct,EUR,496.67,496.67,False,4470.03,True,True,False,False
BK03567,chiara kobayashi,chiara.kobayashi611@icloud.com,Germany,vegana,2025-12-02,2026-08-09,2026-08-12,3,direct,EUR,412.34,412.34,False,1237.02,True,True,False,True
BK03568,chiara hassan,chiara.hassan52@yahoo.com,Italy,internazionale,2026-08-09,2026-08-09,2026-08-12,3,direct,EUR,416.04,416.04,False,1248.12,True,True,False,False
BK03569,anna muller,anna.muller159@gmail.com,Netherlands,halal,2025-12-30,2026-08-10,2026-08-13,3,direct,EUR,338.43,338.43,False,1015.29,True,True,True,True
BK03570,paolo weber,paolo.weber539@icloud.com,Spain,pesce,2025-02-08,2026-08-10,2026-08-14,4,direct,USD,398.84,366.93,False,1467.72,True,True,False,True
BK03571,olivia schmidt,olivia.schmidt64@gmail.com,Spain,senza glutine,2025-06-13,2026-08-11,2026-08-13,2,direct,EUR,383.7,383.7,False,767.4,True,True,False,True
BK03572,aiko kumar,aiko.kumar726@gmail.com,Switzerland,halal,2026-08-11,2026-08-11,2026-08-15,4,OTA,EUR,371.85,371.85,False,1487.4,True,True,False,False
BK03573,patel patricia,patricia.patel567@gmail.com,Switzerland,vegana,2026-08-11,2026-08-11,2026-08-13,2,direct,EUR,366.55,366.55,False,733.1,True,True,False,False
BK03574,alessandro popov,alessandro.popov542@yahoo.com,France,internazionale,2026-08-11,2026-08-11,2026-08-14,3,direct,EUR,404.25,404.25,False,1212.75,True,True,False,False
BK03575,anna patel,anna.patel844@outlook.com,Italy,halal,2026-08-11,2026-08-11,2026-08-15,4,direct,EUR,394.95,394.95,True,0.0,True,True,False,False
BK03576,elena hassan,elena.hassan421@outlook.com,Switzerland,vegetariana,2026-08-11,2026-08-11,2026-08-13,2,OTA,EUR,490.0,490.0,False,980.0,True,True,False,False
BK03577,diego sharma,diego.sharma166@icloud.com,France,italiana,2026-03-09,2026-08-11,2026-08-19,8,direct,EUR,428.36,428.36,False,3426.88,True,True,False,False
BK03578,nikolai singh,nikolai.singh680@outlook.com,France,kosher,2026-08-12,2026-08-12,2026-08-13,1,direct,EUR,453.68,453.68,False,453.68,True,True,False,False
BK03579,elena ferrari,elena.ferrari353@outlook.com,Switzerland,kosher,2024-11-17,2026-08-12,2026-08-16,4,direct,EUR,422.01,422.01,False,1688.04,True,True,False,True
BK03580,andersen elena,elena.andersen670@icloud.com,France,italiana,2024-12-22,2026-08-12,2026-08-14,2,OTA,EUR,436.58,436.58,False,873.16,True,True,False,False
BK03581,james novak,james.novak770@gmail.com,France,italiana,2025-11-17,2026-08-12,2026-08-17,5,OTA,USD,427.88,393.65,False,1968.25,True,True,False,False
BK03582,al-rashid charlotte,charlotte.al-rashid308@icloud.com,UK,vegetariana,2025-06-02,2026-08-12,2026-08-16,4,OTA,EUR,432.75,432.75,True,0.0,True,True,False,True
BK03583,sara wagner,sara.wagner251@yahoo.com,UAE,kosher,2025-12-04,2026-08-12,2026-08-16,4,OTA,EUR,441.21,441.21,False,1764.84,True,True,False,False
BK03584,anna schmidt,anna.schmidt730@yahoo.com,Spain,vegana,2026-06-24,2026-08-12,2026-08-18,6,direct,USD,431.47,396.95,False,2381.7,True,True,False,False
BK03585,james marino,james.marino672@outlook.com,UAE,vegana,2026-08-12,2026-08-12,2026-08-15,3,direct,USD,411.13,378.24,False,1134.72,True,True,False,False
BK03586,costa giorgia,giorgia.costa713@gmail.com,Germany,kosher,2026-08-12,2026-08-12,2026-08-16,4,direct,EUR,329.44,329.44,False,1317.76,True,True,False,False
BK03587,francesco novak,francesco.novak849@icloud.com,Italy,vegana,2025-12-28,2026-08-12,2026-08-14,2,direct,EUR,338.94,338.94,False,677.88,True,True,False,True
BK03588,charlotte muller,charlotte.muller520@gmail.com,Italy,senza glutine,2025-04-02,2026-08-12,2026-08-15,3,OTA,EUR,445.0,445.0,True,0.0,True,True,False,False
BK03589,nikolai weber,nikolai.weber131@icloud.com,Switzerland,vegetariana,2025-09-02,2026-08-12,2026-08-15,3,OTA,EUR,434.87,434.87,False,1304.61,True,True,False,False
BK03590,bernard erik,erik.bernard826@gmail.com,Italy,kosher,2026-08-13,2026-08-13,2026-08-17,4,OTA,EUR,400.78,400.78,False,1603.12,True,True,False,False
BK03591,klaus sokolov,klaus.sokolov901@outlook.com,Japan,pesce,2026-08-13,2026-08-13,2026-08-15,2,OTA,EUR,465.52,465.52,False,931.04,True,True,False,False
BK03592,arjun kobayashi,arjun.kobayashi277@outlook.com,USA,kosher,2026-08-13,2026-08-13,2026-08-15,2,direct,USD,352.14,323.97,False,647.94,True,True,False,False
BK03593,lefevre omar,omar.lefevre234@icloud.com,France,vegana,2025-02-11,2026-08-13,2026-08-17,4,direct,EUR,388.55,388.55,False,1554.2,True,True,False,False
BK03594,fernandez thomas,thomas.fernandez856@icloud.com,UK,internazionale,2026-08-13,2026-08-13,2026-08-15,2,OTA,EUR,366.27,366.27,False,732.54,True,True,False,False
BK03595,maria smith,maria.smith538@gmail.com,UK,senza glutine,2026-08-14,2026-08-14,2026-08-16,2,direct,EUR,445.5,445.5,False,891.0,True,True,False,False
BK03596,colombo robert,robert.colombo284@icloud.com,UAE,kosher,2024-12-26,2026-08-14,2026-08-21,7,direct,EUR,425.39,425.39,True,0.0,True,True,False,False
BK03597,marino matteo,matteo.marino229@yahoo.com,Spain,kosher,2026-08-14,2026-08-14,2026-08-17,3,OTA,EUR,437.26,437.26,False,1311.78,True,True,False,False
BK03598,anna kumar,anna.kumar571@icloud.com,Japan,halal,2026-08-14,2026-08-14,2026-08-18,4,direct,EUR,481.9,481.9,True,0.0,True,True,False,False
BK03599,conti valentina,valentina.conti334@outlook.com,UK,senza glutine,2026-08-14,2026-08-14,2026-08-18,4,OTA,EUR,392.09,392.09,False,1568.36,True,True,False,False
BK03600,chen paolo,paolo.chen352@gmail.com,UAE,halal,2026-08-14,2026-08-14,2026-08-18,4,direct,EUR,351.48,351.48,False,1405.92,True,True,False,False
BK03601,david nilsson,david.nilsson785@yahoo.com,UK,senza glutine,2026-08-15,2026-08-15,2026-08-16,1,OTA,EUR,448.63,448.63,False,448.63,True,True,False,False
BK03602,ricci valentina,valentina.ricci206@yahoo.com,Spain,vegana,2026-08-15,2026-08-15,2026-08-17,2,direct,EUR,361.73,361.73,False,723.46,True,True,False,False
BK03603,fischer patricia,patricia.fischer247@yahoo.com,Netherlands,internazionale,2025-09-29,2026-08-15,2026-08-18,3,direct,EUR,405.37,405.37,False,1216.11,True,True,False,True
BK03604,lopez patricia,patricia.lopez370@icloud.com,Japan,vegana,2026-08-15,2026-08-15,2026-08-17,2,direct,USD,387.94,356.9,False,713.8,True,True,False,False
BK03605,anna meyer,anna.meyer823@gmail.com,Netherlands,pesce,2026-08-15,2026-08-15,2026-08-17,2,OTA,EUR,393.9,393.9,False,787.8,True,True,False,False
BK03606,moreau olga,olga.moreau477@icloud.com,Germany,vegana,2026-08-15,2026-08-15,2026-08-19,4,direct,EUR,383.9,383.9,False,1535.6,True,True,False,False
BK03607,tanaka youssef,youssef.tanaka429@gmail.com,Germany,vegetariana,2025-01-12,2026-08-15,2026-08-18,3,OTA,EUR,474.18,474.18,False,1422.54,True,True,False,True
BK03608,ferrari john,john.ferrari864@gmail.com,Switzerland,vegetariana,2026-05-26,2026-08-15,2026-08-17,2,OTA,EUR,444.45,444.45,False,888.9,True,True,False,True
BK03609,francesco suzuki,francesco.suzuki870@gmail.com,USA,halal,2026-08-15,2026-08-15,2026-08-19,4,OTA,USD,403.55,371.27,True,0.0,True,True,False,False
BK03610,ananya dubois,ananya.dubois548@outlook.com,Italy,vegana,2025-11-03,2026-08-15,2026-08-18,3,OTA,EUR,445.02,445.02,False,1335.06,True,True,False,False
BK03611,dmitri sharma,dmitri.sharma62@outlook.com,Japan,senza glutine,2026-02-01,2026-08-16,2026-08-19,3,direct,USD,381.53,351.01,False,1053.03,True,True,False,True
BK03612,petrov sara,sara.petrov951@outlook.com,Italy,vegetariana,2025-08-12,2026-08-16,2026-08-18,2,OTA,EUR,427.22,427.22,False,854.44,True,True,False,True
BK03613,chen ekaterina,ekaterina.chen15@gmail.com,France,vegana,2026-08-16,2026-08-16,2026-08-21,5,OTA,EUR,460.05,460.05,False,2300.25,True,True,False,False
BK03614,petrov priya,priya.petrov299@outlook.com,USA,italiana,2026-08-16,2026-08-16,2026-08-19,3,direct,USD,363.23,334.17,False,1002.51,True,True,False,False
BK03615,matteo nakamura,matteo.nakamura330@outlook.com,Italy,senza glutine,2026-08-16,2026-08-16,2026-08-19,3,direct,EUR,395.46,395.46,False,1186.38,True,True,False,False
BK03616,romano william,william.romano812@icloud.com,Netherlands,italiana,2026-08-17,2026-08-17,2026-08-19,2,OTA,EUR,433.3,433.3,False,866.6,True,True,False,False
BK03617,bruno luca,luca.bruno671@gmail.com,USA,internazionale,2026-08-17,2026-08-17,2026-08-19,2,direct,EUR,400.65,400.65,False,801.3,True,True,False,False
BK03618,patel robert,robert.patel254@gmail.com,UAE,halal,2026-05-20,2026-08-17,2026-08-21,4,direct,EUR,329.79,329.79,False,1319.16,True,True,False,True
BK03619,alessandro colombo,alessandro.colombo101@outlook.com,Switzerland,internazionale,2026-08-18,2026-08-18,2026-08-21,3,OTA,EUR,423.0,423.0,False,1269.0,True,True,False,False
BK03620,klaus tanaka,klaus.tanaka245@icloud.com,UK,halal,2026-08-18,2026-08-18,2026-08-22,4,direct,EUR,460.43,460.43,False,1841.72,True,True,False,False
BK03621,layla watanabe,layla.watanabe593@gmail.com,Netherlands,vegetariana,2026-08-18,2026-08-18,2026-08-20,2,direct,EUR,449.25,449.25,False,898.5,True,True,False,False
BK03622,kaczmarek luca,luca.kaczmarek319@gmail.com,Spain,italiana,2025-07-30,2026-08-18,2026-08-22,4,OTA,EUR,449.37,449.37,False,1797.48,True,True,False,False
BK03623,greco priya,priya.greco958@outlook.com,Netherlands,senza glutine,2026-08-18,2026-08-18,2026-08-20,2,direct,EUR,397.08,397.08,False,794.16,True,True,False,False
BK03624,conti ingrid,ingrid.conti746@yahoo.com,France,vegana,2026-08-18,2026-08-18,2026-08-21,3,OTA,EUR,473.16,473.16,False,1419.48,True,True,False,False
BK03625,girard klaus,klaus.girard472@outlook.com,Germany,italiana,2025-06-24,2026-08-18,2026-08-24,6,OTA,EUR,492.51,492.51,False,2955.06,True,True,False,False
BK03626,carlos novak,carlos.novak532@icloud.com,Germany,senza glutine,2024-10-06,2026-08-19,2026-08-22,3,OTA,USD,421.95,388.19,False,1164.57,True,True,False,True
BK03627,kim paolo,paolo.kim56@yahoo.com,France,senza glutine,2026-08-19,2026-08-19,2026-08-21,2,OTA,EUR,418.57,418.57,False,837.14,True,True,False,False
BK03628,leroy sara,sara.leroy14@icloud.com,USA,kosher,2026-08-19,2026-08-19,2026-08-24,5,direct,USD,422.01,388.25,False,1941.25,True,True,False,False
BK03629,ekaterina garcia,ekaterina.garcia159@yahoo.com,UK,italiana,2026-08-19,2026-08-19,2026-08-22,3,OTA,EUR,375.19,375.19,True,0.0,True,True,False,False
BK03630,giorgia meyer,giorgia.meyer215@gmail.com,Netherlands,senza glutine,2026-08-19,2026-08-19,2026-08-23,4,OTA,USD,401.2,369.1,False,1476.4,True,True,False,False
BK03631,klaus nilsson,klaus.nilsson369@outlook.com,Spain,vegana,2026-08-19,2026-08-19,2026-08-23,4,direct,EUR,405.63,405.63,False,1622.52,True,True,False,False
BK03632,patricia smith,patricia.smith59@outlook.com,USA,senza glutine,2025-08-17,2026-08-19,2026-08-27,8,direct,EUR,483.95,483.95,False,3871.6,True,True,False,True
BK03633,giorgia kumar,giorgia.kumar119@yahoo.com,Switzerland,internazionale,2026-08-19,2026-08-19,2026-08-23,4,OTA,USD,431.72,397.18,False,1588.72,True,True,False,False
BK03634,bernard simone,simone.bernard75@gmail.com,UK,italiana,2026-08-19,2026-08-19,2026-08-23,4,direct,EUR,451.91,451.91,False,1807.64,True,True,False,False
BK03635,henri lefevre,henri.lefevre790@yahoo.com,France,vegana,2026-08-19,2026-08-19,2026-08-24,5,direct,EUR,339.77,339.77,False,1698.85,True,True,False,False
BK03636,carlos ferreira,carlos.ferreira598@icloud.com,USA,internazionale,2026-08-20,2026-08-20,2026-08-22,2,OTA,USD,385.41,354.58,False,709.16,True,True,False,False
BK03637,kowalski maria,maria.kowalski239@outlook.com,UAE,kosher,2026-08-20,2026-08-20,2026-08-22,2,OTA,EUR,402.32,402.32,True,0.0,True,True,False,False
BK03638,erik meyer,erik.meyer210@yahoo.com,Switzerland,vegana,2026-08-20,2026-08-20,2026-08-28,8,OTA,EUR,420.09,420.09,False,3360.72,True,True,False,False
BK03639,chiara nowak,chiara.nowak778@yahoo.com,Switzerland,italiana,2026-08-20,2026-08-20,2026-08-23,3,OTA,EUR,355.21,355.21,False,1065.63,True,True,False,False
BK03640,smith sophie,sophie.smith582@icloud.com,France,vegetariana,2026-08-20,2026-08-20,2026-08-22,2,direct,USD,388.17,357.12,False,714.24,True,True,False,False
BK03641,ahmed kobayashi,ahmed.kobayashi821@gmail.com,UAE,kosher,2026-08-20,2026-08-20,2026-08-23,3,OTA,EUR,439.36,439.36,False,1318.08,True,True,False,False
BK03642,andersen james,james.andersen500@yahoo.com,Germany,italiana,2026-08-20,2026-08-20,2026-08-27,7,OTA,EUR,514.99,514.99,False,3604.93,True,True,False,False
BK03643,al-rashid amelia,amelia.al-rashid983@gmail.com,USA,internazionale,2025-07-04,2026-08-21,2026-08-25,4,OTA,EUR,455.58,455.58,False,1822.32,True,True,False,True
BK03644,arjun ibrahim,arjun.ibrahim977@outlook.com,USA,pesce,2026-08-21,2026-08-21,2026-08-25,4,OTA,EUR,403.46,403.46,False,1613.84,True,True,False,False
BK03645,carlos lopez,carlos.lopez620@yahoo.com,Japan,internazionale,2026-06-16,2026-08-21,2026-08-24,3,direct,EUR,496.45,496.45,False,1489.35,True,True,False,True
BK03646,costa sara,sara.costa190@yahoo.com,Italy,halal,2026-08-21,2026-08-21,2026-08-23,2,OTA,EUR,436.21,436.21,False,872.42,True,True,False,False
BK03647,ibrahim olivia,olivia.ibrahim563@yahoo.com,Netherlands,kosher,2026-08-21,2026-08-21,2026-08-24,3,OTA,USD,448.62,412.73,False,1238.19,True,True,False,False
BK03648,diego patel,diego.patel286@yahoo.com,Switzerland,pesce,2026-08-21,2026-08-21,2026-08-26,5,direct,EUR,470.36,470.36,False,2351.8,True,True,False,False
BK03649,bruno omar,omar.bruno788@gmail.com,UK,pesce,2026-07-15,2026-08-21,2026-08-24,3,direct,EUR,432.62,432.62,False,1297.86,True,True,False,True
BK03650,kaczmarek youssef,youssef.kaczmarek497@outlook.com,USA,vegana,2026-08-21,2026-08-21,2026-08-23,2,OTA,EUR,404.3,404.3,False,808.6,True,True,False,False
BK03651,astrid leroy,astrid.leroy278@gmail.com,Japan,vegana,2026-08-21,2026-08-21,2026-08-24,3,direct,EUR,440.81,440.81,False,1322.43,True,True,True,False
BK03652,john singh,john.singh932@outlook.com,Italy,halal,2026-08-22,2026-08-22,2026-08-25,3,direct,EUR,396.97,396.97,False,1190.91,True,True,False,False
BK03653,greco sara,sara.greco202@icloud.com,UAE,internazionale,2026-08-22,2026-08-22,2026-08-24,2,OTA,EUR,473.26,473.26,False,946.52,True,True,False,False
BK03654,arjun chen,arjun.chen809@outlook.com,France,vegana,2026-08-22,2026-08-22,2026-08-23,1,direct,EUR,350.56,350.56,False,350.56,True,True,False,False
BK03655,alessandro dubois,alessandro.dubois571@icloud.com,France,internazionale,2026-08-22,2026-08-22,2026-08-27,5,OTA,EUR,404.87,404.87,False,2024.35,True,True,False,False
BK03656,rossi simone,simone.rossi882@outlook.com,USA,senza glutine,2026-08-22,2026-08-22,2026-08-25,3,direct,EUR,500.76,500.76,False,1502.28,True,True,False,False
BK03657,fatima sharma,fatima.sharma887@icloud.com,Italy,pesce,2026-08-22,2026-08-22,2026-08-27,5,OTA,EUR,423.75,423.75,False,2118.75,True,True,False,False
BK03658,romano valentina,valentina.romano965@yahoo.com,Spain,vegetariana,2026-08-22,2026-08-22,2026-08-25,3,direct,USD,404.45,372.09,False,1116.27,True,True,False,False
BK03659,conti giulia,giulia.conti250@outlook.com,UK,senza glutine,2025-12-28,2026-08-22,2026-08-25,3,direct,USD,415.37,382.14,False,1146.42,True,True,False,True
BK03660,marco schmidt,marco.schmidt979@outlook.com,UAE,senza glutine,2025-02-25,2026-08-22,2026-08-25,3,OTA,EUR,445.81,445.81,False,1337.43,True,True,False,False
BK03661,colombo james,james.colombo32@yahoo.com,Spain,internazionale,2026-08-23,2026-08-23,2026-08-26,3,direct,EUR,441.05,441.05,False,1323.15,True,True,False,False
BK03662,jean kobayashi,jean.kobayashi330@yahoo.com,UK,vegetariana,2026-08-23,2026-08-23,2026-08-26,3,direct,EUR,343.6,343.6,False,1030.8,True,True,False,False
BK03663,arjun colombo,arjun.colombo462@yahoo.com,Switzerland,vegetariana,2024-09-30,2026-08-23,2026-08-26,3,OTA,EUR,456.91,456.91,False,1370.73,True,True,False,True
BK03664,andersen federica,federica.andersen314@gmail.com,Spain,italiana,2026-08-23,2026-08-23,2026-08-25,2,OTA,USD,487.05,448.09,False,896.18,True,True,False,False
BK03665,laura ricci,laura.ricci489@yahoo.com,USA,senza glutine,2026-08-23,2026-08-23,2026-08-30,7,OTA,USD,476.71,438.57,False,3069.99,True,True,False,False
BK03666,marie petrov,marie.petrov10@gmail.com,UAE,vegetariana,2026-08-23,2026-08-23,2026-08-27,4,direct,EUR,409.08,409.08,False,1636.32,True,True,False,False
BK03667,moreau valentina,valentina.moreau8@gmail.com,Netherlands,kosher,2026-08-23,2026-08-23,2026-08-26,3,direct,EUR,384.94,384.94,False,1154.82,True,True,False,False
BK03668,diego park,diego.park449@gmail.com,Japan,italiana,2026-08-23,2026-08-23,2026-08-26,3,OTA,EUR,376.93,376.93,False,1130.79,True,True,False,False
BK03669,bruno robert,robert.bruno713@gmail.com,France,kosher,2025-09-13,2026-08-23,2026-08-26,3,direct,USD,328.66,302.37,False,907.11,True,True,False,True
BK03670,nikolai novak,nikolai.novak459@outlook.com,Japan,halal,2026-08-23,2026-08-23,2026-08-25,2,direct,EUR,387.96,387.96,False,775.92,True,True,False,False
BK03671,giorgia lefevre,giorgia.lefevre33@outlook.com,France,senza glutine,2025-10-02,2026-08-23,2026-08-25,2,direct,EUR,380.42,380.42,False,760.84,True,True,False,False
BK03672,bernard camille,camille.bernard783@yahoo.com,UK,vegana,2026-08-23,2026-08-23,2026-08-25,2,OTA,USD,454.36,418.01,False,836.02,True,True,False,False
BK03673,sara silva,sara.silva814@gmail.com,UAE,senza glutine,2026-07-08,2026-08-24,2026-08-26,2,direct,EUR,414.07,414.07,True,0.0,True,True,False,False
BK03674,astrid chen,astrid.chen899@icloud.com,UK,vegana,2025-06-19,2026-08-24,2026-08-27,3,direct,USD,373.61,343.72,False,1031.16,True,True,False,True
BK03675,alessandro leroy,alessandro.leroy397@yahoo.com,France,halal,2026-08-24,2026-08-24,2026-08-27,3,OTA,EUR,475.52,475.52,False,1426.56,True,True,False,False
BK03676,moreau silvia,silvia.moreau877@icloud.com,Japan,vegetariana,2026-08-24,2026-08-24,2026-08-26,2,OTA,EUR,394.99,394.99,True,0.0,True,True,False,False
BK03677,isabella watanabe,isabella.watanabe722@gmail.com,UAE,internazionale,2026-07-24,2026-08-24,2026-08-26,2,OTA,EUR,518.24,518.24,False,1036.48,True,True,False,True
BK03678,giorgia kobayashi,giorgia.kobayashi702@yahoo.com,Japan,kosher,2026-06-13,2026-08-24,2026-08-26,2,OTA,EUR,456.68,456.68,True,0.0,True,True,False,False
BK03679,ananya nakamura,ananya.nakamura661@icloud.com,UK,kosher,2026-08-24,2026-08-24,2026-08-27,3,OTA,USD,500.85,460.78,False,1382.34,True,True,False,False
BK03680,alessandro esposito,alessandro.esposito171@yahoo.com,Switzerland,italiana,2026-06-10,2026-08-24,2026-08-29,5,OTA,EUR,429.27,429.27,False,2146.35,True,True,False,False
BK03681,ahmed rossi,ahmed.rossi761@gmail.com,France,senza glutine,2026-04-28,2026-08-25,2026-08-28,3,direct,USD,427.2,393.02,False,1179.06,True,True,False,True
BK03682,elena johnson,elena.johnson737@outlook.com,Japan,italiana,2026-08-25,2026-08-25,2026-08-30,5,OTA,EUR,466.7,466.7,False,2333.5,True,True,False,False
BK03683,ferrari marie,marie.ferrari80@icloud.com,Spain,pesce,2026-08-25,2026-08-25,2026-08-28,3,OTA,EUR,354.32,354.32,False,1062.96,True,True,False,False
BK03684,al-rashid alessandro,alessandro.al-rashid445@icloud.com,Switzerland,internazionale,2026-08-25,2026-08-25,2026-08-28,3,direct,EUR,399.21,399.21,False,1197.63,True,True,False,False
BK03685,jean martinez,jean.martinez872@icloud.com,UK,italiana,2025-02-25,2026-08-25,2026-08-30,5,direct,EUR,447.56,447.56,False,2237.8,True,True,False,False
BK03686,jean sharma,jean.sharma958@icloud.com,Japan,vegana,2026-08-25,2026-08-25,2026-08-27,2,direct,EUR,393.52,393.52,False,787.04,True,True,False,False
BK03687,ekaterina nakamura,ekaterina.nakamura868@outlook.com,Spain,kosher,2026-08-25,2026-08-25,2026-08-28,3,OTA,EUR,420.45,420.45,True,0.0,True,True,False,False
BK03688,laura yamamoto,laura.yamamoto917@yahoo.com,USA,pesce,2026-02-12,2026-08-26,2026-08-28,2,OTA,USD,478.4,440.13,False,880.26,True,True,False,False
BK03689,marie park,marie.park339@yahoo.com,Italy,pesce,2026-08-26,2026-08-26,2026-08-29,3,direct,EUR,388.16,388.16,False,1164.48,True,True,False,False
BK03690,ferreira marie,marie.ferreira634@yahoo.com,France,kosher,2026-08-26,2026-08-26,2026-08-31,5,OTA,EUR,452.22,452.22,False,2261.1,True,True,False,False
BK03691,andrea nakamura,andrea.nakamura669@gmail.com,Netherlands,italiana,2026-08-26,2026-08-26,2026-08-31,5,direct,EUR,404.41,404.41,False,2022.05,True,True,False,False
BK03692,amelia colombo,amelia.colombo461@outlook.com,France,italiana,2026-08-26,2026-08-26,2026-08-31,5,OTA,EUR,422.94,422.94,False,2114.7,True,True,False,False
BK03693,andrea singh,andrea.singh976@outlook.com,Germany,vegana,2026-08-26,2026-08-26,2026-08-28,2,direct,EUR,452.53,452.53,False,905.06,True,True,False,False
BK03694,ingrid sharma,ingrid.sharma994@icloud.com,Italy,halal,2026-08-26,2026-08-26,2026-08-31,5,direct,EUR,355.13,355.13,False,1775.65,True,True,False,False
BK03695,amelia ferreira,amelia.ferreira102@icloud.com,Italy,vegana,2026-08-27,2026-08-27,2026-09-03,7,direct,EUR,413.34,413.34,False,2893.38,True,True,False,False
BK03696,patricia sokolov,patricia.sokolov430@yahoo.com,Italy,italiana,2026-08-27,2026-08-27,2026-08-30,3,OTA,EUR,367.38,367.38,False,1102.14,True,True,False,False
BK03697,camille fischer,camille.fischer329@outlook.com,Spain,italiana,2026-08-27,2026-08-27,2026-09-02,6,OTA,USD,415.53,382.29,False,2293.74,True,True,False,False
BK03698,erik silva,erik.silva9@yahoo.com,Japan,halal,2026-08-27,2026-08-27,2026-08-29,2,direct,EUR,393.11,393.11,False,786.22,True,True,False,False
BK03699,ferreira patricia,patricia.ferreira447@icloud.com,Italy,senza glutine,2025-07-10,2026-08-27,2026-08-30,3,OTA,USD,486.32,447.41,False,1342.23,True,True,False,True
BK03700,costa priya,priya.costa57@yahoo.com,France,internazionale,2026-08-27,2026-08-27,2026-08-30,3,OTA,EUR,409.1,409.1,False,1227.3,True,True,False,False
BK03701,muller thomas,thomas.muller941@yahoo.com,Italy,kosher,2025-05-22,2026-08-27,2026-08-30,3,direct,EUR,391.91,391.91,False,1175.73,True,True,False,False
BK03702,al-farsi francesco,francesco.al-farsi414@icloud.com,Switzerland,internazionale,2026-08-27,2026-08-27,2026-08-30,3,OTA,EUR,459.78,459.78,False,1379.34,True,True,False,False
BK03703,chiara fischer,chiara.fischer56@yahoo.com,Spain,internazionale,2026-08-27,2026-08-27,2026-08-30,3,OTA,EUR,415.81,415.81,False,1247.43,True,True,True,False
BK03704,luca popov,luca.popov139@icloud.com,UK,halal,2026-08-28,2026-08-28,2026-09-01,4,OTA,EUR,451.71,451.71,True,0.0,True,True,False,False
BK03705,silvia smith,silvia.smith851@gmail.com,UAE,halal,2025-09-16,2026-08-28,2026-08-31,3,OTA,EUR,494.23,494.23,False,1482.69,True,True,False,True
BK03706,giulia schmidt,giulia.schmidt480@gmail.com,UK,internazionale,2026-08-28,2026-08-28,2026-08-31,3,OTA,EUR,403.48,403.48,False,1210.44,True,True,False,False
BK03707,astrid hassan,astrid.hassan438@outlook.com,Spain,halal,2026-08-28,2026-08-28,2026-08-31,3,direct,EUR,412.83,412.83,True,0.0,True,True,False,False
BK03708,james popov,james.popov325@gmail.com,Netherlands,halal,2026-08-28,2026-08-28,2026-09-05,8,OTA,EUR,473.05,473.05,False,3784.4,True,True,False,False
BK03709,laura martinez,laura.martinez340@icloud.com,Italy,italiana,2026-08-28,2026-08-28,2026-08-31,3,OTA,USD,405.04,372.64,False,1117.92,True,True,False,False
BK03710,amelia garcia,amelia.garcia174@yahoo.com,Spain,senza glutine,2026-08-28,2026-08-28,2026-08-30,2,direct,EUR,330.41,330.41,False,660.82,True,True,False,False
BK03711,diego kim,diego.kim382@gmail.com,France,vegana,2025-06-05,2026-08-28,2026-08-31,3,direct,EUR,438.06,438.06,False,1314.18,True,True,False,True
BK03712,ahmed girard,ahmed.girard152@outlook.com,Japan,senza glutine,2026-08-28,2026-08-28,2026-08-30,2,direct,EUR,424.31,424.31,False,848.62,True,True,False,False
BK03713,erik lopez,erik.lopez42@outlook.com,USA,senza glutine,2026-08-28,2026-08-28,2026-08-29,1,direct,EUR,457.37,457.37,False,457.37,True,True,False,False
BK03714,novak yuki,yuki.novak871@icloud.com,Japan,halal,2026-08-29,2026-08-29,2026-09-03,5,OTA,USD,321.85,296.1,False,1480.5,True,True,False,False
BK03715,aiko nowak,aiko.nowak781@icloud.com,Netherlands,senza glutine,2026-08-29,2026-08-29,2026-08-31,2,OTA,EUR,458.35,458.35,True,0.0,True,True,False,False
BK03716,camille kim,camille.kim79@outlook.com,UAE,internazionale,2026-08-29,2026-08-29,2026-09-01,3,direct,EUR,499.45,499.45,False,1498.35,True,True,False,False
BK03717,federica smith,federica.smith225@icloud.com,Germany,italiana,2026-08-29,2026-08-29,2026-09-02,4,direct,EUR,390.93,390.93,False,1563.72,True,True,False,False
BK03718,robert suzuki,robert.suzuki204@gmail.com,Switzerland,vegana,2026-08-29,2026-08-29,2026-08-31,2,OTA,EUR,441.65,441.65,False,883.3,True,True,False,False
BK03719,arjun leroy,arjun.leroy784@yahoo.com,UK,italiana,2026-02-20,2026-08-29,2026-08-31,2,direct,EUR,432.76,432.76,False,865.52,True,True,False,True
BK03720,olivia yamamoto,olivia.yamamoto889@outlook.com,Italy,italiana,2026-08-29,2026-08-29,2026-09-01,3,direct,EUR,461.54,461.54,False,1384.62,True,True,False,False
BK03721,diego leroy,diego.leroy516@outlook.com,Japan,pesce,2026-08-29,2026-08-29,2026-09-04,6,OTA,EUR,431.9,431.9,True,0.0,True,True,False,False
BK03722,diego martinez,diego.martinez178@outlook.com,UK,vegana,2025-11-07,2026-08-29,2026-09-02,4,direct,EUR,476.35,476.35,False,1905.4,True,True,False,False
BK03723,anna petrov,anna.petrov694@icloud.com,UAE,pesce,2026-08-30,2026-08-30,2026-09-03,4,direct,EUR,342.58,342.58,False,1370.32,True,True,False,False
BK03724,al-farsi olga,olga.al-farsi41@outlook.com,UK,pesce,2025-09-16,2026-08-30,2026-09-02,3,direct,EUR,422.22,422.22,False,1266.66,True,True,False,True
BK03725,ahmed marino,ahmed.marino642@yahoo.com,Germany,pesce,2026-08-31,2026-08-31,2026-09-02,2,direct,EUR,437.82,437.82,False,875.64,True,True,False,False
BK03726,charlotte kobayashi,charlotte.kobayashi237@outlook.com,France,vegetariana,2026-08-31,2026-08-31,2026-09-03,3,direct,EUR,334.47,334.47,True,0.0,True,True,False,False
BK03727,ananya chen,ananya.chen791@yahoo.com,Switzerland,internazionale,2026-08-31,2026-08-31,2026-09-04,4,direct,EUR,383.14,383.14,False,1532.56,True,True,False,False
BK03728,greco isabella,isabella.greco17@icloud.com,Japan,kosher,2025-03-04,2026-08-31,2026-09-04,4,direct,EUR,328.2,328.2,False,1312.8,True,True,False,True
BK03729,ibrahim yuki,yuki.ibrahim13@yahoo.com,Japan,kosher,2025-09-21,2026-09-01,2026-09-05,4,direct,EUR,409.04,409.04,False,1636.16,True,True,False,True
BK03730,petrov valentina,valentina.petrov269@outlook.com,UK,internazionale,2026-09-01,2026-09-01,2026-09-05,4,OTA,EUR,452.19,452.19,False,1808.76,True,True,False,False
BK03731,layla martinez,layla.martinez978@gmail.com,Japan,internazionale,2026-09-01,2026-09-01,2026-09-04,3,direct,EUR,388.15,388.15,False,1164.45,True,True,False,False
BK03732,kaczmarek pierre,pierre.kaczmarek684@yahoo.com,Spain,italiana,2026-09-01,2026-09-01,2026-09-05,4,OTA,EUR,457.27,457.27,False,1829.08,True,True,False,False
BK03733,amelia smith,amelia.smith71@gmail.com,France,kosher,2026-09-01,2026-09-01,2026-09-03,2,OTA,EUR,469.96,469.96,False,939.92,True,True,False,False
BK03734,charlotte nowak,charlotte.nowak849@outlook.com,Switzerland,internazionale,2026-09-01,2026-09-01,2026-09-03,2,direct,EUR,379.6,379.6,False,759.2,True,True,False,False
BK03735,lopez silvia,silvia.lopez337@icloud.com,Spain,vegana,2026-09-02,2026-09-02,2026-09-10,8,OTA,EUR,504.65,504.65,False,4037.2,True,True,False,False
BK03736,conti paolo,paolo.conti94@icloud.com,Germany,vegetariana,2026-09-02,2026-09-02,2026-09-05,3,direct,EUR,443.85,443.85,False,1331.55,True,True,False,False
BK03737,astrid petrov,astrid.petrov10@outlook.com,Japan,italiana,2026-09-02,2026-09-02,2026-09-05,3,OTA,EUR,407.72,407.72,False,1223.16,True,True,False,False
BK03738,andersen andrea,andrea.andersen91@yahoo.com,USA,italiana,2025-12-23,2026-09-02,2026-09-06,4,OTA,USD,368.43,338.96,False,1355.84,True,True,False,True
BK03739,ahmed petrov,ahmed.petrov210@gmail.com,UK,internazionale,2026-09-02,2026-09-02,2026-09-06,4,OTA,EUR,389.87,389.87,False,1559.48,True,True,False,False
BK03740,alessandro lefevre,alessandro.lefevre142@icloud.com,UK,vegana,2026-09-02,2026-09-02,2026-09-06,4,direct,EUR,393.99,393.99,False,1575.96,True,True,False,False
BK03741,ingrid watanabe,ingrid.watanabe334@icloud.com,Japan,halal,2026-07-13,2026-09-02,2026-09-04,2,direct,EUR,456.87,456.87,False,913.74,True,True,False,True
BK03742,girard lucia,lucia.girard177@outlook.com,France,kosher,2026-09-02,2026-09-02,2026-09-06,4,direct,EUR,465.94,465.94,True,0.0,True,True,False,False
BK03743,singh sophie,sophie.singh73@gmail.com,Switzerland,vegana,2026-07-06,2026-09-02,2026-09-05,3,direct,EUR,472.08,472.08,False,1416.24,True,True,True,False
BK03744,bernard fatima,fatima.bernard880@outlook.com,Japan,internazionale,2026-09-03,2026-09-03,2026-09-05,2,direct,EUR,420.87,420.87,False,841.74,True,True,False,False
BK03745,laura watanabe,laura.watanabe591@icloud.com,Switzerland,halal,2026-09-03,2026-09-03,2026-09-07,4,direct,USD,340.63,313.38,False,1253.52,True,True,False,False
BK03746,aiko martinez,aiko.martinez986@yahoo.com,France,kosher,2025-11-09,2026-09-03,2026-09-05,2,OTA,EUR,348.57,348.57,False,697.14,True,True,False,True
BK03747,matteo petrov,matteo.petrov602@yahoo.com,Germany,halal,2026-09-03,2026-09-03,2026-09-09,6,direct,EUR,495.18,495.18,False,2971.08,True,True,False,False
BK03748,olivia patel,olivia.patel516@gmail.com,Germany,italiana,2026-09-03,2026-09-03,2026-09-07,4,direct,EUR,377.39,377.39,False,1509.56,True,True,False,False
BK03749,andrea muller,andrea.muller984@yahoo.com,UAE,pesce,2026-01-12,2026-09-03,2026-09-05,2,OTA,EUR,372.26,372.26,False,744.52,True,True,False,True
BK03750,popov william,william.popov455@gmail.com,Switzerland,vegetariana,2026-09-03,2026-09-03,2026-09-07,4,OTA,EUR,478.58,478.58,False,1914.32,True,True,False,False
BK03751,al-farsi erik,erik.al-farsi894@gmail.com,Japan,vegetariana,2025-03-13,2026-09-03,2026-09-06,3,direct,EUR,444.23,444.23,False,1332.69,True,True,False,False
BK03752,fernandez simone,simone.fernandez546@outlook.com,Japan,vegetariana,2026-09-03,2026-09-03,2026-09-06,3,direct,EUR,342.26,342.26,True,0.0,True,True,False,False
BK03753,dmitri kobayashi,dmitri.kobayashi875@yahoo.com,UAE,halal,2026-02-17,2026-09-03,2026-09-07,4,OTA,USD,431.72,397.18,False,1588.72,True,True,False,False
BK03754,colombo fatima,fatima.colombo6@outlook.com,Germany,italiana,2026-09-04,2026-09-04,2026-09-08,4,OTA,EUR,412.75,412.75,False,1651.0,True,True,False,False
BK03755,camille novak,camille.novak489@gmail.com,Japan,halal,2026-09-04,2026-09-04,2026-09-10,6,OTA,EUR,449.33,449.33,False,2695.98,True,True,False,False
BK03756,amelia tanaka,amelia.tanaka134@outlook.com,Switzerland,italiana,2026-09-04,2026-09-04,2026-09-05,1,direct,EUR,418.36,418.36,False,418.36,True,True,False,False
BK03757,kumar robert,robert.kumar841@gmail.com,USA,kosher,2025-06-07,2026-09-04,2026-09-12,8,direct,EUR,391.47,391.47,True,0.0,True,True,False,False
BK03758,james kaczmarek,james.kaczmarek357@icloud.com,Switzerland,pesce,2026-09-04,2026-09-04,2026-09-08,4,direct,EUR,432.25,432.25,False,1729.0,True,True,False,False
BK03759,dmitri yamamoto,dmitri.yamamoto887@gmail.com,France,halal,2025-04-05,2026-09-04,2026-09-06,2,direct,EUR,387.23,387.23,False,774.46,True,True,False,False
BK03760,arjun bianchi,arjun.bianchi816@gmail.com,Switzerland,halal,2026-09-04,2026-09-04,2026-09-07,3,OTA,EUR,383.79,383.79,False,1151.37,True,True,False,False
BK03761,greco william,william.greco902@yahoo.com,USA,internazionale,2024-09-10,2026-09-05,2026-09-09,4,OTA,EUR,458.67,458.67,True,0.0,True,True,False,True
BK03762,dubois elena,elena.dubois912@yahoo.com,Spain,vegana,2026-09-05,2026-09-05,2026-09-07,2,direct,EUR,400.24,400.24,False,800.48,True,True,False,False
BK03763,pierre watanabe,pierre.watanabe584@outlook.com,UK,vegetariana,2026-09-05,2026-09-05,2026-09-08,3,OTA,EUR,374.85,374.85,False,1124.55,True,True,False,False
BK03764,isabella sharma,isabella.sharma834@gmail.com,Spain,pesce,2026-09-06,2026-09-06,2026-09-09,3,OTA,EUR,404.73,404.73,False,1214.19,True,True,False,False
BK03765,girard marie,marie.girard948@yahoo.com,UAE,senza glutine,2026-09-06,2026-09-06,2026-09-09,3,OTA,EUR,386.13,386.13,False,1158.39,True,True,False,False
BK03766,nakamura paolo,paolo.nakamura215@outlook.com,Italy,italiana,2026-09-06,2026-09-06,2026-09-08,2,OTA,EUR,364.23,364.23,False,728.46,True,True,False,False
BK03767,nilsson olga,olga.nilsson370@yahoo.com,France,senza glutine,2026-09-06,2026-09-06,2026-09-08,2,OTA,EUR,439.09,439.09,False,878.18,True,True,False,False
BK03768,dubois robert,robert.dubois735@yahoo.com,Germany,vegetariana,2026-06-19,2026-09-06,2026-09-10,4,direct,EUR,426.23,426.23,False,1704.92,True,True,False,True
BK03769,aiko weber,aiko.weber785@icloud.com,Switzerland,vegana,2026-09-06,2026-09-06,2026-09-10,4,OTA,EUR,456.53,456.53,False,1826.12,True,True,False,False
BK03770,ivanov olivia,olivia.ivanov757@gmail.com,France,vegetariana,2026-09-06,2026-09-06,2026-09-10,4,direct,USD,489.83,450.64,False,1802.56,True,True,False,False
BK03771,paolo silva,paolo.silva160@gmail.com,UAE,vegetariana,2026-09-06,2026-09-06,2026-09-11,5,direct,EUR,472.71,472.71,False,2363.55,True,True,False,False
BK03772,chiara johnson,chiara.johnson325@yahoo.com,France,vegetariana,2026-09-06,2026-09-06,2026-09-11,5,direct,EUR,444.43,444.43,True,0.0,True,True,False,False
BK03773,james nakamura,james.nakamura187@outlook.com,Germany,italiana,2025-06-20,2026-09-06,2026-09-11,5,direct,EUR,508.06,508.06,False,2540.3,True,True,False,True
BK03774,kenji lefevre,kenji.lefevre782@icloud.com,UAE,halal,2026-09-06,2026-09-06,2026-09-09,3,OTA,EUR,464.18,464.18,False,1392.54,True,True,False,False
BK03775,elena sokolov,elena.sokolov471@outlook.com,UK,internazionale,2025-05-20,2026-09-06,2026-09-10,4,direct,EUR,355.86,355.86,False,1423.44,True,True,False,False
BK03776,andersen arjun,arjun.andersen886@outlook.com,Italy,halal,2026-09-07,2026-09-07,2026-09-11,4,OTA,EUR,390.23,390.23,False,1560.92,True,True,False,False
BK03777,arjun kaczmarek,arjun.kaczmarek519@icloud.com,France,vegana,2026-09-07,2026-09-07,2026-09-10,3,OTA,EUR,450.31,450.31,False,1350.93,True,True,False,False
BK03778,kumar valentina,valentina.kumar742@outlook.com,Germany,kosher,2026-09-07,2026-09-07,2026-09-10,3,direct,USD,391.58,360.25,True,0.0,True,True,False,False
BK03779,marco nowak,marco.nowak992@outlook.com,Italy,italiana,2026-09-07,2026-09-07,2026-09-09,2,direct,EUR,401.25,401.25,True,0.0,True,True,False,False
BK03780,girard marco,marco.girard90@gmail.com,Japan,pesce,2026-09-07,2026-09-07,2026-09-14,7,OTA,EUR,419.66,419.66,True,0.0,True,True,False,False
BK03781,chiara costa,chiara.costa425@icloud.com,Spain,vegana,2026-09-07,2026-09-07,2026-09-13,6,direct,EUR,445.96,445.96,False,2675.76,True,True,False,False
BK03782,olivia smith,olivia.smith874@outlook.com,Italy,kosher,2026-09-07,2026-09-07,2026-09-09,2,OTA,EUR,439.59,439.59,False,879.18,True,True,False,False
BK03783,elena ibrahim,elena.ibrahim451@yahoo.com,Japan,italiana,2026-04-05,2026-09-07,2026-09-08,1,OTA,EUR,414.59,414.59,False,414.59,True,True,False,False
BK03784,omar wagner,omar.wagner569@icloud.com,UK,kosher,2026-09-07,2026-09-07,2026-09-09,2,direct,EUR,385.04,385.04,False,770.08,True,True,False,False
BK03785,anna romano,anna.romano109@outlook.com,USA,vegana,2026-09-07,2026-09-07,2026-09-09,2,direct,USD,355.19,326.77,False,653.54,True,True,False,False
BK03786,giulia lopez,giulia.lopez394@outlook.com,Spain,internazionale,2026-09-08,2026-09-08,2026-09-11,3,OTA,EUR,427.2,427.2,False,1281.6,True,True,False,False
BK03787,patricia ricci,patricia.ricci786@gmail.com,Italy,internazionale,2026-09-08,2026-09-08,2026-09-11,3,direct,EUR,402.14,402.14,False,1206.42,True,True,False,False
BK03788,tanaka valentina,valentina.tanaka154@yahoo.com,Spain,kosher,2026-06-08,2026-09-08,2026-09-11,3,direct,EUR,449.45,449.45,False,1348.35,True,True,False,True
BK03789,andersen sara,sara.andersen309@outlook.com,UK,vegana,2026-09-08,2026-09-08,2026-09-11,3,OTA,EUR,454.4,454.4,False,1363.2,True,True,False,False
BK03790,david nakamura,david.nakamura898@gmail.com,Japan,kosher,2026-09-08,2026-09-08,2026-09-11,3,OTA,EUR,501.05,501.05,False,1503.15,True,True,False,False
BK03791,andersen william,william.andersen74@yahoo.com,UAE,internazionale,2026-09-08,2026-09-08,2026-09-10,2,direct,EUR,373.29,373.29,False,746.58,True,True,False,False
BK03792,dmitri kowalski,dmitri.kowalski104@yahoo.com,UAE,halal,2026-09-08,2026-09-08,2026-09-09,1,direct,USD,421.65,387.92,False,387.92,True,True,False,False
BK03793,omar yamamoto,omar.yamamoto212@yahoo.com,Switzerland,vegetariana,2024-10-16,2026-09-08,2026-09-13,5,OTA,EUR,489.68,489.68,False,2448.4,True,True,False,True
BK03794,klein lucia,lucia.klein354@icloud.com,France,internazionale,2026-09-09,2026-09-09,2026-09-12,3,direct,EUR,476.42,476.42,False,1429.26,True,True,False,False
BK03795,al-rashid federica,federica.al-rashid702@yahoo.com,Netherlands,vegana,2026-09-09,2026-09-09,2026-09-11,2,OTA,EUR,414.16,414.16,False,828.32,True,True,False,False
BK03796,erik petrov,erik.petrov825@gmail.com,Italy,italiana,2026-09-09,2026-09-09,2026-09-13,4,direct,EUR,368.63,368.63,False,1474.52,True,True,False,False
BK03797,laura lopez,laura.lopez214@gmail.com,UK,kosher,2026-09-09,2026-09-09,2026-09-12,3,OTA,EUR,453.22,453.22,False,1359.66,True,True,False,False
BK03798,paolo park,paolo.park118@yahoo.com,Japan,halal,2026-09-09,2026-09-09,2026-09-10,1,direct,EUR,432.56,432.56,False,432.56,True,True,False,False
BK03799,al-farsi chiara,chiara.al-farsi832@gmail.com,UK,internazionale,2026-09-09,2026-09-09,2026-09-13,4,direct,EUR,451.74,451.74,False,1806.96,True,True,False,False
BK03800,wagner william,william.wagner845@gmail.com,Netherlands,senza glutine,2026-09-09,2026-09-09,2026-09-14,5,direct,EUR,367.97,367.97,True,0.0,True,True,False,False
BK03801,andrea chen,andrea.chen862@icloud.com,Spain,italiana,2026-09-09,2026-09-09,2026-09-12,3,direct,USD,370.59,340.94,False,1022.82,True,True,True,False
BK03802,al-farsi layla,layla.al-farsi790@outlook.com,Italy,vegetariana,2025-07-21,2026-09-09,2026-09-13,4,OTA,EUR,345.2,345.2,False,1380.8,True,True,False,False
BK03803,al-rashid robert,robert.al-rashid91@icloud.com,UK,italiana,2026-09-09,2026-09-09,2026-09-13,4,OTA,EUR,442.5,442.5,False,1770.0,True,True,False,False
BK03804,olivia schmidt,olivia.schmidt64@gmail.com,Spain,senza glutine,2025-06-13,2026-09-10,2026-09-13,3,OTA,EUR,413.72,413.72,False,1241.16,True,True,False,True
BK03805,patricia yamamoto,patricia.yamamoto170@icloud.com,Germany,kosher,2025-12-14,2026-09-10,2026-09-12,2,direct,EUR,476.84,476.84,False,953.68,True,True,False,False
BK03806,emma silva,emma.silva924@yahoo.com,France,senza glutine,2026-04-02,2026-09-10,2026-09-15,5,OTA,USD,425.86,391.79,False,1958.95,True,True,False,False
BK03807,colombo sara,sara.colombo415@gmail.com,USA,senza glutine,2026-08-08,2026-09-10,2026-09-15,5,OTA,EUR,418.8,418.8,False,2094.0,True,True,False,False
