guest_name,email,country,prima_visita,cibo_preferito
Petrov Youssef,youssef.petrov350@yahoo.com,France,2025-09-27,pesce
ingrid silva,ingrid.silva428@outlook.com,Japan,2026-07-05,senza glutine
KENJI MOREAU,kenji.moreau765@outlook.com,Spain,2025-07-17,senza glutine
  Marco Romano  ,marco.romano41@gmail.com,Spain,2026-06-15,kosher
omar yamamoto,omar.yamamoto212@yahoo.com,Switzerland,2024-10-16,vegetariana
Amelia Schmidt,amelia.schmidt452@yahoo.com,Netherlands,2025-06-01,kosher
Ivanov Olga,olga.ivanov98@gmail.com,UK,2024-11-09,vegetariana
ISABELLA KOWALSKI,isabella.kowalski570@gmail.com,Germany,2024-09-25,italiana
Jean Costa,jean.costa295@icloud.com,Germany,2026-07-31,halal
astrid colombo,astrid.colombo270@gmail.com,USA,2026-03-04,internazionale
Valentina Nowak,valentina.nowak107@gmail.com,Spain,2025-12-14,vegana
john kumar,john.kumar343@icloud.com,Spain,2025-09-26,senza glutine
NIKOLAI CONTI,nikolai.conti561@gmail.com,USA,2025-10-31,vegana
Olga Schmidt,olga.schmidt197@icloud.com,Netherlands,2025-12-21,senza glutine
Emma Kaczmarek,emma.kaczmarek396@gmail.com,Switzerland,2026-06-15,italiana
giulia meyer,giulia.meyer391@yahoo.com,Japan,2025-11-30,vegana
dmitri muller,dmitri.muller221@icloud.com,Japan,2026-04-08,kosher
Laura Ivanov,laura.ivanov467@icloud.com,USA,2025-05-13,kosher
ROBERT SUZUKI,robert.suzuki204@gmail.com,Switzerland,2026-08-29,vegana
Patricia Costa,patricia.costa745@outlook.com,Spain,2024-09-25,senza glutine
PATRICIA PARK,patricia.park534@icloud.com,Switzerland,2025-07-15,internazionale
CHIARA SINGH,chiara.singh907@icloud.com,UK,2026-07-13,pesce
ERIK NOVAK,erik.novak197@yahoo.com,Netherlands,2025-01-23,pesce
anna conti,anna.conti348@gmail.com,USA,2024-12-22,vegetariana
Fatima Schmidt,fatima.schmidt975@yahoo.com,Germany,2025-07-04,italiana
Park Youssef,youssef.park850@icloud.com,UAE,2025-08-05,italiana
OLIVIA POPOV,olivia.popov99@gmail.com,UAE,2026-08-07,kosher
WILLIAM COLOMBO,william.colombo837@gmail.com,Germany,2026-06-20,halal
william martinez,william.martinez927@yahoo.com,Germany,2025-08-23,italiana
Fischer Chiara,chiara.fischer56@yahoo.com,Spain,2026-08-27,internazionale
  Ekaterina Park  ,ekaterina.park262@icloud.com,Italy,2025-12-23,kosher
CHIARA WEBER,chiara.weber891@yahoo.com,Spain,2026-07-08,vegana
Patricia Nilsson,patricia.nilsson468@outlook.com,Netherlands,2025-04-05,internazionale
Romano Kenji,kenji.romano191@icloud.com,Italy,2025-09-04,vegana
Youssef Watanabe,youssef.watanabe191@yahoo.com,UK,2024-09-24,pesce
  Amelia Ricci  ,amelia.ricci671@icloud.com,USA,2024-09-14,halal
jean bernard,jean.bernard498@gmail.com,Italy,2026-02-20,vegetariana
AIKO SILVA,aiko.silva690@yahoo.com,USA,2024-12-11,pesce
Layla Moreau,layla.moreau837@yahoo.com,Italy,2025-10-07,italiana
FRANCESCO AL-RASHID,francesco.al-rashid482@outlook.com,Spain,2026-02-09,vegana
matteo romano,matteo.romano756@yahoo.com,USA,2024-09-26,internazionale
  Amelia Suzuki  ,amelia.suzuki621@yahoo.com,Germany,2025-08-15,internazionale
  Ananya Sokolov  ,ananya.sokolov285@icloud.com,UAE,2026-01-27,vegana
  Klaus Bruno  ,klaus.bruno945@yahoo.com,Italy,2026-07-17,vegana
Diego Smith,diego.smith777@gmail.com,Germany,2025-06-01,senza glutine
DIEGO KIM,diego.kim843@yahoo.com,Netherlands,2026-08-28,kosher
Camille Wagner,camille.wagner554@yahoo.com,USA,2026-06-24,italiana
Silvia Conti,silvia.conti398@yahoo.com,Germany,2025-12-27,vegetariana
FRANCESCO YAMAMOTO,francesco.yamamoto15@yahoo.com,Spain,2025-07-18,kosher
LAURA KLEIN,laura.klein380@yahoo.com,Netherlands,2026-02-26,vegana
Youssef Suzuki,youssef.suzuki296@outlook.com,UAE,2026-06-10,pesce
giorgia hassan,giorgia.hassan836@icloud.com,Italy,2025-06-03,internazionale
  Olga Nilsson  ,olga.nilsson370@yahoo.com,France,2026-09-06,senza glutine
charlotte dubois,charlotte.dubois330@gmail.com,UAE,2026-07-26,vegetariana
  Olga Park  ,olga.park376@gmail.com,Germany,2025-09-02,senza glutine
Patricia Suzuki,patricia.suzuki917@icloud.com,USA,2026-03-11,vegana
Aiko Watanabe,aiko.watanabe984@gmail.com,Netherlands,2025-09-21,italiana
simone esposito,simone.esposito226@outlook.com,Italy,2026-04-21,kosher
erik sokolov,erik.sokolov854@outlook.com,Spain,2026-06-15,kosher
  Silvia Sharma  ,silvia.sharma800@icloud.com,Switzerland,2024-09-21,italiana
ahmed conti,ahmed.conti922@yahoo.com,Netherlands,2024-11-10,halal
Nakamura James,james.nakamura187@outlook.com,Germany,2025-06-20,italiana
Kaczmarek Francesco,francesco.kaczmarek965@icloud.com,Netherlands,2026-07-30,halal
Chiara Leroy,chiara.leroy648@yahoo.com,Netherlands,2025-07-21,vegana
LAURA KOBAYASHI,laura.kobayashi642@gmail.com,UAE,2026-07-15,kosher
ISABELLA BIANCHI,isabella.bianchi678@outlook.com,Germany,2025-08-22,italiana
David Al-Farsi,david.al-farsi627@yahoo.com,UAE,2025-05-22,halal
  Matteo Yamamoto  ,matteo.yamamoto497@icloud.com,UAE,2026-07-22,senza glutine
GIULIA KLEIN,giulia.klein844@gmail.com,Switzerland,2025-10-21,halal
Giorgia Silva,giorgia.silva658@icloud.com,Italy,2025-07-02,vegana
Kim Yuki,yuki.kim780@yahoo.com,Spain,2024-10-03,pesce
  Kenji Costa  ,kenji.costa682@outlook.com,Spain,2024-12-07,italiana
Sophie Leroy,sophie.leroy254@gmail.com,UAE,2024-12-21,vegetariana
  Giulia Al-Farsi  ,giulia.al-farsi317@icloud.com,USA,2025-07-04,vegetariana
astrid bernard,astrid.bernard21@gmail.com,Netherlands,2025-12-05,vegana
giorgia nilsson,giorgia.nilsson993@gmail.com,USA,2025-06-06,vegetariana
  Silvia Schmidt  ,silvia.schmidt398@yahoo.com,Spain,2024-10-26,senza glutine
  Ananya Bianchi  ,ananya.bianchi770@yahoo.com,France,2025-04-26,halal
Laura Weber,laura.weber434@gmail.com,Netherlands,2025-07-26,halal
  Robert Dubois  ,robert.dubois50@icloud.com,Netherlands,2026-09-06,kosher
VALENTINA SOKOLOV,valentina.sokolov255@yahoo.com,Switzerland,2025-07-18,vegana
Suzuki Diego,diego.suzuki616@yahoo.com,Switzerland,2024-11-21,internazionale
JEAN SMITH,jean.smith526@gmail.com,Italy,2025-11-12,halal
Amelia Klein,amelia.klein908@yahoo.com,Germany,2026-07-31,kosher
Matteo Wagner,matteo.wagner144@outlook.com,USA,2026-05-20,italiana
  Fatima Meyer  ,fatima.meyer806@yahoo.com,USA,2026-06-20,vegana
  Henri Fischer  ,henri.fischer1@outlook.com,Switzerland,2026-08-05,senza glutine
KLAUS PATEL,klaus.patel829@gmail.com,Germany,2025-12-20,vegana
Andersen Arjun,arjun.andersen886@outlook.com,Italy,2026-09-07,halal
ARJUN SMITH,arjun.smith444@gmail.com,Japan,2024-09-26,senza glutine
Conti Fatima,fatima.conti936@outlook.com,Switzerland,2026-06-19,vegana
LUCA AL-FARSI,luca.al-farsi242@outlook.com,Germany,2026-06-30,internazionale
  Pierre Wagner  ,pierre.wagner757@icloud.com,USA,2026-07-30,senza glutine
SARA FERRARI,sara.ferrari548@yahoo.com,Netherlands,2025-08-30,italiana
PIERRE LOPEZ,pierre.lopez238@outlook.com,France,2026-05-21,pesce
  John Ferreira  ,john.ferreira872@gmail.com,Spain,2025-02-08,vegana
Silvia Kowalski,silvia.kowalski614@yahoo.com,Germany,2025-12-03,internazionale
ANDREA TANAKA,andrea.tanaka248@yahoo.com,Japan,2025-07-01,vegana
  Valentina Hassan  ,valentina.hassan323@outlook.com,UK,2025-11-29,italiana
Pierre Nilsson,pierre.nilsson725@gmail.com,UK,2026-01-18,internazionale
  Emma Greco  ,emma.greco81@icloud.com,USA,2025-06-25,italiana
  Youssef Colombo  ,youssef.colombo658@yahoo.com,Japan,2025-03-03,kosher
SARA IBRAHIM,sara.ibrahim475@icloud.com,USA,2025-06-13,vegana
HENRI IBRAHIM,henri.ibrahim159@yahoo.com,France,2026-01-05,internazionale
GIULIA MULLER,giulia.muller800@icloud.com,Netherlands,2026-01-19,italiana
Fatima Nilsson,fatima.nilsson138@icloud.com,USA,2026-03-31,italiana
FATIMA KLEIN,fatima.klein287@icloud.com,USA,2024-12-15,italiana
ANDREA SUZUKI,andrea.suzuki721@gmail.com,USA,2026-06-11,italiana
GIORGIA RICCI,giorgia.ricci601@outlook.com,Spain,2026-02-01,senza glutine
Ahmed Kim,ahmed.kim205@gmail.com,France,2024-09-25,pesce
giulia sharma,giulia.sharma87@outlook.com,Spain,2025-06-20,kosher
Klaus Meyer,klaus.meyer636@icloud.com,UAE,2025-08-24,internazionale
nikolai lefevre,nikolai.lefevre862@gmail.com,Spain,2025-07-02,senza glutine
Matteo Conti,matteo.conti732@icloud.com,UK,2024-12-10,italiana
Ahmed Chen,ahmed.chen370@outlook.com,Netherlands,2025-02-22,halal
john andersen,john.andersen568@icloud.com,UK,2024-09-22,pesce
Klaus Leroy,klaus.leroy835@yahoo.com,Switzerland,2024-11-25,pesce
Aiko Park,aiko.park705@icloud.com,UK,2025-04-27,italiana
MARIA FISCHER,maria.fischer102@gmail.com,UK,2026-06-12,vegana
  Kenji Klein  ,kenji.klein803@gmail.com,UAE,2025-09-23,internazionale
Andersen Layla,layla.andersen52@outlook.com,USA,2025-08-03,halal
Marco Greco,marco.greco920@icloud.com,Switzerland,2026-01-03,pesce
Leroy Giulia,giulia.leroy311@icloud.com,Italy,2025-09-30,senza glutine
Lefevre Anna,anna.lefevre135@outlook.com,France,2024-12-17,vegetariana
patricia petrov,patricia.petrov376@icloud.com,Switzerland,2025-03-10,kosher
Dmitri Lopez,dmitri.lopez913@icloud.com,USA,2025-03-10,halal
OLIVIA NOWAK,olivia.nowak908@icloud.com,USA,2025-12-02,vegetariana
Lefevre Carlos,carlos.lefevre584@icloud.com,Netherlands,2025-08-21,vegana
EMMA SCHMIDT,emma.schmidt149@outlook.com,UAE,2025-07-15,vegana
Charlotte Silva,charlotte.silva345@outlook.com,Italy,2025-10-16,senza glutine
Andrea Nakamura,andrea.nakamura669@gmail.com,Netherlands,2026-08-26,italiana
MATTEO KUMAR,matteo.kumar588@outlook.com,Spain,2025-06-09,halal
Pierre Ferrari,pierre.ferrari543@yahoo.com,Japan,2025-09-20,vegana
Sara Smith,sara.smith185@outlook.com,France,2025-08-31,pesce
OLGA SINGH,olga.singh614@gmail.com,France,2026-03-04,kosher
marie leroy,marie.leroy377@gmail.com,UAE,2026-03-19,internazionale
NIKOLAI DUBOIS,nikolai.dubois825@icloud.com,Netherlands,2026-03-17,vegana
AIKO JOHNSON,aiko.johnson287@icloud.com,France,2025-02-15,senza glutine
Astrid Greco,astrid.greco827@icloud.com,USA,2025-08-15,internazionale
patricia novak,patricia.novak921@icloud.com,Italy,2026-06-07,internazionale
Muller Ekaterina,ekaterina.muller170@icloud.com,Italy,2025-07-12,halal
LUCIA GIRARD,lucia.girard177@outlook.com,France,2026-09-02,kosher
MARIA NOVAK,maria.novak393@yahoo.com,Italy,2025-07-04,pesce
Tanaka David,david.tanaka910@icloud.com,France,2025-09-08,pesce
diego ferreira,diego.ferreira409@yahoo.com,Switzerland,2025-08-28,italiana
Thomas Fischer,thomas.fischer762@gmail.com,USA,2025-08-07,kosher
ALESSANDRO JOHNSON,alessandro.johnson689@outlook.com,Netherlands,2026-06-25,pesce
Silva Silvia,silvia.silva565@gmail.com,Germany,2024-12-29,pesce
Amelia Conti,amelia.conti562@icloud.com,USA,2025-10-29,halal
Meyer William,william.meyer607@gmail.com,UAE,2025-12-11,vegana
Bruno Henri,henri.bruno389@outlook.com,USA,2026-06-27,vegana
YUKI GRECO,yuki.greco566@outlook.com,France,2025-12-06,pesce
Youssef Kaczmarek,youssef.kaczmarek497@outlook.com,USA,2026-08-21,vegana
  Nikolai Tanaka  ,nikolai.tanaka227@yahoo.com,Germany,2026-07-08,pesce
James Lefevre,james.lefevre783@icloud.com,Japan,2025-06-26,internazionale
FATIMA HASSAN,fatima.hassan66@outlook.com,Japan,2026-07-02,kosher
SOPHIE SMITH,sophie.smith582@icloud.com,France,2026-08-20,vegetariana
ingrid chen,ingrid.chen87@yahoo.com,Japan,2025-04-17,senza glutine
andrea bianchi,andrea.bianchi783@yahoo.com,USA,2025-12-07,vegetariana
SIMONE FERRARI,simone.ferrari741@yahoo.com,Germany,2025-05-14,senza glutine
PRIYA YAMAMOTO,priya.yamamoto485@yahoo.com,Germany,2025-12-26,halal
EKATERINA GIRARD,ekaterina.girard388@outlook.com,Italy,2024-11-26,halal
LUCIA SCHMIDT,lucia.schmidt235@icloud.com,UK,2026-03-23,kosher
ASTRID SMITH,astrid.smith179@gmail.com,Spain,2025-08-01,kosher
Omar Rossi,omar.rossi543@gmail.com,Netherlands,2025-11-19,pesce
David Esposito,david.esposito935@icloud.com,Spain,2024-09-22,internazionale
hans kaczmarek,hans.kaczmarek672@yahoo.com,Italy,2026-02-09,pesce
MARCO AL-FARSI,marco.al-farsi730@icloud.com,Switzerland,2025-09-08,internazionale
priya novak,priya.novak22@outlook.com,Switzerland,2025-12-14,halal
James Nowak,james.nowak311@gmail.com,USA,2025-06-10,vegetariana
Olivia Weber,olivia.weber558@yahoo.com,Spain,2024-12-24,halal
SOPHIE KLEIN,sophie.klein74@gmail.com,USA,2025-08-08,vegetariana
ERIK BERNARD,erik.bernard826@gmail.com,Italy,2026-08-13,kosher
jean nakamura,jean.nakamura960@gmail.com,USA,2025-03-16,vegana
chiara patel,chiara.patel525@icloud.com,UK,2026-01-18,italiana
MARIA KACZMAREK,maria.kaczmarek422@yahoo.com,Switzerland,2024-10-09,vegana
Greco James,james.greco921@icloud.com,France,2026-03-05,senza glutine
ANDREA AL-RASHID,andrea.al-rashid667@outlook.com,UK,2025-03-28,vegetariana
AHMED SINGH,ahmed.singh254@yahoo.com,Spain,2025-08-16,kosher
Valentina Bianchi,valentina.bianchi308@gmail.com,Germany,2025-07-06,pesce
Giorgia Andersen,giorgia.andersen517@icloud.com,Spain,2024-12-08,italiana
FEDERICA DUBOIS,federica.dubois707@outlook.com,Germany,2025-06-24,vegana
Kenji Sharma,kenji.sharma34@outlook.com,Switzerland,2025-06-27,senza glutine
silvia singh,silvia.singh593@outlook.com,UAE,2025-09-21,vegetariana
priya costa,priya.costa57@yahoo.com,France,2026-08-27,internazionale
FATIMA KOBAYASHI,fatima.kobayashi94@yahoo.com,Netherlands,2025-08-26,italiana
JEAN NOWAK,jean.nowak302@icloud.com,Switzerland,2026-07-29,vegetariana
DMITRI TANAKA,dmitri.tanaka213@icloud.com,Spain,2025-08-21,senza glutine
Johnson Pierre,pierre.johnson473@icloud.com,Germany,2024-12-05,vegetariana
Marco Kowalski,marco.kowalski773@gmail.com,UAE,2025-03-19,pesce
ARJUN SUZUKI,arjun.suzuki989@gmail.com,Netherlands,2025-07-25,vegetariana
simone garcia,simone.garcia36@yahoo.com,Switzerland,2025-06-14,kosher
lucia ibrahim,lucia.ibrahim109@gmail.com,Switzerland,2026-07-05,halal
chiara conti,chiara.conti405@icloud.com,Netherlands,2026-01-21,kosher
Layla Petrov,layla.petrov508@yahoo.com,Switzerland,2025-11-09,internazionale
CAMILLE NOWAK,camille.nowak566@yahoo.com,UK,2025-09-05,internazionale
Ivanov Anna,anna.ivanov750@icloud.com,Japan,2025-07-20,italiana
  Luca Ferrari  ,luca.ferrari587@outlook.com,Italy,2025-12-08,italiana
Chiara Kaczmarek,chiara.kaczmarek591@icloud.com,Switzerland,2024-12-14,pesce
laura al-farsi,laura.al-farsi89@yahoo.com,Italy,2025-01-03,kosher
PAOLO COSTA,paolo.costa815@icloud.com,France,2025-06-03,vegetariana
EKATERINA RICCI,ekaterina.ricci299@icloud.com,France,2025-01-13,halal
Bianchi Matteo,matteo.bianchi154@gmail.com,France,2026-01-19,kosher
  Henri Al-Farsi  ,henri.al-farsi602@outlook.com,Japan,2024-09-22,internazionale
  Hans Nilsson  ,hans.nilsson554@yahoo.com,Germany,2025-01-01,senza glutine
ELENA SINGH,elena.singh527@gmail.com,UK,2026-07-23,italiana
PATRICIA RICCI,patricia.ricci786@gmail.com,Italy,2026-09-08,internazionale
  Patricia Bernard  ,patricia.bernard221@outlook.com,USA,2025-09-03,vegetariana
NIKOLAI SCHMIDT,nikolai.schmidt761@yahoo.com,France,2025-09-07,internazionale
Ananya Johnson,ananya.johnson713@yahoo.com,Switzerland,2026-05-05,halal
Simone Romano,simone.romano453@outlook.com,Switzerland,2024-09-28,kosher
ELENA GARCIA,elena.garcia709@gmail.com,UK,2025-08-04,internazionale
  William Marino  ,william.marino224@icloud.com,Spain,2024-12-02,kosher
AHMED FISCHER,ahmed.fischer82@yahoo.com,Switzerland,2025-07-22,internazionale
Charlotte Nowak,charlotte.nowak849@outlook.com,Switzerland,2026-09-01,internazionale
  Nikolai Ferreira  ,nikolai.ferreira752@icloud.com,USA,2026-04-13,halal
astrid petrov,astrid.petrov10@outlook.com,Japan,2026-09-02,italiana
Ibrahim Elena,elena.ibrahim451@yahoo.com,Japan,2026-04-05,italiana
MATTEO SUZUKI,matteo.suzuki277@gmail.com,Japan,2025-12-06,senza glutine
astrid greco,astrid.greco571@yahoo.com,UAE,2026-04-14,vegetariana
AMELIA SOKOLOV,amelia.sokolov902@gmail.com,Italy,2025-12-31,italiana
john girard,john.girard201@icloud.com,France,2025-08-23,internazionale
KLAUS KOWALSKI,klaus.kowalski418@gmail.com,UK,2025-05-26,italiana
Olga Greco,olga.greco476@yahoo.com,Switzerland,2025-09-20,senza glutine
  John Suzuki  ,john.suzuki766@yahoo.com,France,2025-04-19,pesce
Klaus Kumar,klaus.kumar109@icloud.com,UAE,2025-09-03,senza glutine
OMAR IBRAHIM,omar.ibrahim674@yahoo.com,Japan,2024-12-25,italiana
Kenji Ivanov,kenji.ivanov877@icloud.com,Netherlands,2025-10-26,halal
Novak Silvia,silvia.novak927@yahoo.com,Italy,2025-04-04,pesce
Park Sara,sara.park245@gmail.com,Spain,2025-05-27,kosher
Dmitri Silva,dmitri.silva522@yahoo.com,Germany,2025-09-09,vegetariana
  Jean Lopez  ,jean.lopez859@outlook.com,Switzerland,2025-01-03,pesce
Greco Sara,sara.greco202@icloud.com,UAE,2026-08-22,internazionale
Marie Ivanov,marie.ivanov353@yahoo.com,Netherlands,2025-08-14,internazionale
INGRID ANDERSEN,ingrid.andersen494@outlook.com,Switzerland,2025-06-28,senza glutine
HENRI LEROY,henri.leroy611@gmail.com,Germany,2024-09-24,kosher
Pierre Silva,pierre.silva380@outlook.com,Switzerland,2026-06-23,pesce
Alessandro Garcia,alessandro.garcia758@gmail.com,UAE,2025-12-15,vegetariana
  Ananya Weber  ,ananya.weber370@yahoo.com,Spain,2025-07-30,vegetariana
Ingrid Klein,ingrid.klein587@gmail.com,Italy,2025-04-04,kosher
Anna Wagner,anna.wagner718@outlook.com,Japan,2026-04-04,pesce
  Arjun Kobayashi  ,arjun.kobayashi277@outlook.com,USA,2026-08-13,kosher
ALESSANDRO BIANCHI,alessandro.bianchi411@outlook.com,Switzerland,2025-07-12,kosher
  Carlos Suzuki  ,carlos.suzuki274@icloud.com,UK,2024-12-19,internazionale
charlotte watanabe,charlotte.watanabe956@outlook.com,Germany,2024-12-06,internazionale
ALESSANDRO WAGNER,alessandro.wagner7@outlook.com,Netherlands,2024-09-13,pesce
Layla Bernard,layla.bernard683@yahoo.com,France,2026-04-03,senza glutine
Isabella Greco,isabella.greco523@gmail.com,UK,2026-08-31,pesce
Isabella Sharma,isabella.sharma834@gmail.com,Spain,2026-09-06,pesce
  Arjun Watanabe  ,arjun.watanabe651@yahoo.com,France,2026-05-17,halal
priya kaczmarek,priya.kaczmarek225@gmail.com,UAE,2025-01-03,vegana
  Olivia Yamamoto  ,olivia.yamamoto889@outlook.com,Italy,2026-08-29,italiana
Sokolov Olivia,olivia.sokolov433@gmail.com,Netherlands,2025-06-16,italiana
  Marco Suzuki  ,marco.suzuki880@gmail.com,Germany,2025-06-19,senza glutine
GIULIA ROMANO,giulia.romano144@outlook.com,USA,2026-01-31,vegana
William Bianchi,william.bianchi536@gmail.com,Germany,2024-10-08,vegetariana
dmitri novak,dmitri.novak195@gmail.com,USA,2026-06-15,vegana
sara andersen,sara.andersen309@outlook.com,UK,2026-09-08,vegana
  Federica Nakamura  ,federica.nakamura331@gmail.com,UK,2026-05-07,italiana
William Tanaka,william.tanaka492@icloud.com,USA,2026-05-14,italiana
ahmed romano,ahmed.romano706@gmail.com,Germany,2025-07-17,vegetariana
KLAUS YAMAMOTO,klaus.yamamoto882@icloud.com,Switzerland,2024-10-27,vegana
Priya Ricci,priya.ricci645@yahoo.com,Switzerland,2026-05-26,halal
Henri Petrov,henri.petrov732@gmail.com,USA,2025-11-30,halal
PATRICIA ESPOSITO,patricia.esposito403@gmail.com,Spain,2026-07-26,vegana
Simone Watanabe,simone.watanabe562@outlook.com,Germany,2024-12-10,pesce
Alessandro Suzuki,alessandro.suzuki437@icloud.com,USA,2025-06-04,vegetariana
GIORGIA BIANCHI,giorgia.bianchi427@icloud.com,UK,2025-07-02,pesce
Robert Bruno,robert.bruno666@yahoo.com,France,2026-01-26,halal
EMMA MARTINEZ,emma.martinez592@gmail.com,UK,2026-05-21,halal
Carlos Lopez,carlos.lopez393@yahoo.com,Japan,2026-08-21,internazionale
SARA FERREIRA,sara.ferreira871@gmail.com,Switzerland,2025-05-29,vegana
Kobayashi Patricia,patricia.kobayashi153@yahoo.com,Germany,2025-09-06,pesce
Ingrid Nowak,ingrid.nowak330@gmail.com,Spain,2024-09-24,vegetariana
ANDREA POPOV,andrea.popov255@icloud.com,Spain,2025-04-13,italiana
Francesco Schmidt,francesco.schmidt278@yahoo.com,UAE,2025-07-09,halal
INGRID ROSSI,ingrid.rossi554@gmail.com,Spain,2025-11-26,vegetariana
AMELIA LOPEZ,amelia.lopez121@yahoo.com,Japan,2025-08-26,italiana
Patricia Suzuki,patricia.suzuki169@yahoo.com,France,2025-07-04,internazionale
Luca Romano,luca.romano411@yahoo.com,UK,2025-12-14,senza glutine
Carlos Yamamoto,carlos.yamamoto342@yahoo.com,Switzerland,2026-06-16,vegana
Pierre Singh,pierre.singh577@gmail.com,Netherlands,2025-03-31,vegana
ISABELLA KLEIN,isabella.klein717@icloud.com,Netherlands,2025-06-23,internazionale
  William Klein  ,william.klein786@outlook.com,UAE,2026-02-19,senza glutine
Elena Romano,elena.romano711@gmail.com,Netherlands,2026-05-10,vegetariana
Elena Watanabe,elena.watanabe656@gmail.com,Germany,2026-06-14,halal
sara kowalski,sara.kowalski832@gmail.com,Germany,2025-02-24,kosher
henri weber,henri.weber989@gmail.com,Japan,2025-09-29,senza glutine
Rossi Marie,marie.rossi743@outlook.com,Germany,2026-07-22,senza glutine
JEAN FERNANDEZ,jean.fernandez538@icloud.com,Italy,2025-07-18,halal
Anna Kim,anna.kim649@icloud.com,Netherlands,2025-08-06,vegetariana
PAOLO CONTI,paolo.conti94@icloud.com,Germany,2026-09-02,vegetariana
  Jean Singh  ,jean.singh468@icloud.com,UAE,2024-12-08,vegana
ANNA DUBOIS,anna.dubois197@outlook.com,Japan,2026-02-20,vegetariana
Erik Kobayashi,erik.kobayashi524@gmail.com,USA,2026-06-27,vegetariana
Federica Fischer,federica.fischer680@icloud.com,Germany,2024-12-27,kosher
  Francesco Watanabe  ,francesco.watanabe655@icloud.com,Netherlands,2026-03-01,italiana
Thomas Martinez,thomas.martinez742@yahoo.com,Germany,2025-08-25,senza glutine
marco al-rashid,marco.al-rashid926@yahoo.com,USA,2026-06-28,senza glutine
francesco yamamoto,francesco.yamamoto837@outlook.com,Germany,2026-07-25,vegana
Francesco Lopez,francesco.lopez991@gmail.com,France,2026-07-08,pesce
JOHN LEFEVRE,john.lefevre200@yahoo.com,France,2024-10-25,vegetariana
hans ferrari,hans.ferrari261@icloud.com,Netherlands,2026-04-17,vegana
Martinez Silvia,silvia.martinez400@icloud.com,Germany,2026-08-01,internazionale
CHARLOTTE LEROY,charlotte.leroy679@yahoo.com,France,2025-12-12,internazionale
Chiara Kobayashi,chiara.kobayashi611@icloud.com,Germany,2025-12-02,vegana
  Pierre Marino  ,pierre.marino828@outlook.com,UAE,2024-10-04,italiana
ARJUN BRUNO,arjun.bruno717@yahoo.com,Germany,2026-06-30,italiana
klaus ibrahim,klaus.ibrahim744@gmail.com,UK,2024-10-05,italiana
chiara leroy,chiara.leroy962@yahoo.com,Netherlands,2025-06-08,vegetariana
Charlotte Bianchi,charlotte.bianchi206@yahoo.com,Japan,2026-08-04,kosher
PATRICIA FISCHER,patricia.fischer927@icloud.com,Germany,2026-08-15,senza glutine
Elena Dubois,elena.dubois912@yahoo.com,Spain,2026-09-05,vegana
WILLIAM BERNARD,william.bernard50@outlook.com,Spain,2025-08-29,internazionale
chiara rossi,chiara.rossi133@gmail.com,Spain,2025-01-20,halal
Andersen Francesco,francesco.andersen752@gmail.com,Japan,2025-09-03,kosher
sophie kaczmarek,sophie.kaczmarek639@yahoo.com,UK,2024-12-03,vegetariana
  Priya Wagner  ,priya.wagner281@yahoo.com,Italy,2026-07-08,italiana
  Astrid Esposito  ,astrid.esposito396@icloud.com,Japan,2025-10-21,vegana
lucia bianchi,lucia.bianchi534@gmail.com,USA,2025-07-24,italiana
  Aiko Muller  ,aiko.muller757@icloud.com,France,2024-11-11,senza glutine
Erik Popov,erik.popov317@icloud.com,UK,2025-07-24,kosher
KLAUS KACZMAREK,klaus.kaczmarek448@yahoo.com,Switzerland,2026-07-05,senza glutine
  Dmitri Kobayashi  ,dmitri.kobayashi875@yahoo.com,UAE,2026-02-17,halal
erik marino,erik.marino249@gmail.com,Switzerland,2024-11-14,senza glutine
Olga Ferreira,olga.ferreira435@gmail.com,USA,2025-01-01,pesce
HANS WEBER,hans.weber350@yahoo.com,Switzerland,2025-07-18,pesce
AIKO PATEL,aiko.patel113@yahoo.com,Germany,2024-12-02,senza glutine
sara colombo,sara.colombo415@gmail.com,USA,2026-08-08,senza glutine
Novak Francesco,francesco.novak849@icloud.com,Italy,2025-12-28,vegana
NIKOLAI YAMAMOTO,nikolai.yamamoto640@outlook.com,UK,2024-11-27,kosher
Fatima Ferreira,fatima.ferreira378@gmail.com,USA,2026-05-21,senza glutine
hans bruno,hans.bruno382@gmail.com,Germany,2025-07-06,halal
Federica Costa,federica.costa129@yahoo.com,UAE,2025-04-04,vegana
Youssef Kobayashi,youssef.kobayashi910@gmail.com,USA,2025-10-31,vegetariana
Jean Fischer,jean.fischer576@yahoo.com,Spain,2024-09-16,pesce
Paolo Yamamoto,paolo.yamamoto236@icloud.com,Japan,2025-08-23,kosher
Rossi Olga,olga.rossi445@outlook.com,USA,2026-06-24,internazionale
Marie Dubois,marie.dubois211@icloud.com,Germany,2026-08-05,pesce
NIKOLAI WATANABE,nikolai.watanabe314@yahoo.com,Japan,2025-06-23,halal
Nikolai Nowak,nikolai.nowak788@gmail.com,France,2025-12-23,halal
  Chiara Ricci  ,chiara.ricci487@gmail.com,Spain,2025-03-15,internazionale
Robert Ivanov,robert.ivanov26@icloud.com,Japan,2025-10-20,vegana
  Ahmed Bianchi  ,ahmed.bianchi864@outlook.com,UK,2025-04-14,vegana
Meyer Yuki,yuki.meyer198@gmail.com,Spain,2025-11-02,vegetariana
dmitri kaczmarek,dmitri.kaczmarek504@outlook.com,France,2025-01-14,vegana
olivia schmidt,olivia.schmidt801@outlook.com,Germany,2026-08-11,vegetariana
chiara sharma,chiara.sharma165@icloud.com,USA,2026-07-15,senza glutine
Arjun Novak,arjun.novak71@outlook.com,Netherlands,2025-06-20,pesce
AMELIA FERNANDEZ,amelia.fernandez650@gmail.com,Germany,2026-05-09,internazionale
Ekaterina Conti,ekaterina.conti66@outlook.com,USA,2024-11-28,italiana
Jean Schmidt,jean.schmidt531@icloud.com,Italy,2026-03-30,kosher
Lucia Watanabe,lucia.watanabe539@yahoo.com,Italy,2025-05-15,kosher
William Bruno,william.bruno12@icloud.com,Japan,2024-12-19,senza glutine
ananya tanaka,ananya.tanaka8@yahoo.com,Italy,2026-01-21,vegana
Federica Nakamura,federica.nakamura772@outlook.com,France,2025-08-25,vegetariana
sara girard,sara.girard225@gmail.com,France,2025-09-25,internazionale
FRANCESCO FISCHER,francesco.fischer302@icloud.com,Spain,2025-09-20,kosher
VALENTINA MARTINEZ,valentina.martinez539@outlook.com,Netherlands,2024-10-20,vegetariana
PRIYA SCHMIDT,priya.schmidt464@outlook.com,UAE,2024-10-11,vegana
AHMED KOWALSKI,ahmed.kowalski798@icloud.com,USA,2025-12-02,kosher
patricia yamamoto,patricia.yamamoto170@icloud.com,Germany,2025-12-14,kosher
Ananya Nowak,ananya.nowak390@icloud.com,Germany,2024-10-06,pesce
ELENA KOWALSKI,elena.kowalski901@gmail.com,France,2025-07-11,italiana
Klaus Marino,klaus.marino321@outlook.com,Japan,2025-12-08,senza glutine
Anna Muller,anna.muller159@gmail.com,Netherlands,2025-12-30,halal
Erik Lefevre,erik.lefevre221@gmail.com,Italy,2026-06-16,halal
Hans Ferrari,hans.ferrari705@icloud.com,France,2025-08-01,internazionale
Luca Leroy,luca.leroy60@yahoo.com,Switzerland,2025-10-07,senza glutine
LAURA GRECO,laura.greco710@yahoo.com,UK,2025-11-09,vegetariana
  Diego Watanabe  ,diego.watanabe24@icloud.com,France,2025-06-08,senza glutine
hans watanabe,hans.watanabe680@outlook.com,USA,2024-10-13,internazionale
alessandro greco,alessandro.greco595@yahoo.com,Italy,2024-09-12,pesce
isabella kim,isabella.kim475@yahoo.com,Germany,2026-06-20,vegetariana
  David Weber  ,david.weber761@yahoo.com,Spain,2025-02-14,senza glutine
Erik Suzuki,erik.suzuki996@outlook.com,Japan,2025-12-17,vegetariana
hans johnson,hans.johnson917@outlook.com,Spain,2025-11-08,senza glutine
Layla Al-Farsi,layla.al-farsi790@outlook.com,Italy,2025-07-21,vegetariana
LAURA NILSSON,laura.nilsson683@gmail.com,France,2026-06-18,vegana
Dubois Paolo,paolo.dubois253@gmail.com,Japan,2026-02-12,internazionale
giorgia greco,giorgia.greco732@icloud.com,Germany,2024-09-21,pesce
Olivia Moreau,olivia.moreau234@icloud.com,Switzerland,2026-05-09,italiana
Silva Henri,henri.silva691@gmail.com,France,2025-09-13,internazionale
SIMONE MARINO,simone.marino505@icloud.com,Switzerland,2025-06-25,kosher
Aiko Wagner,aiko.wagner562@gmail.com,Italy,2026-03-15,kosher
elena bruno,elena.bruno39@outlook.com,Italy,2026-01-29,senza glutine
Ekaterina Fernandez,ekaterina.fernandez594@gmail.com,UK,2025-06-07,halal
AMELIA SMITH,amelia.smith71@gmail.com,France,2026-09-01,kosher
ISABELLA FERRARI,isabella.ferrari405@yahoo.com,Italy,2025-12-26,internazionale
nikolai martinez,nikolai.martinez68@yahoo.com,Germany,2025-12-05,kosher
Ivanov Carlos,carlos.ivanov296@gmail.com,USA,2024-10-31,italiana
Ananya Hassan,ananya.hassan165@yahoo.com,USA,2025-05-12,senza glutine
Novak Isabella,isabella.novak806@gmail.com,USA,2025-08-14,vegetariana
ASTRID POPOV,astrid.popov482@outlook.com,Italy,2025-12-17,italiana
silvia smith,silvia.smith851@gmail.com,UAE,2025-09-16,halal
  Nikolai Muller  ,nikolai.muller465@outlook.com,UAE,2026-04-24,halal
priya marino,priya.marino121@icloud.com,Netherlands,2025-04-23,vegetariana
ahmed martinez,ahmed.martinez55@yahoo.com,Italy,2026-02-16,vegana
  Omar Smith  ,omar.smith65@yahoo.com,France,2026-06-10,italiana
  Marie Smith  ,marie.smith67@gmail.com,Switzerland,2026-04-26,italiana
Schmidt Youssef,youssef.schmidt801@yahoo.com,France,2026-05-02,halal
ERIK YAMAMOTO,erik.yamamoto658@yahoo.com,Germany,2026-07-16,internazionale
Klaus Garcia,klaus.garcia559@icloud.com,UK,2024-11-16,internazionale
Marco Tanaka,marco.tanaka341@gmail.com,Germany,2026-02-10,kosher
Elena Johnson,elena.johnson737@outlook.com,Japan,2026-08-25,italiana
Sophie Petrov,sophie.petrov38@yahoo.com,Japan,2025-11-04,halal
  Marco Park  ,marco.park759@outlook.com,Spain,2025-03-05,pesce
Erik Petrov,erik.petrov825@gmail.com,Italy,2026-09-09,italiana
olivia wagner,olivia.wagner989@gmail.com,Netherlands,2025-01-17,internazionale
amelia dubois,amelia.dubois146@icloud.com,Germany,2025-06-19,vegetariana
Isabella Fernandez,isabella.fernandez575@outlook.com,France,2025-01-14,vegetariana
Fatima Tanaka,fatima.tanaka607@gmail.com,France,2025-08-23,vegana
layla nilsson,layla.nilsson486@yahoo.com,France,2025-07-31,internazionale
Dmitri Bruno,dmitri.bruno759@outlook.com,France,2025-09-05,vegana
Lefevre Youssef,youssef.lefevre578@gmail.com,Switzerland,2026-08-05,vegetariana
andrea kumar,andrea.kumar568@icloud.com,Switzerland,2025-08-30,kosher
Ananya Nilsson,ananya.nilsson310@icloud.com,Spain,2025-09-17,halal
  Pierre Bernard  ,pierre.bernard741@yahoo.com,Switzerland,2026-07-15,halal
Elena Suzuki,elena.suzuki847@outlook.com,Italy,2026-06-11,italiana
Robert Ferreira,robert.ferreira234@gmail.com,France,2025-03-29,italiana
GIORGIA MOREAU,giorgia.moreau980@gmail.com,Japan,2024-09-16,senza glutine
Giulia Rossi,giulia.rossi174@yahoo.com,Netherlands,2025-12-16,kosher
MARIA ROSSI,maria.rossi974@yahoo.com,Japan,2026-06-24,vegetariana
Layla Park,layla.park851@yahoo.com,France,2025-10-12,senza glutine
Patricia Al-Rashid,patricia.al-rashid610@gmail.com,Spain,2025-02-26,senza glutine
Paolo Hassan,paolo.hassan75@outlook.com,Spain,2026-03-31,senza glutine
Giorgia Dubois,giorgia.dubois539@icloud.com,Italy,2026-01-11,kosher
Meyer Amelia,amelia.meyer289@yahoo.com,Germany,2025-10-26,vegetariana
omar leroy,omar.leroy787@icloud.com,Netherlands,2026-07-03,internazionale
  Giulia Kumar  ,giulia.kumar465@gmail.com,France,2026-05-17,internazionale
Bernard Francesco,francesco.bernard346@outlook.com,Germany,2026-01-09,pesce
hans nakamura,hans.nakamura238@gmail.com,Germany,2026-01-06,vegana
matteo watanabe,matteo.watanabe366@gmail.com,Switzerland,2026-01-03,vegetariana
  Silvia Kim  ,silvia.kim16@gmail.com,UK,2025-09-22,halal
Camille Kobayashi,camille.kobayashi242@outlook.com,France,2025-08-23,senza glutine
Ferreira Isabella,isabella.ferreira716@outlook.com,Japan,2026-02-24,halal
Giorgia Patel,giorgia.patel945@yahoo.com,UAE,2025-12-07,halal
  Federica Bernard  ,federica.bernard786@outlook.com,Germany,2025-09-05,italiana
Dmitri Leroy,dmitri.leroy881@yahoo.com,France,2024-12-15,senza glutine
Olga Garcia,olga.garcia282@icloud.com,Japan,2026-02-16,halal
marie muller,marie.muller302@outlook.com,Germany,2025-12-25,halal
emma ivanov,emma.ivanov511@yahoo.com,UK,2025-06-23,senza glutine
Erik Ibrahim,erik.ibrahim947@outlook.com,Japan,2025-06-30,italiana
Anna Popov,anna.popov276@icloud.com,Italy,2025-04-06,italiana
arjun chen,arjun.chen809@outlook.com,France,2026-08-22,vegana
Diego Nilsson,diego.nilsson195@gmail.com,Italy,2026-07-02,italiana
Sophie Patel,sophie.patel159@yahoo.com,France,2025-10-21,italiana
ekaterina johnson,ekaterina.johnson15@outlook.com,Spain,2025-07-22,senza glutine
  Luca Garcia  ,luca.garcia64@gmail.com,UK,2026-03-26,vegetariana
Carlos Singh,carlos.singh977@icloud.com,USA,2025-09-23,halal
JAMES POPOV,james.popov325@gmail.com,Netherlands,2026-08-28,halal
John Meyer,john.meyer313@yahoo.com,Germany,2024-10-15,internazionale
ANANYA IVANOV,ananya.ivanov689@yahoo.com,Switzerland,2024-09-27,internazionale
  Carlos Andersen  ,carlos.andersen554@icloud.com,Germany,2025-10-30,pesce
dmitri chen,dmitri.chen416@yahoo.com,Germany,2025-02-17,senza glutine
Amelia Al-Farsi,amelia.al-farsi953@gmail.com,Japan,2025-12-04,internazionale
HANS KLEIN,hans.klein474@gmail.com,Italy,2026-05-14,senza glutine
  Priya Silva  ,priya.silva103@gmail.com,Germany,2024-12-21,vegetariana
paolo martinez,paolo.martinez837@yahoo.com,Italy,2025-08-11,internazionale
KENJI AL-FARSI,kenji.al-farsi137@outlook.com,Italy,2026-02-01,italiana
Marie Costa,marie.costa133@outlook.com,UK,2026-06-19,senza glutine
ROBERT NAKAMURA,robert.nakamura619@yahoo.com,UAE,2025-09-08,vegana
MARCO LEROY,marco.leroy545@outlook.com,France,2025-02-20,pesce
VALENTINA LEFEVRE,valentina.lefevre11@icloud.com,USA,2025-11-17,kosher
  Marco Ivanov  ,marco.ivanov955@outlook.com,Spain,2025-08-18,pesce
henri hassan,henri.hassan133@gmail.com,Germany,2026-05-03,halal
  Omar Hassan  ,omar.hassan475@outlook.com,UK,2025-10-15,senza glutine
Lucia Watanabe,lucia.watanabe869@icloud.com,Italy,2025-05-12,internazionale
LUCIA YAMAMOTO,lucia.yamamoto335@gmail.com,Netherlands,2026-04-14,italiana
DIEGO ANDERSEN,diego.andersen206@gmail.com,UK,2025-09-18,vegana
erik patel,erik.patel321@gmail.com,Germany,2025-01-20,halal
Luca Ibrahim,luca.ibrahim805@icloud.com,Switzerland,2025-10-24,vegana
DAVID NILSSON,david.nilsson785@yahoo.com,UK,2026-08-15,senza glutine
Giulia Lefevre,giulia.lefevre485@gmail.com,Germany,2026-02-20,internazionale
Jean Silva,jean.silva867@gmail.com,Italy,2025-06-01,italiana
ANDREA GARCIA,andrea.garcia790@outlook.com,USA,2026-02-25,italiana
isabella nakamura,isabella.nakamura971@outlook.com,UAE,2025-05-15,internazionale
Luca Sharma,luca.sharma142@icloud.com,Switzerland,2025-10-01,vegana
Robert Andersen,robert.andersen200@icloud.com,Netherlands,2025-09-23,pesce
MATTEO KOBAYASHI,matteo.kobayashi93@icloud.com,Spain,2025-04-07,vegana
Klein Patricia,patricia.klein578@gmail.com,Italy,2025-06-26,halal
Charlotte Al-Rashid,charlotte.al-rashid482@outlook.com,Japan,2026-08-12,italiana
erik lefevre,erik.lefevre80@gmail.com,UK,2025-04-10,senza glutine
Watanabe Priya,priya.watanabe187@outlook.com,USA,2026-06-02,vegana
  Luca Costa  ,luca.costa562@icloud.com,Spain,2026-01-09,senza glutine
Marie Esposito,marie.esposito901@yahoo.com,Germany,2025-09-26,senza glutine
  Robert Petrov  ,robert.petrov741@icloud.com,USA,2024-12-20,vegetariana
  Omar Moreau  ,omar.moreau192@gmail.com,Japan,2025-02-19,vegana
Wagner Ananya,ananya.wagner451@yahoo.com,Spain,2025-01-21,kosher
CHIARA POPOV,chiara.popov137@yahoo.com,Spain,2025-11-19,kosher
  Camille Fischer  ,camille.fischer329@outlook.com,Spain,2026-08-27,italiana
PATRICIA GIRARD,patricia.girard525@gmail.com,Spain,2026-07-10,italiana
Girard Andrea,andrea.girard24@outlook.com,France,2024-09-22,pesce
  Dmitri Bianchi  ,dmitri.bianchi299@outlook.com,Switzerland,2025-05-05,vegana
Yuki Dubois,yuki.dubois934@outlook.com,Switzerland,2024-12-30,internazionale
Amelia Garcia,amelia.garcia174@yahoo.com,Spain,2026-08-28,senza glutine
ingrid ivanov,ingrid.ivanov178@outlook.com,France,2025-03-25,vegana
Johnson Valentina,valentina.johnson863@yahoo.com,Germany,2025-02-15,senza glutine
sophie conti,sophie.conti688@outlook.com,Switzerland,2025-12-12,internazionale
john al-farsi,john.al-farsi329@yahoo.com,USA,2025-10-16,vegetariana
EMMA LOPEZ,emma.lopez372@outlook.com,Italy,2025-03-14,halal
KENJI POPOV,kenji.popov527@gmail.com,Spain,2026-01-12,kosher
Patricia Dubois,patricia.dubois13@gmail.com,USA,2024-11-30,vegana
Aiko Singh,aiko.singh725@outlook.com,Japan,2024-09-19,italiana
  Ekaterina Ibrahim  ,ekaterina.ibrahim658@icloud.com,Switzerland,2024-11-14,pesce
GIULIA BERNARD,giulia.bernard297@icloud.com,Italy,2025-07-04,senza glutine
LUCA POPOV,luca.popov139@icloud.com,UK,2026-08-28,halal
LAURA MEYER,laura.meyer664@yahoo.com,Switzerland,2025-10-06,vegetariana
Maria Ibrahim,maria.ibrahim561@yahoo.com,Netherlands,2026-04-15,vegana
thomas meyer,thomas.meyer937@icloud.com,Switzerland,2025-06-12,pesce
Fatima Wagner,fatima.wagner143@outlook.com,Spain,2026-03-07,vegetariana
alessandro leroy,alessandro.leroy397@yahoo.com,France,2026-08-24,halal
  Laura Marino  ,laura.marino649@gmail.com,France,2025-07-01,internazionale
Chen Andrea,andrea.chen862@icloud.com,Spain,2026-09-09,italiana
LUCA NOVAK,luca.novak729@gmail.com,Italy,2025-12-21,internazionale
Rossi Sophie,sophie.rossi478@yahoo.com,Spain,2026-04-08,italiana
Camille Dubois,camille.dubois527@icloud.com,UK,2025-04-12,vegana
MARCO CONTI,marco.conti497@icloud.com,Italy,2025-12-23,halal
KENJI NILSSON,kenji.nilsson815@icloud.com,UK,2025-09-15,vegana
  Klaus Nilsson  ,klaus.nilsson369@outlook.com,Spain,2026-08-19,vegana
Isabella Watanabe,isabella.watanabe722@gmail.com,UAE,2026-07-24,internazionale
Sara Park,sara.park996@gmail.com,Switzerland,2025-07-20,vegana
MARIA SMITH,maria.smith538@gmail.com,UK,2026-08-14,senza glutine
Nikolai Fernandez,nikolai.fernandez617@gmail.com,UK,2026-07-14,vegana
Francesco Costa,francesco.costa64@icloud.com,UAE,2025-11-22,italiana
Ahmed Sharma,ahmed.sharma65@icloud.com,France,2024-11-13,kosher
SOPHIE FISCHER,sophie.fischer499@outlook.com,France,2025-01-02,internazionale
Astrid Garcia,astrid.garcia110@outlook.com,USA,2024-11-08,vegetariana
Carlos Colombo,carlos.colombo353@yahoo.com,Japan,2024-12-06,italiana
Novak Yuki,yuki.novak871@icloud.com,Japan,2026-08-29,halal
CHARLOTTE FISCHER,charlotte.fischer428@icloud.com,UAE,2025-02-27,vegana
ANNA NILSSON,anna.nilsson180@yahoo.com,Netherlands,2026-02-04,halal
giorgia fischer,giorgia.fischer448@gmail.com,UAE,2025-12-20,italiana
Youssef Dubois,youssef.dubois151@yahoo.com,Netherlands,2025-12-17,senza glutine
Alessandro Sharma,alessandro.sharma443@outlook.com,UK,2025-02-21,italiana
Ekaterina Kobayashi,ekaterina.kobayashi594@yahoo.com,USA,2025-11-10,senza glutine
silvia fischer,silvia.fischer761@gmail.com,Italy,2025-12-14,italiana
Marco Fischer,marco.fischer880@outlook.com,Germany,2025-11-01,halal
Emma Park,emma.park149@outlook.com,Italy,2025-01-29,internazionale
AHMED NOVAK,ahmed.novak698@icloud.com,France,2026-03-11,senza glutine
EMMA PATEL,emma.patel937@icloud.com,Italy,2024-11-04,internazionale
Robert Bianchi,robert.bianchi812@yahoo.com,Japan,2025-11-23,italiana
Schmidt Paolo,paolo.schmidt30@gmail.com,Germany,2025-08-09,halal
NIKOLAI SILVA,nikolai.silva634@icloud.com,France,2025-04-10,halal
Jean Chen,jean.chen199@icloud.com,Italy,2026-06-05,italiana
ekaterina martinez,ekaterina.martinez79@icloud.com,France,2025-01-18,pesce
Weber Camille,camille.weber471@icloud.com,USA,2026-08-07,italiana
Diego Nowak,diego.nowak386@outlook.com,UAE,2026-07-14,kosher
OMAR WATANABE,omar.watanabe92@icloud.com,Italy,2025-07-02,vegana
ANANYA KOWALSKI,ananya.kowalski389@outlook.com,UK,2025-06-04,senza glutine
Fischer Erik,erik.fischer793@icloud.com,Spain,2024-12-20,pesce
David Ferreira,david.ferreira503@outlook.com,UAE,2026-07-30,vegana
arjun greco,arjun.greco468@outlook.com,USA,2025-12-15,vegana
  David Wagner  ,david.wagner688@outlook.com,Spain,2024-09-25,kosher
  Sara Meyer  ,sara.meyer429@icloud.com,Germany,2025-09-15,halal
Layla Kumar,layla.kumar294@yahoo.com,France,2024-11-17,pesce
Watanabe William,william.watanabe340@yahoo.com,Italy,2025-11-04,kosher
priya ivanov,priya.ivanov903@yahoo.com,Switzerland,2025-09-14,internazionale
david smith,david.smith199@yahoo.com,France,2024-11-14,internazionale
laura bernard,laura.bernard305@yahoo.com,UAE,2026-06-10,vegetariana
HANS KUMAR,hans.kumar617@outlook.com,France,2025-04-23,vegana
JEAN TANAKA,jean.tanaka991@gmail.com,Netherlands,2025-09-30,kosher
Camille Chen,camille.chen529@yahoo.com,USA,2025-12-21,vegetariana
Alessandro Dubois,alessandro.dubois571@icloud.com,France,2026-08-22,internazionale
ananya andersen,ananya.andersen747@icloud.com,USA,2025-09-06,pesce
Emma Greco,emma.greco416@icloud.com,Netherlands,2026-07-30,pesce
  Maria Wagner  ,maria.wagner969@yahoo.com,USA,2025-06-29,italiana
Robert Leroy,robert.leroy610@yahoo.com,Netherlands,2026-06-30,internazionale
Jean Johnson,jean.johnson30@yahoo.com,UAE,2025-03-25,pesce
pierre costa,pierre.costa429@icloud.com,Japan,2026-02-22,internazionale
Watanabe Marie,marie.watanabe464@outlook.com,Switzerland,2024-11-21,halal
matteo petrov,matteo.petrov602@yahoo.com,Germany,2026-09-03,halal
Klaus Tanaka,klaus.tanaka245@icloud.com,UK,2026-08-18,halal
giulia patel,giulia.patel891@icloud.com,Netherlands,2025-08-12,vegana
Novak Paolo,paolo.novak848@gmail.com,Italy,2025-09-21,vegana
ISABELLA WAGNER,isabella.wagner809@icloud.com,Switzerland,2025-12-01,vegana
marco ferreira,marco.ferreira609@icloud.com,Spain,2025-05-07,italiana
charlotte kumar,charlotte.kumar595@outlook.com,UAE,2026-01-17,vegana
Marie Bernard,marie.bernard990@outlook.com,Japan,2026-02-12,italiana
astrid bianchi,astrid.bianchi931@gmail.com,USA,2025-09-22,kosher
aiko suzuki,aiko.suzuki966@outlook.com,UK,2024-12-25,italiana
EMMA LEFEVRE,emma.lefevre977@gmail.com,Italy,2026-07-31,pesce
john schmidt,john.schmidt4@gmail.com,Japan,2024-12-09,internazionale
nikolai bruno,nikolai.bruno298@icloud.com,Japan,2025-12-16,vegetariana
  William Kowalski  ,william.kowalski712@yahoo.com,Spain,2024-12-03,vegetariana
priya johnson,priya.johnson231@outlook.com,USA,2024-12-25,halal
Valentina Ferrari,valentina.ferrari732@yahoo.com,Switzerland,2024-09-20,halal
  Federica Tanaka  ,federica.tanaka446@gmail.com,Germany,2025-07-03,senza glutine
FEDERICA IVANOV,federica.ivanov652@outlook.com,UK,2025-12-21,pesce
Robert Ibrahim,robert.ibrahim973@icloud.com,Germany,2025-09-20,italiana
KENJI SILVA,kenji.silva244@icloud.com,UK,2026-01-17,kosher
Astrid Johnson,astrid.johnson646@yahoo.com,France,2026-01-17,senza glutine
marie al-rashid,marie.al-rashid148@yahoo.com,France,2024-12-22,senza glutine
LUCA COLOMBO,luca.colombo40@icloud.com,Netherlands,2024-10-17,pesce
Patricia Al-Farsi,patricia.al-farsi535@icloud.com,Switzerland,2025-12-14,vegana
  Simone Suzuki  ,simone.suzuki428@yahoo.com,Switzerland,2025-12-28,internazionale
James Romano,james.romano603@yahoo.com,Italy,2025-10-17,halal
dmitri yamamoto,dmitri.yamamoto887@gmail.com,France,2025-04-05,halal
  Yuki Silva  ,yuki.silva321@icloud.com,UAE,2026-06-07,kosher
isabella hassan,isabella.hassan16@outlook.com,Switzerland,2024-11-06,kosher
david muller,david.muller225@outlook.com,Germany,2025-12-18,kosher
Isabella Ivanov,isabella.ivanov997@gmail.com,France,2024-12-12,senza glutine
HENRI PATEL,henri.patel888@outlook.com,France,2025-12-29,senza glutine
  Andrea Wagner  ,andrea.wagner597@outlook.com,Germany,2025-07-30,kosher
elena nowak,elena.nowak422@outlook.com,UAE,2026-03-05,internazionale
  Luca Yamamoto  ,luca.yamamoto155@gmail.com,Italy,2024-10-12,kosher
GIORGIA IBRAHIM,giorgia.ibrahim625@icloud.com,Japan,2025-10-15,pesce
omar ferrari,omar.ferrari589@yahoo.com,USA,2024-12-24,halal
  Jean Muller  ,jean.muller898@icloud.com,Netherlands,2026-01-25,pesce
Diego Rossi,diego.rossi114@outlook.com,UAE,2024-12-12,kosher
Priya Kim,priya.kim388@outlook.com,UK,2024-11-04,kosher
ANDREA ESPOSITO,andrea.esposito61@outlook.com,France,2026-02-28,kosher
  Lucia Fernandez  ,lucia.fernandez469@gmail.com,France,2024-10-24,italiana
carlos kowalski,carlos.kowalski475@icloud.com,Switzerland,2025-03-12,kosher
Patel Olga,olga.patel742@icloud.com,USA,2026-06-14,halal
hans ricci,hans.ricci239@outlook.com,Japan,2026-06-07,senza glutine
LAYLA GRECO,layla.greco264@gmail.com,Italy,2026-06-29,vegana
Fernandez William,william.fernandez985@gmail.com,UK,2025-06-15,halal
AMELIA IBRAHIM,amelia.ibrahim771@gmail.com,Switzerland,2025-09-23,vegetariana
ERIK HASSAN,erik.hassan247@gmail.com,Japan,2026-05-05,vegetariana
Fatima Costa,fatima.costa252@gmail.com,USA,2024-12-20,internazionale
Giulia Kobayashi,giulia.kobayashi400@outlook.com,Switzerland,2026-03-12,vegana
  Sara Suzuki  ,sara.suzuki16@icloud.com,Netherlands,2024-11-30,vegana
KLAUS BIANCHI,klaus.bianchi574@yahoo.com,UK,2026-07-28,senza glutine
elena kim,elena.kim352@gmail.com,Spain,2025-12-20,senza glutine
youssef ferreira,youssef.ferreira284@icloud.com,Switzerland,2025-09-06,vegana
Emma Lopez,emma.lopez245@outlook.com,UAE,2025-09-02,pesce
Ekaterina Leroy,ekaterina.leroy148@icloud.com,UK,2025-01-24,internazionale
thomas girard,thomas.girard341@yahoo.com,UAE,2025-06-25,halal
jean patel,jean.patel207@yahoo.com,Netherlands,2026-03-15,internazionale
HANS FISCHER,hans.fischer143@gmail.com,France,2025-09-30,italiana
Simone Petrov,simone.petrov753@icloud.com,Switzerland,2025-09-24,vegana
paolo fernandez,paolo.fernandez773@outlook.com,UK,2025-02-08,vegana
John Popov,john.popov305@gmail.com,Switzerland,2026-02-03,kosher
Klaus Andersen,klaus.andersen74@gmail.com,France,2025-07-18,kosher
THOMAS PETROV,thomas.petrov504@yahoo.com,Japan,2025-01-26,senza glutine
Giorgia Costa,giorgia.costa713@gmail.com,Germany,2026-08-12,kosher
Marie Marino,marie.marino657@gmail.com,UK,2025-09-13,italiana
  Thomas Lopez  ,thomas.lopez671@icloud.com,France,2025-09-23,senza glutine
CHARLOTTE KOBAYASHI,charlotte.kobayashi237@outlook.com,France,2026-08-31,vegetariana
LAYLA DUBOIS,layla.dubois430@icloud.com,UAE,2025-07-05,senza glutine
FRANCESCO NOVAK,francesco.novak941@gmail.com,Netherlands,2026-08-12,senza glutine
  Erik Colombo  ,erik.colombo540@gmail.com,UAE,2026-02-08,senza glutine
arjun dubois,arjun.dubois871@gmail.com,Switzerland,2025-12-18,vegetariana
Lucia Esposito,lucia.esposito888@outlook.com,Japan,2025-03-23,halal
alessandro ivanov,alessandro.ivanov535@gmail.com,France,2024-10-11,vegetariana
  Paolo Sokolov  ,paolo.sokolov913@icloud.com,UK,2025-08-09,halal
Francesco Ricci,francesco.ricci246@yahoo.com,USA,2024-09-15,vegetariana
  Carlos Bianchi  ,carlos.bianchi250@outlook.com,USA,2024-11-01,vegetariana
ahmed bernard,ahmed.bernard334@gmail.com,Netherlands,2025-11-28,pesce
Alessandro Patel,alessandro.patel108@yahoo.com,Spain,2026-03-12,senza glutine
  Layla Ferreira  ,layla.ferreira844@yahoo.com,UAE,2025-01-09,senza glutine
  Federica Yamamoto  ,federica.yamamoto37@outlook.com,Netherlands,2026-03-21,kosher
youssef tanaka,youssef.tanaka783@icloud.com,USA,2026-08-15,senza glutine
Silva Emma,emma.silva924@yahoo.com,France,2026-04-02,senza glutine
Lucia Novak,lucia.novak876@gmail.com,Italy,2026-05-17,internazionale
Sokolov Maria,maria.sokolov2@gmail.com,Netherlands,2026-02-14,pesce
DIEGO LEFEVRE,diego.lefevre727@outlook.com,Italy,2025-03-13,vegetariana
Amelia Moreau,amelia.moreau760@gmail.com,Switzerland,2025-07-02,senza glutine
  Patricia Lopez  ,patricia.lopez370@icloud.com,Japan,2026-08-15,vegana
Layla Johnson,layla.johnson350@outlook.com,Japan,2026-01-02,italiana
SILVIA MARINO,silvia.marino237@yahoo.com,Japan,2026-05-22,italiana
  Ahmed Rossi  ,ahmed.rossi787@yahoo.com,France,2026-08-25,kosher
Ingrid Wagner,ingrid.wagner989@outlook.com,France,2025-03-20,senza glutine
Moreau Ahmed,ahmed.moreau592@gmail.com,UK,2025-06-13,italiana
MARIA LEROY,maria.leroy39@outlook.com,UAE,2025-12-24,halal
Luca Johnson,luca.johnson88@gmail.com,UK,2024-09-22,vegana
VALENTINA WATANABE,valentina.watanabe986@yahoo.com,Switzerland,2025-11-01,italiana
carlos garcia,carlos.garcia81@gmail.com,Japan,2026-06-06,senza glutine
KENJI PARK,kenji.park241@yahoo.com,Spain,2025-12-07,pesce
yuki leroy,yuki.leroy881@yahoo.com,UAE,2025-05-29,kosher
CAMILLE FERRARI,camille.ferrari184@icloud.com,Netherlands,2026-03-12,halal
Colombo Andrea,andrea.colombo577@icloud.com,Spain,2024-12-25,kosher
Marie Martinez,marie.martinez896@icloud.com,USA,2026-07-19,internazionale
alessandro moreau,alessandro.moreau410@icloud.com,Spain,2024-12-02,halal
  Chiara Kumar  ,chiara.kumar588@outlook.com,Germany,2026-07-03,internazionale
  Matteo Patel  ,matteo.patel566@yahoo.com,Japan,2025-09-08,kosher
Emma Leroy,emma.leroy149@outlook.com,UAE,2025-08-05,kosher
Giulia Bruno,giulia.bruno777@icloud.com,Spain,2025-09-10,halal
David Johnson,david.johnson607@gmail.com,Switzerland,2025-02-14,internazionale
Sophie Romano,sophie.romano101@icloud.com,Switzerland,2025-08-19,halal
Marino Anna,anna.marino212@icloud.com,UK,2026-06-27,vegana
HANS ESPOSITO,hans.esposito659@yahoo.com,Netherlands,2026-06-02,vegetariana
Priya Weber,priya.weber729@icloud.com,France,2025-01-04,senza glutine
Andrea Bernard,andrea.bernard475@yahoo.com,Netherlands,2026-01-15,kosher
yuki moreau,yuki.moreau793@outlook.com,Japan,2026-06-30,vegetariana
kenji rossi,kenji.rossi463@gmail.com,Italy,2026-06-12,kosher
  Alessandro Al-Farsi  ,alessandro.al-farsi804@yahoo.com,Italy,2025-08-03,italiana
fatima petrov,fatima.petrov112@yahoo.com,France,2024-10-07,senza glutine
Silvia Hassan,silvia.hassan860@icloud.com,UAE,2026-08-06,senza glutine
PIERRE IVANOV,pierre.ivanov579@gmail.com,Spain,2025-07-20,italiana
FATIMA PATEL,fatima.patel743@yahoo.com,UAE,2025-07-02,pesce
PIERRE COLOMBO,pierre.colombo158@icloud.com,Japan,2026-04-20,pesce
  Olga Al-Rashid  ,olga.al-rashid372@outlook.com,UK,2025-04-25,senza glutine
Emma Nowak,emma.nowak282@outlook.com,Italy,2026-06-19,halal
  Marco Petrov  ,marco.petrov237@gmail.com,Germany,2024-11-07,halal
ERIK AL-RASHID,erik.al-rashid476@outlook.com,UK,2026-03-30,italiana
Federica Andersen,federica.andersen314@gmail.com,Spain,2026-08-23,italiana
chiara costa,chiara.costa425@icloud.com,Spain,2026-09-07,vegana
WILLIAM RICCI,william.ricci223@outlook.com,France,2026-08-02,internazionale
LUCA KUMAR,luca.kumar293@yahoo.com,Japan,2026-07-07,halal
klaus nakamura,klaus.nakamura370@icloud.com,UK,2025-05-11,internazionale
  Ananya Nakamura  ,ananya.nakamura661@icloud.com,UK,2026-08-24,kosher
Fischer Emma,emma.fischer355@outlook.com,UK,2026-08-05,internazionale
DIEGO AL-FARSI,diego.al-farsi618@gmail.com,Spain,2025-09-27,kosher
David Ivanov,david.ivanov105@icloud.com,Japan,2025-07-23,italiana
fatima andersen,fatima.andersen491@icloud.com,France,2024-12-06,halal
john marino,john.marino418@gmail.com,USA,2025-11-23,vegana
Esposito Diego,diego.esposito687@icloud.com,Germany,2026-02-14,halal
Leroy Simone,simone.leroy527@gmail.com,Netherlands,2025-07-24,senza glutine
Dmitri Kim,dmitri.kim620@yahoo.com,Italy,2025-07-25,vegetariana
valentina garcia,valentina.garcia686@outlook.com,Italy,2025-11-04,italiana
LAYLA FERNANDEZ,layla.fernandez825@gmail.com,Germany,2024-09-23,vegana
Giorgia Kumar,giorgia.kumar119@yahoo.com,Switzerland,2026-08-19,internazionale
  Alessandro Chen  ,alessandro.chen491@icloud.com,Japan,2025-05-23,pesce
Park Ananya,ananya.park16@outlook.com,Germany,2024-12-22,italiana
HENRI MARTINEZ,henri.martinez273@gmail.com,Italy,2024-09-12,senza glutine
diego kumar,diego.kumar506@gmail.com,France,2026-06-30,italiana
John Leroy,john.leroy51@gmail.com,UK,2026-07-03,internazionale
Marie Sokolov,marie.sokolov787@yahoo.com,Japan,2024-11-28,halal
Emma Moreau,emma.moreau256@icloud.com,Netherlands,2024-12-28,vegana
Amelia Nakamura,amelia.nakamura839@gmail.com,Spain,2025-08-15,vegana
  Andrea Schmidt  ,andrea.schmidt222@gmail.com,UAE,2025-01-29,pesce
  Henri Nowak  ,henri.nowak310@outlook.com,Netherlands,2026-03-25,pesce
AHMED SMITH,ahmed.smith79@outlook.com,Germany,2024-10-18,internazionale
Paolo Meyer,paolo.meyer799@icloud.com,Japan,2025-10-09,kosher
Carlos Greco,carlos.greco417@yahoo.com,Germany,2025-07-13,vegana
Camille Wagner,camille.wagner557@gmail.com,Switzerland,2025-08-23,internazionale
jean ibrahim,jean.ibrahim367@yahoo.com,France,2025-08-03,senza glutine
thomas smith,thomas.smith130@outlook.com,Spain,2024-12-28,halal
Klaus Al-Rashid,klaus.al-rashid635@yahoo.com,Japan,2025-03-08,pesce
David Bruno,david.bruno423@yahoo.com,UAE,2024-10-25,pesce
lucia martinez,lucia.martinez565@outlook.com,France,2024-12-09,senza glutine
CAMILLE KIM,camille.kim79@outlook.com,UAE,2026-08-29,internazionale
Olivia Fischer,olivia.fischer984@gmail.com,UAE,2025-05-12,kosher
Kim Valentina,valentina.kim436@outlook.com,USA,2025-06-05,internazionale
Yamamoto Pierre,pierre.yamamoto861@yahoo.com,Switzerland,2024-12-15,internazionale
Arjun Lopez,arjun.lopez71@yahoo.com,Italy,2026-04-15,halal
Romano Fatima,fatima.romano888@yahoo.com,USA,2026-08-03,internazionale
Chen Fatima,fatima.chen637@yahoo.com,Switzerland,2026-05-23,vegetariana
Robert Park,robert.park74@outlook.com,Switzerland,2025-12-08,pesce
  Pierre Ibrahim  ,pierre.ibrahim506@outlook.com,Netherlands,2026-06-08,senza glutine
youssef weber,youssef.weber845@outlook.com,UK,2025-07-24,vegana
lucia kumar,lucia.kumar263@gmail.com,USA,2026-07-01,kosher
Marie Kowalski,marie.kowalski145@outlook.com,Japan,2026-06-01,internazionale
THOMAS SILVA,thomas.silva434@gmail.com,Italy,2024-09-10,pesce
Matteo Bruno,matteo.bruno809@gmail.com,Spain,2025-09-03,internazionale
olga leroy,olga.leroy9@outlook.com,France,2025-04-25,halal
Fischer Ananya,ananya.fischer554@outlook.com,France,2024-11-18,vegana
MATTEO JOHNSON,matteo.johnson6@outlook.com,Germany,2026-06-25,vegana
olga romano,olga.romano668@outlook.com,Germany,2024-09-13,senza glutine
ananya fernandez,ananya.fernandez842@gmail.com,Germany,2026-03-19,italiana
Arjun Bianchi,arjun.bianchi816@gmail.com,Switzerland,2026-09-04,halal
PATRICIA IVANOV,patricia.ivanov641@outlook.com,France,2025-09-01,italiana
emma popov,emma.popov156@icloud.com,Germany,2025-07-07,italiana
David Smith,david.smith815@outlook.com,USA,2025-12-05,internazionale
Romano Francesco,francesco.romano522@icloud.com,UK,2026-06-04,internazionale
Ekaterina Popov,ekaterina.popov878@outlook.com,France,2025-03-30,halal
Yuki Petrov,yuki.petrov227@gmail.com,Switzerland,2025-04-10,halal
Kobayashi Simone,simone.kobayashi87@icloud.com,Spain,2025-12-05,halal
elena hassan,elena.hassan421@outlook.com,Switzerland,2026-08-11,vegetariana
dmitri popov,dmitri.popov842@yahoo.com,UK,2025-06-01,vegana
FATIMA RICCI,fatima.ricci711@yahoo.com,Spain,2025-07-10,halal
MARIE GIRARD,marie.girard948@yahoo.com,UAE,2026-09-06,senza glutine
  Marco Ricci  ,marco.ricci39@outlook.com,Spain,2025-01-18,vegetariana
Olga Wagner,olga.wagner545@gmail.com,UK,2024-11-08,vegetariana
Ricci Omar,omar.ricci734@icloud.com,UAE,2025-11-22,internazionale
ekaterina sokolov,ekaterina.sokolov235@yahoo.com,Germany,2024-09-22,senza glutine
Alessandro Smith,alessandro.smith505@yahoo.com,Italy,2025-01-23,kosher
anna suzuki,anna.suzuki458@icloud.com,Switzerland,2025-12-13,vegana
nikolai suzuki,nikolai.suzuki692@icloud.com,Germany,2025-12-31,vegana
ELENA SHARMA,elena.sharma30@outlook.com,Spain,2025-09-15,kosher
Maria Conti,maria.conti283@outlook.com,Switzerland,2025-07-14,pesce
Martinez Diego,diego.martinez178@outlook.com,UK,2025-11-07,vegana
  Patricia Weber  ,patricia.weber919@yahoo.com,USA,2025-12-23,internazionale
Valentina Costa,valentina.costa772@outlook.com,UK,2026-06-03,vegetariana
Ferreira Ahmed,ahmed.ferreira864@icloud.com,Germany,2026-05-26,senza glutine
elena greco,elena.greco272@icloud.com,Italy,2026-01-06,vegetariana
Andersen Olga,olga.andersen315@yahoo.com,France,2026-07-19,vegana
CAMILLE MEYER,camille.meyer746@icloud.com,Italy,2026-06-21,vegetariana
lucia garcia,lucia.garcia96@icloud.com,Japan,2024-12-18,vegana
  Henri Lefevre  ,henri.lefevre790@yahoo.com,France,2026-08-19,vegana
AHMED KLEIN,ahmed.klein702@gmail.com,Japan,2026-07-18,pesce
Simone Silva,simone.silva70@outlook.com,UK,2025-06-12,senza glutine
VALENTINA FERNANDEZ,valentina.fernandez290@yahoo.com,UK,2024-09-20,pesce
giorgia petrov,giorgia.petrov797@gmail.com,USA,2025-12-04,italiana
  Ahmed Smith  ,ahmed.smith926@gmail.com,Spain,2025-08-10,vegetariana
Bernard Diego,diego.bernard324@yahoo.com,Spain,2026-04-09,vegetariana
SOPHIE KUMAR,sophie.kumar213@icloud.com,USA,2025-09-22,vegetariana
Fatima Lopez,fatima.lopez743@gmail.com,Spain,2024-11-07,halal
patricia bruno,patricia.bruno855@outlook.com,Germany,2025-04-04,pesce
ingrid watanabe,ingrid.watanabe334@icloud.com,Japan,2026-07-13,halal
WILLIAM SCHMIDT,william.schmidt750@yahoo.com,Germany,2024-09-28,italiana
Sara Rossi,sara.rossi47@yahoo.com,France,2026-03-26,halal
fatima nakamura,fatima.nakamura133@icloud.com,Japan,2025-05-25,italiana
patricia smith,patricia.smith59@outlook.com,USA,2025-08-17,senza glutine
ANANYA SMITH,ananya.smith528@gmail.com,Germany,2025-09-25,internazionale
  Youssef Romano  ,youssef.romano989@outlook.com,Netherlands,2025-04-09,senza glutine
matteo ibrahim,matteo.ibrahim336@gmail.com,UK,2025-12-28,pesce
KLAUS KIM,klaus.kim663@gmail.com,Germany,2026-02-06,pesce
Paolo Fischer,paolo.fischer70@gmail.com,Japan,2024-11-17,halal
Paolo Moreau,paolo.moreau572@gmail.com,Netherlands,2025-07-09,vegana
francesco nowak,francesco.nowak716@gmail.com,Switzerland,2026-04-03,italiana
ekaterina silva,ekaterina.silva625@gmail.com,Netherlands,2026-03-09,italiana
ingrid esposito,ingrid.esposito652@gmail.com,Japan,2025-10-03,pesce
Astrid Fernandez,astrid.fernandez966@yahoo.com,USA,2026-05-10,italiana
  Dmitri Martinez  ,dmitri.martinez595@outlook.com,Italy,2024-12-05,vegana
OLGA COSTA,olga.costa210@gmail.com,Italy,2024-12-11,senza glutine
Nowak Lucia,lucia.nowak218@gmail.com,UK,2025-12-30,vegetariana
dmitri greco,dmitri.greco134@outlook.com,Italy,2026-02-06,halal
WILLIAM KACZMAREK,william.kaczmarek471@icloud.com,Spain,2026-06-09,halal
Carlos Nowak,carlos.nowak542@outlook.com,UAE,2025-01-24,italiana
SIMONE AL-FARSI,simone.al-farsi839@outlook.com,Italy,2025-09-18,vegetariana
giulia fernandez,giulia.fernandez242@gmail.com,Japan,2026-01-02,italiana
Hassan Olga,olga.hassan846@outlook.com,UAE,2025-03-12,senza glutine
  Olga Johnson  ,olga.johnson132@gmail.com,Japan,2025-09-18,internazionale
YUKI SINGH,yuki.singh267@outlook.com,Netherlands,2025-12-21,kosher
Kim Astrid,astrid.kim413@gmail.com,USA,2025-03-01,vegana
Pierre Nowak,pierre.nowak566@gmail.com,Italy,2025-07-09,pesce
Laura Kumar,laura.kumar796@gmail.com,UK,2025-03-03,vegetariana
LUCA IVANOV,luca.ivanov242@yahoo.com,France,2026-07-23,senza glutine
JAMES COSTA,james.costa994@gmail.com,Germany,2025-03-26,halal
Hans Colombo,hans.colombo550@gmail.com,UK,2024-12-12,vegana
Ivanov Andrea,andrea.ivanov253@yahoo.com,Japan,2024-09-27,senza glutine
  James Wagner  ,james.wagner811@outlook.com,Netherlands,2024-10-04,italiana
Marco Weber,marco.weber324@yahoo.com,Spain,2025-02-04,vegetariana
DAVID PARK,david.park979@gmail.com,UK,2025-12-06,senza glutine
Olivia Park,olivia.park424@icloud.com,UAE,2024-09-18,kosher
Tanaka Arjun,arjun.tanaka254@icloud.com,UK,2025-05-20,internazionale
Marie Sharma,marie.sharma697@yahoo.com,Japan,2024-10-18,pesce
  John Muller  ,john.muller647@icloud.com,USA,2025-07-23,vegana
Yuki Al-Rashid,yuki.al-rashid180@outlook.com,UAE,2024-10-08,internazionale
nikolai ibrahim,nikolai.ibrahim211@yahoo.com,Spain,2025-12-05,italiana
DMITRI SHARMA,dmitri.sharma62@outlook.com,Japan,2026-02-01,senza glutine
pierre rossi,pierre.rossi820@icloud.com,Switzerland,2026-03-20,pesce
Youssef Suzuki,youssef.suzuki42@icloud.com,Spain,2025-03-12,pesce
Moreau Fatima,fatima.moreau516@icloud.com,Japan,2026-07-06,vegetariana
  John Park  ,john.park671@icloud.com,UAE,2026-02-03,pesce
GIORGIA PETROV,giorgia.petrov523@outlook.com,Japan,2024-10-16,vegetariana
  Chiara Ivanov  ,chiara.ivanov342@outlook.com,USA,2025-08-11,senza glutine
  Lucia Kaczmarek  ,lucia.kaczmarek83@yahoo.com,UK,2026-04-29,halal
  Thomas Dubois  ,thomas.dubois181@yahoo.com,Germany,2025-06-07,vegana
Charlotte Costa,charlotte.costa490@outlook.com,Japan,2025-07-12,kosher
INGRID KOWALSKI,ingrid.kowalski317@icloud.com,Germany,2025-12-16,senza glutine
  Ahmed Patel  ,ahmed.patel311@icloud.com,Germany,2024-10-15,pesce
astrid chen,astrid.chen424@icloud.com,UK,2026-08-24,halal
HENRI KACZMAREK,henri.kaczmarek739@yahoo.com,UAE,2025-01-17,vegetariana
valentina suzuki,valentina.suzuki449@yahoo.com,France,2024-09-23,italiana
Francesco Rossi,francesco.rossi136@icloud.com,Japan,2024-09-12,senza glutine
CHARLOTTE KLEIN,charlotte.klein736@yahoo.com,Spain,2025-07-21,halal
francesco martinez,francesco.martinez881@gmail.com,UAE,2026-07-14,pesce
  Silvia Ibrahim  ,silvia.ibrahim403@yahoo.com,Japan,2026-06-12,pesce
andrea ferreira,andrea.ferreira998@gmail.com,Italy,2026-07-28,italiana
Patricia Rossi,patricia.rossi813@outlook.com,UK,2025-09-26,internazionale
Youssef Hassan,youssef.hassan435@yahoo.com,Italy,2025-08-15,vegetariana
Fernandez Andrea,andrea.fernandez931@outlook.com,Germany,2025-07-15,senza glutine
pierre schmidt,pierre.schmidt335@outlook.com,France,2024-10-05,internazionale
INGRID TANAKA,ingrid.tanaka107@outlook.com,UK,2026-07-26,vegana
klaus nowak,klaus.nowak879@icloud.com,France,2025-09-08,vegana
Silva Isabella,isabella.silva23@yahoo.com,Germany,2025-08-18,italiana
SIMONE KUMAR,simone.kumar671@gmail.com,UK,2025-09-17,italiana
Federica Moreau,federica.moreau745@icloud.com,Switzerland,2026-05-28,kosher
Valentina Klein,valentina.klein436@gmail.com,Germany,2025-03-12,vegetariana
Ekaterina Klein,ekaterina.klein200@outlook.com,France,2026-02-24,vegana
matteo costa,matteo.costa149@yahoo.com,USA,2026-02-25,internazionale
Dmitri Ivanov,dmitri.ivanov512@icloud.com,UK,2026-06-26,senza glutine
robert girard,robert.girard588@yahoo.com,UK,2024-09-14,vegana
Klaus Johnson,klaus.johnson470@outlook.com,USA,2025-01-12,halal
omar ferreira,omar.ferreira674@gmail.com,Netherlands,2025-08-26,internazionale
Costa Andrea,andrea.costa51@yahoo.com,Switzerland,2026-06-27,halal
LAURA RICCI,laura.ricci489@yahoo.com,USA,2026-08-23,senza glutine
Martinez Giulia,giulia.martinez617@icloud.com,Spain,2025-11-27,kosher
youssef greco,youssef.greco609@yahoo.com,USA,2025-02-27,kosher
ISABELLA KUMAR,isabella.kumar318@outlook.com,Spain,2025-01-28,vegana
nikolai al-farsi,nikolai.al-farsi354@icloud.com,Netherlands,2025-12-21,senza glutine
GIULIA SOKOLOV,giulia.sokolov521@outlook.com,UAE,2025-02-25,halal
SARA SMITH,sara.smith548@icloud.com,Switzerland,2025-10-13,halal
Paolo Romano,paolo.romano404@outlook.com,UK,2026-06-19,halal
NIKOLAI LEROY,nikolai.leroy611@gmail.com,Italy,2025-07-17,vegana
Fernandez Carlos,carlos.fernandez805@outlook.com,Switzerland,2025-07-11,kosher
DMITRI BRUNO,dmitri.bruno516@icloud.com,Japan,2024-09-28,internazionale
Olivia Lefevre,olivia.lefevre780@yahoo.com,Italy,2025-04-14,pesce
Klaus Conti,klaus.conti142@yahoo.com,Germany,2026-02-12,vegana
olga kim,olga.kim344@gmail.com,Germany,2025-07-02,vegana
Youssef Fernandez,youssef.fernandez79@icloud.com,UAE,2024-12-31,internazionale
Watanabe Ekaterina,ekaterina.watanabe172@icloud.com,Japan,2024-12-05,pesce
  Olga Silva  ,olga.silva1@yahoo.com,UAE,2024-11-28,italiana
MARIA KUMAR,maria.kumar53@outlook.com,Switzerland,2025-12-31,pesce
Ananya Lopez,ananya.lopez426@outlook.com,Italy,2025-12-08,italiana
Youssef Chen,youssef.chen99@yahoo.com,UAE,2025-09-19,pesce
GIORGIA SUZUKI,giorgia.suzuki78@outlook.com,Netherlands,2025-09-10,vegetariana
ALESSANDRO MULLER,alessandro.muller491@yahoo.com,USA,2024-12-28,pesce
sophie ricci,sophie.ricci471@outlook.com,UAE,2025-09-10,vegana
CHIARA FERRARI,chiara.ferrari54@gmail.com,UK,2024-10-20,halal
david sharma,david.sharma37@gmail.com,Japan,2026-08-04,pesce
Ananya Singh,ananya.singh231@gmail.com,Japan,2024-10-18,vegana
Olivia Al-Farsi,olivia.al-farsi637@outlook.com,Switzerland,2025-08-02,kosher
chiara meyer,chiara.meyer316@outlook.com,Germany,2024-09-10,internazionale
henri garcia,henri.garcia33@gmail.com,UAE,2026-05-19,italiana
  Giulia Ferreira  ,giulia.ferreira988@outlook.com,USA,2025-01-07,vegana
Sophie Johnson,sophie.johnson638@outlook.com,Spain,2026-08-03,halal
Matteo Moreau,matteo.moreau200@yahoo.com,USA,2024-10-03,halal
Camille Esposito,camille.esposito253@outlook.com,UAE,2026-06-12,kosher
Astrid Meyer,astrid.meyer129@yahoo.com,USA,2025-12-30,vegana
  Layla Hassan  ,layla.hassan556@icloud.com,Netherlands,2025-04-09,internazionale
ALESSANDRO TANAKA,alessandro.tanaka679@icloud.com,Germany,2025-02-16,internazionale
Pierre Novak,pierre.novak771@gmail.com,Spain,2025-07-01,internazionale
Colombo Ahmed,ahmed.colombo347@outlook.com,UK,2026-06-16,halal
Erik Kowalski,erik.kowalski968@icloud.com,Japan,2026-07-03,italiana
Laura Sharma,laura.sharma913@gmail.com,Germany,2025-01-17,italiana
SILVIA AL-FARSI,silvia.al-farsi946@outlook.com,France,2025-06-28,italiana
robert watanabe,robert.watanabe412@yahoo.com,Netherlands,2025-03-27,vegana
Andrea Conti,andrea.conti606@icloud.com,Netherlands,2024-12-13,senza glutine
olivia andersen,olivia.andersen990@yahoo.com,Netherlands,2025-12-25,italiana
OLGA SOKOLOV,olga.sokolov98@icloud.com,Japan,2025-06-25,vegetariana
Al-Farsi Erik,erik.al-farsi894@gmail.com,Japan,2025-03-13,vegetariana
dmitri klein,dmitri.klein71@icloud.com,Spain,2026-07-05,italiana
Costa Ahmed,ahmed.costa93@yahoo.com,Italy,2026-04-08,internazionale
  Sophie Chen  ,sophie.chen914@icloud.com,France,2026-05-05,vegetariana
Rossi Matteo,matteo.rossi680@gmail.com,Switzerland,2024-09-29,pesce
Giorgia Schmidt,giorgia.schmidt744@gmail.com,UAE,2026-07-29,internazionale
laura hassan,laura.hassan239@outlook.com,Italy,2025-11-05,pesce
Lucia Johnson,lucia.johnson261@gmail.com,Switzerland,2025-09-11,vegana
Francesco Weber,francesco.weber86@gmail.com,Italy,2024-09-15,internazionale
Giulia Klein,giulia.klein338@gmail.com,Germany,2026-07-20,halal
Hans Leroy,hans.leroy256@yahoo.com,UK,2025-10-02,vegetariana
ARJUN FERNANDEZ,arjun.fernandez307@gmail.com,UAE,2026-06-14,senza glutine
  Kenji Marino  ,kenji.marino499@gmail.com,Spain,2025-12-29,vegetariana
ELENA WAGNER,elena.wagner566@icloud.com,UAE,2026-05-31,vegana
Watanabe Luca,luca.watanabe887@gmail.com,Netherlands,2026-02-06,vegana
WILLIAM KOWALSKI,william.kowalski410@outlook.com,UAE,2026-08-01,halal
GIULIA KACZMAREK,giulia.kaczmarek689@gmail.com,UK,2025-03-14,internazionale
Federica Weber,federica.weber397@icloud.com,UAE,2025-02-16,italiana
Patricia Chen,patricia.chen557@gmail.com,UK,2026-02-27,pesce
Kaczmarek Charlotte,charlotte.kaczmarek806@icloud.com,UK,2025-09-10,vegana
  Ahmed Al-Rashid  ,ahmed.al-rashid625@yahoo.com,Japan,2025-12-01,kosher
Thomas Kowalski,thomas.kowalski981@icloud.com,Germany,2026-02-23,pesce
Marie Ricci,marie.ricci461@yahoo.com,Switzerland,2025-10-06,internazionale
DIEGO SINGH,diego.singh421@outlook.com,UK,2026-05-21,kosher
CAMILLE SMITH,camille.smith311@gmail.com,Netherlands,2025-06-11,vegetariana
Aiko Bianchi,aiko.bianchi602@icloud.com,France,2026-07-01,senza glutine
SIMONE SMITH,simone.smith280@gmail.com,Germany,2024-12-05,vegetariana
Patricia Wagner,patricia.wagner458@yahoo.com,Italy,2025-12-19,kosher
  Arjun Meyer  ,arjun.meyer675@gmail.com,Spain,2026-07-17,italiana
  Sophie Watanabe  ,sophie.watanabe560@outlook.com,Switzerland,2025-04-12,halal
LAYLA ROSSI,layla.rossi926@outlook.com,Switzerland,2025-06-15,halal
Aiko Nilsson,aiko.nilsson728@icloud.com,UK,2025-06-04,senza glutine
Popov Marco,marco.popov510@icloud.com,Netherlands,2025-10-25,internazionale
John Johnson,john.johnson706@yahoo.com,USA,2025-07-28,pesce
  Olivia Martinez  ,olivia.martinez497@icloud.com,Switzerland,2024-12-06,kosher
Luca Esposito,luca.esposito28@icloud.com,Switzerland,2026-07-17,halal
AHMED AL-RASHID,ahmed.al-rashid471@outlook.com,Germany,2025-02-19,kosher
ANANYA BRUNO,ananya.bruno701@icloud.com,Italy,2025-09-26,vegetariana
Carlos Silva,carlos.silva876@gmail.com,Switzerland,2025-11-27,pesce
NIKOLAI SOKOLOV,nikolai.sokolov938@icloud.com,Spain,2024-09-30,senza glutine
KLAUS WAGNER,klaus.wagner587@yahoo.com,Netherlands,2024-11-28,italiana
ANDREA SINGH,andrea.singh976@outlook.com,Germany,2026-08-26,vegana
Luca Meyer,luca.meyer780@gmail.com,Italy,2026-01-06,halal
Ingrid Greco,ingrid.greco932@gmail.com,Netherlands,2024-09-26,halal
Nikolai Greco,nikolai.greco996@gmail.com,Switzerland,2026-05-28,halal
MARCO BRUNO,marco.bruno901@yahoo.com,Germany,2025-09-14,italiana
simone ibrahim,simone.ibrahim259@gmail.com,Germany,2024-11-06,italiana
camille martinez,camille.martinez761@yahoo.com,Switzerland,2026-01-23,kosher
Layla Ferrari,layla.ferrari410@outlook.com,France,2025-09-09,pesce
  Giorgia Kim  ,giorgia.kim175@yahoo.com,Netherlands,2025-02-19,vegana
maria bruno,maria.bruno299@yahoo.com,Spain,2026-07-11,pesce
sara garcia,sara.garcia250@yahoo.com,Germany,2025-05-25,halal
dmitri kumar,dmitri.kumar318@outlook.com,UAE,2025-05-17,italiana
John Ricci,john.ricci203@gmail.com,USA,2025-05-04,vegana
  Kenji Singh  ,kenji.singh180@outlook.com,UAE,2026-04-29,halal
Sharma Sara,sara.sharma15@yahoo.com,Italy,2026-02-20,vegana
  Kenji Greco  ,kenji.greco878@icloud.com,France,2026-07-23,senza glutine
YOUSSEF WAGNER,youssef.wagner782@icloud.com,France,2025-03-18,italiana
Martinez Matteo,matteo.martinez444@yahoo.com,UK,2026-05-19,halal
Valentina Johnson,valentina.johnson812@icloud.com,Italy,2025-11-03,kosher
AMELIA YAMAMOTO,amelia.yamamoto754@outlook.com,Switzerland,2025-06-06,kosher
Patel Charlotte,charlotte.patel905@yahoo.com,Italy,2024-09-27,vegana
Maria Dubois,maria.dubois679@gmail.com,Spain,2026-06-11,vegetariana
Meyer Kenji,kenji.meyer889@yahoo.com,USA,2025-03-31,italiana
Moreau Thomas,thomas.moreau18@yahoo.com,USA,2025-12-17,kosher
Camille Hassan,camille.hassan231@icloud.com,Netherlands,2025-10-08,italiana
alessandro nowak,alessandro.nowak646@icloud.com,USA,2024-09-12,italiana
OLIVIA SMITH,olivia.smith874@outlook.com,Italy,2026-09-07,kosher
  Astrid Muller  ,astrid.muller678@gmail.com,France,2026-06-09,italiana
DAVID KUMAR,david.kumar953@gmail.com,UAE,2025-09-03,vegana
Kim Charlotte,charlotte.kim582@icloud.com,Spain,2026-01-23,vegetariana
Olivia Lopez,olivia.lopez18@gmail.com,Japan,2025-08-29,vegana
ANNA KLEIN,anna.klein84@gmail.com,Switzerland,2026-04-03,internazionale
Simone Fischer,simone.fischer343@icloud.com,Netherlands,2024-12-19,kosher
Patricia Ferreira,patricia.ferreira454@icloud.com,UAE,2025-08-14,vegana
OMAR NILSSON,omar.nilsson443@icloud.com,Switzerland,2025-06-19,vegetariana
  Paolo Klein  ,paolo.klein998@gmail.com,Japan,2025-08-20,internazionale
LUCIA DUBOIS,lucia.dubois585@gmail.com,UK,2025-08-16,halal
Alessandro Rossi,alessandro.rossi240@yahoo.com,Spain,2024-12-23,halal
  Diego Leroy  ,diego.leroy516@outlook.com,Japan,2026-08-29,pesce
Lucia Bruno,lucia.bruno626@yahoo.com,UAE,2024-09-17,vegetariana
Elena Chen,elena.chen755@yahoo.com,Netherlands,2024-09-15,internazionale
Chen Maria,maria.chen891@icloud.com,Netherlands,2025-07-08,internazionale
Pierre Chen,pierre.chen597@gmail.com,USA,2025-12-12,pesce
LUCIA LEROY,lucia.leroy779@yahoo.com,UK,2025-01-22,vegetariana
SIMONE CHEN,simone.chen715@outlook.com,Italy,2025-09-26,senza glutine
robert johnson,robert.johnson878@gmail.com,UK,2026-03-11,vegana
Simone Park,simone.park84@gmail.com,Netherlands,2024-11-27,vegana
AHMED PETROV,ahmed.petrov210@gmail.com,UK,2026-09-02,internazionale
laura silva,laura.silva729@gmail.com,UAE,2025-06-20,halal
Astrid Al-Rashid,astrid.al-rashid226@gmail.com,Netherlands,2025-12-23,vegana
CHARLOTTE PETROV,charlotte.petrov775@outlook.com,France,2024-12-07,vegetariana
Klein Aiko,aiko.klein217@outlook.com,Germany,2026-02-24,kosher
MARCO COLOMBO,marco.colombo511@icloud.com,Switzerland,2026-06-22,senza glutine
SOPHIE NOVAK,sophie.novak514@gmail.com,Spain,2024-12-04,internazionale
luca lefevre,luca.lefevre147@yahoo.com,Switzerland,2024-12-15,vegetariana
Anna Fernandez,anna.fernandez122@icloud.com,France,2025-05-13,vegana
INGRID COSTA,ingrid.costa248@yahoo.com,Italy,2024-09-15,senza glutine
simone fernandez,simone.fernandez546@outlook.com,Japan,2026-09-03,vegetariana
Youssef Marino,youssef.marino441@icloud.com,USA,2025-12-01,vegetariana
arjun ricci,arjun.ricci847@icloud.com,Japan,2025-12-05,kosher
  Chiara Nowak  ,chiara.nowak778@yahoo.com,Switzerland,2026-08-20,italiana
  Camille Watanabe  ,camille.watanabe596@outlook.com,UAE,2026-06-18,pesce
Aiko Kowalski,aiko.kowalski904@yahoo.com,Switzerland,2026-06-09,halal
Aiko Watanabe,aiko.watanabe475@outlook.com,USA,2025-06-21,halal
CHIARA IBRAHIM,chiara.ibrahim755@gmail.com,UK,2025-06-19,senza glutine
Petrov Emma,emma.petrov646@gmail.com,UAE,2025-05-25,internazionale
  Luca Martinez  ,luca.martinez227@gmail.com,Japan,2025-06-25,senza glutine
james tanaka,james.tanaka940@icloud.com,Netherlands,2025-07-06,vegana
  Patricia Ibrahim  ,patricia.ibrahim937@gmail.com,France,2024-12-22,italiana
Patricia Bianchi,patricia.bianchi677@yahoo.com,France,2025-06-30,senza glutine
Aiko Costa,aiko.costa643@gmail.com,Switzerland,2025-08-14,vegana
  Ingrid Ivanov  ,ingrid.ivanov240@gmail.com,USA,2025-06-06,vegana
VALENTINA MARINO,valentina.marino254@outlook.com,Switzerland,2025-01-07,vegetariana
Chen Federica,federica.chen568@gmail.com,Germany,2025-07-08,vegetariana
  Federica Kaczmarek  ,federica.kaczmarek286@gmail.com,Netherlands,2025-08-31,senza glutine
andrea moreau,andrea.moreau804@icloud.com,Spain,2026-03-08,kosher
Dmitri Tanaka,dmitri.tanaka100@outlook.com,UAE,2026-02-26,vegana
Lucia Patel,lucia.patel6@yahoo.com,Spain,2025-02-16,kosher
Aiko Hassan,aiko.hassan384@gmail.com,USA,2024-09-28,senza glutine
Giulia Smith,giulia.smith346@outlook.com,UK,2025-06-04,italiana
  Omar Ricci  ,omar.ricci275@outlook.com,Germany,2024-12-30,halal
isabella patel,isabella.patel675@icloud.com,Switzerland,2025-07-20,italiana
Olga Al-Farsi,olga.al-farsi903@outlook.com,Japan,2026-08-30,pesce
  Elena Ivanov  ,elena.ivanov494@outlook.com,France,2025-01-24,vegana
LUCA PATEL,luca.patel733@gmail.com,Germany,2025-06-11,kosher
OMAR PATEL,omar.patel569@icloud.com,Japan,2026-03-13,internazionale
Yuki Patel,yuki.patel898@yahoo.com,USA,2025-09-14,vegana
william petrov,william.petrov236@outlook.com,Japan,2024-10-02,vegetariana
Klaus Lopez,klaus.lopez671@yahoo.com,USA,2025-01-03,italiana
Nilsson Yuki,yuki.nilsson704@icloud.com,UAE,2026-08-08,pesce
olga singh,olga.singh653@outlook.com,USA,2024-12-03,senza glutine
Carlos Moreau,carlos.moreau211@icloud.com,Japan,2025-12-19,vegetariana
John Ferrari,john.ferrari864@gmail.com,Switzerland,2026-05-26,vegetariana
LUCA GRECO,luca.greco361@yahoo.com,Netherlands,2025-04-26,halal
KENJI KOBAYASHI,kenji.kobayashi894@gmail.com,Italy,2026-03-13,halal
Bianchi David,david.bianchi922@outlook.com,Italy,2025-01-12,internazionale
ANNA WATANABE,anna.watanabe76@gmail.com,Netherlands,2025-05-18,pesce
john nakamura,john.nakamura112@yahoo.com,USA,2025-06-08,vegana
David Nakamura,david.nakamura898@gmail.com,Japan,2026-09-08,kosher
HENRI SCHMIDT,henri.schmidt423@icloud.com,UK,2025-03-02,pesce
  Federica Muller  ,federica.muller883@yahoo.com,Spain,2024-12-16,kosher
erik tanaka,erik.tanaka711@gmail.com,USA,2026-08-03,kosher
thomas marino,thomas.marino615@outlook.com,USA,2025-01-03,kosher
arjun lefevre,arjun.lefevre178@gmail.com,UAE,2026-07-11,senza glutine
marco smith,marco.smith764@yahoo.com,Netherlands,2025-12-27,vegana
David Romano,david.romano866@icloud.com,France,2025-11-08,halal
Klaus Martinez,klaus.martinez745@gmail.com,Italy,2026-04-11,senza glutine
  Anna Ibrahim  ,anna.ibrahim17@outlook.com,Netherlands,2026-03-14,pesce
Pierre Greco,pierre.greco24@outlook.com,France,2024-12-07,kosher
ROBERT AL-RASHID,robert.al-rashid91@icloud.com,UK,2026-09-09,italiana
  James Marino  ,james.marino672@outlook.com,UAE,2026-08-12,vegana
Omar Ivanov,omar.ivanov786@outlook.com,Italy,2026-07-20,vegetariana
Leroy Valentina,valentina.leroy458@outlook.com,UAE,2025-12-13,pesce
Lucia Weber,lucia.weber859@gmail.com,USA,2025-09-21,kosher
  Elena Klein  ,elena.klein124@outlook.com,UAE,2025-09-28,vegana
Pierre Petrov,pierre.petrov777@yahoo.com,Spain,2024-09-17,halal
ALESSANDRO MARINO,alessandro.marino973@gmail.com,Switzerland,2025-09-09,italiana
ROBERT ESPOSITO,robert.esposito229@outlook.com,Japan,2025-12-13,pesce
klaus chen,klaus.chen864@outlook.com,Japan,2025-12-31,kosher
Elena Conti,elena.conti979@gmail.com,UAE,2025-06-18,italiana
CHARLOTTE MARINO,charlotte.marino543@outlook.com,Netherlands,2025-08-26,kosher
elena fischer,elena.fischer926@icloud.com,UK,2025-12-20,internazionale
James Petrov,james.petrov31@yahoo.com,Italy,2025-08-05,internazionale
Romano Valentina,valentina.romano965@yahoo.com,Spain,2026-08-22,vegetariana
aiko ricci,aiko.ricci992@yahoo.com,Japan,2026-02-20,kosher
SIMONE SCHMIDT,simone.schmidt639@outlook.com,Japan,2024-09-10,internazionale
James Johnson,james.johnson856@outlook.com,Switzerland,2024-09-21,vegana
Silvia Park,silvia.park115@gmail.com,Italy,2026-02-03,internazionale
Thomas Nakamura,thomas.nakamura419@icloud.com,UAE,2025-07-28,vegetariana
SILVIA AL-RASHID,silvia.al-rashid100@outlook.com,Netherlands,2026-06-21,italiana
  Anna Colombo  ,anna.colombo188@gmail.com,UK,2025-01-15,halal
charlotte yamamoto,charlotte.yamamoto683@outlook.com,Germany,2024-09-16,senza glutine
Giulia Wagner,giulia.wagner524@outlook.com,UAE,2025-07-16,halal
Olga Novak,olga.novak206@outlook.com,Germany,2026-03-25,internazionale
Amelia Colombo,amelia.colombo461@outlook.com,France,2026-08-26,italiana
anna rossi,anna.rossi476@yahoo.com,France,2026-07-13,italiana
YOUSSEF CONTI,youssef.conti473@yahoo.com,USA,2025-09-02,senza glutine
Valentina Tanaka,valentina.tanaka154@yahoo.com,Spain,2026-06-08,kosher
Al-Rashid Isabella,isabella.al-rashid518@yahoo.com,USA,2024-10-31,italiana
YUKI FERRARI,yuki.ferrari367@yahoo.com,Japan,2025-11-03,halal
Ekaterina Tanaka,ekaterina.tanaka996@gmail.com,Italy,2026-08-03,senza glutine
CHIARA BERNARD,chiara.bernard875@icloud.com,Italy,2025-07-20,vegetariana
Olivia Ibrahim,olivia.ibrahim563@yahoo.com,Netherlands,2026-08-21,kosher
Simone Johnson,simone.johnson212@gmail.com,Japan,2025-03-08,vegana
VALENTINA NAKAMURA,valentina.nakamura920@yahoo.com,Switzerland,2024-12-04,senza glutine
Paolo Garcia,paolo.garcia87@icloud.com,Spain,2025-09-22,vegetariana
ingrid dubois,ingrid.dubois703@outlook.com,UK,2026-07-25,kosher
  Robert Kumar  ,robert.kumar841@gmail.com,USA,2025-06-07,kosher
Olivia Kobayashi,olivia.kobayashi916@gmail.com,Spain,2026-06-02,pesce
Erik Costa,erik.costa590@gmail.com,Japan,2025-01-11,internazionale
jean tanaka,jean.tanaka662@icloud.com,Netherlands,2026-04-05,kosher
Olga Rossi,olga.rossi744@icloud.com,Japan,2025-10-17,internazionale
  Priya Smith  ,priya.smith541@icloud.com,Italy,2025-01-17,vegana
Ananya Lefevre,ananya.lefevre425@icloud.com,Italy,2026-03-05,internazionale
henri andersen,henri.andersen184@icloud.com,Spain,2026-03-01,vegetariana
  Olga Lopez  ,olga.lopez870@outlook.com,Netherlands,2025-09-17,internazionale
CARLOS PATEL,carlos.patel35@gmail.com,UK,2025-03-13,vegetariana
Omar Novak,omar.novak133@icloud.com,Spain,2024-12-18,pesce
Giorgia Meyer,giorgia.meyer215@gmail.com,Netherlands,2026-08-19,senza glutine
charlotte sokolov,charlotte.sokolov13@outlook.com,UK,2025-12-29,vegana
  Aiko Al-Farsi  ,aiko.al-farsi339@icloud.com,Japan,2026-06-06,halal
arjun al-rashid,arjun.al-rashid367@yahoo.com,USA,2026-02-10,internazionale
ELENA SCHMIDT,elena.schmidt745@outlook.com,Netherlands,2026-06-16,kosher
CAMILLE PARK,camille.park893@gmail.com,UAE,2025-01-03,italiana
Erik Kobayashi,erik.kobayashi106@icloud.com,Germany,2025-09-08,kosher
ahmed ricci,ahmed.ricci430@outlook.com,Italy,2026-01-08,internazionale
  Arjun Kim  ,arjun.kim720@outlook.com,Spain,2024-12-03,senza glutine
Aiko Dubois,aiko.dubois551@outlook.com,Switzerland,2024-12-27,vegetariana
KLAUS GARCIA,klaus.garcia476@yahoo.com,Switzerland,2025-12-19,pesce
  Matteo Lefevre  ,matteo.lefevre643@yahoo.com,France,2026-07-06,vegetariana
Matteo Nowak,matteo.nowak647@icloud.com,UAE,2026-01-01,internazionale
Yuki Colombo,yuki.colombo920@icloud.com,Switzerland,2024-09-28,italiana
MARIE FERREIRA,marie.ferreira634@yahoo.com,France,2026-08-26,kosher
WILLIAM NOWAK,william.nowak869@outlook.com,UK,2024-12-21,vegetariana
Matteo Tanaka,matteo.tanaka178@outlook.com,USA,2025-03-21,senza glutine
AHMED GIRARD,ahmed.girard152@outlook.com,Japan,2026-08-28,senza glutine
  Federica Lefevre  ,federica.lefevre533@outlook.com,UAE,2026-05-02,internazionale
CHIARA KOBAYASHI,chiara.kobayashi959@gmail.com,Spain,2026-08-09,senza glutine
John Rossi,john.rossi66@yahoo.com,Germany,2026-06-05,vegetariana
chiara sharma,chiara.sharma978@gmail.com,Switzerland,2025-12-27,vegetariana
robert popov,robert.popov124@gmail.com,Italy,2025-05-17,pesce
Priya Nakamura,priya.nakamura434@gmail.com,USA,2025-06-15,senza glutine
ANNA KUMAR,anna.kumar571@icloud.com,Japan,2026-08-14,halal
Girard Olga,olga.girard192@gmail.com,UAE,2026-07-02,senza glutine
Priya Esposito,priya.esposito848@outlook.com,France,2025-07-01,kosher
Garcia Yuki,yuki.garcia550@icloud.com,UK,2025-07-08,vegetariana
WILLIAM LEFEVRE,william.lefevre680@gmail.com,Japan,2025-06-01,pesce
Fatima Kim,fatima.kim790@icloud.com,UK,2025-06-15,halal
AHMED LOPEZ,ahmed.lopez111@gmail.com,Netherlands,2026-07-02,vegana
silvia bernard,silvia.bernard450@gmail.com,France,2024-09-15,internazionale
EMMA GIRARD,emma.girard821@icloud.com,UK,2025-08-09,pesce
Elena Ferrari,elena.ferrari163@gmail.com,UK,2026-08-12,vegana
federica nilsson,federica.nilsson105@outlook.com,Japan,2025-10-01,kosher
valentina meyer,valentina.meyer937@outlook.com,USA,2025-08-16,kosher
chiara greco,chiara.greco692@outlook.com,Japan,2025-06-08,vegetariana
andrea petrov,andrea.petrov449@outlook.com,Netherlands,2024-11-04,italiana
Isabella Sokolov,isabella.sokolov856@outlook.com,Italy,2025-03-12,internazionale
  Francesco Kobayashi  ,francesco.kobayashi677@gmail.com,Italy,2024-11-23,italiana
  Sara Nakamura  ,sara.nakamura409@gmail.com,UAE,2024-12-15,italiana
HENRI BRUNO,henri.bruno788@icloud.com,UAE,2025-01-05,halal
Marco Garcia,marco.garcia938@gmail.com,USA,2025-06-03,kosher
francesco ibrahim,francesco.ibrahim339@yahoo.com,UAE,2024-09-15,halal
matteo nakamura,matteo.nakamura330@outlook.com,Italy,2026-08-16,senza glutine
KENJI AL-RASHID,kenji.al-rashid280@outlook.com,UK,2024-12-14,kosher
Laura Andersen,laura.andersen773@yahoo.com,Italy,2025-07-13,pesce
Klein Alessandro,alessandro.klein729@gmail.com,UK,2026-07-11,internazionale
ALESSANDRO PARK,alessandro.park793@icloud.com,UK,2024-12-05,pesce
GIORGIA WAGNER,giorgia.wagner382@yahoo.com,UK,2025-09-01,pesce
  Marie Fischer  ,marie.fischer168@outlook.com,France,2026-06-24,vegana
ROBERT SHARMA,robert.sharma887@icloud.com,UK,2025-10-17,halal
Schmidt Marco,marco.schmidt979@outlook.com,UAE,2025-02-25,senza glutine
valentina ibrahim,valentina.ibrahim877@outlook.com,France,2026-03-25,vegetariana
ingrid dubois,ingrid.dubois841@outlook.com,Spain,2026-01-24,italiana
Ananya Sokolov,ananya.sokolov500@outlook.com,UK,2025-07-03,vegetariana
  David Klein  ,david.klein74@outlook.com,UK,2024-10-05,kosher
MARIE LOPEZ,marie.lopez462@gmail.com,France,2024-09-13,vegana
marco ibrahim,marco.ibrahim435@icloud.com,UK,2026-06-14,vegana
Olivia Schmidt,olivia.schmidt64@gmail.com,Spain,2025-06-13,senza glutine
Robert Muller,robert.muller421@yahoo.com,Italy,2024-12-20,vegana
Laura Park,laura.park346@gmail.com,UK,2025-09-19,pesce
Luca Tanaka,luca.tanaka186@yahoo.com,UAE,2026-08-01,senza glutine
SARA MULLER,sara.muller965@yahoo.com,UAE,2024-09-14,italiana
AHMED WEBER,ahmed.weber766@outlook.com,UAE,2024-10-16,kosher
PRIYA HASSAN,priya.hassan250@outlook.com,Italy,2025-07-30,vegana
INGRID JOHNSON,ingrid.johnson773@outlook.com,Germany,2026-01-18,senza glutine
Sophie Kobayashi,sophie.kobayashi403@icloud.com,Germany,2025-08-29,senza glutine
LAYLA COSTA,layla.costa637@gmail.com,Spain,2026-07-20,halal
  Francesco Colombo  ,francesco.colombo380@yahoo.com,UAE,2024-10-03,internazionale
MARIA COLOMBO,maria.colombo187@gmail.com,USA,2025-06-22,vegetariana
Robert Bernard,robert.bernard292@yahoo.com,Switzerland,2025-06-27,vegetariana
Ingrid Muller,ingrid.muller18@gmail.com,UK,2025-06-22,kosher
Emma Meyer,emma.meyer365@outlook.com,Switzerland,2025-09-03,italiana
yuki kumar,yuki.kumar225@gmail.com,Switzerland,2026-05-24,pesce
Omar Tanaka,omar.tanaka582@yahoo.com,USA,2025-06-11,kosher
Simone Dubois,simone.dubois917@gmail.com,Netherlands,2026-04-03,vegetariana
Ibrahim Paolo,paolo.ibrahim248@yahoo.com,Italy,2024-12-25,senza glutine
Nakamura Layla,layla.nakamura195@outlook.com,Spain,2025-10-21,halal
kenji kaczmarek,kenji.kaczmarek212@yahoo.com,UK,2025-07-09,pesce
Henri Al-Rashid,henri.al-rashid632@icloud.com,UK,2025-09-29,italiana
Kenji Nakamura,kenji.nakamura915@icloud.com,USA,2024-12-06,vegana
robert patel,robert.patel861@yahoo.com,UK,2026-08-17,halal
giulia nowak,giulia.nowak828@yahoo.com,Germany,2026-07-25,pesce
jean novak,jean.novak676@outlook.com,Switzerland,2026-06-15,internazionale
Giorgia Garcia,giorgia.garcia85@yahoo.com,UAE,2026-07-18,vegetariana
  Arjun Singh  ,arjun.singh548@yahoo.com,Italy,2024-12-25,internazionale
Anna Nakamura,anna.nakamura260@outlook.com,Japan,2025-09-11,italiana
Rossi Luca,luca.rossi17@outlook.com,Netherlands,2025-06-11,italiana
omar bruno,omar.bruno788@gmail.com,UK,2026-07-15,pesce
  Matteo Esposito  ,matteo.esposito468@gmail.com,UAE,2025-02-02,senza glutine
HENRI ESPOSITO,henri.esposito770@yahoo.com,Switzerland,2025-03-07,senza glutine
pierre conti,pierre.conti651@icloud.com,Netherlands,2026-01-30,halal
pierre romano,pierre.romano220@yahoo.com,USA,2024-11-21,halal
  Omar Greco  ,omar.greco949@icloud.com,Germany,2026-03-21,senza glutine
kenji johnson,kenji.johnson710@yahoo.com,USA,2025-04-29,vegetariana
  Maria Suzuki  ,maria.suzuki137@yahoo.com,UK,2026-01-02,pesce
Sara Silva,sara.silva814@gmail.com,UAE,2026-07-08,senza glutine
SILVIA NOWAK,silvia.nowak930@icloud.com,Switzerland,2025-12-06,senza glutine
Diego Ricci,diego.ricci233@gmail.com,Netherlands,2025-02-27,vegetariana
  Laura Kowalski  ,laura.kowalski446@outlook.com,Japan,2024-10-08,kosher
Dubois William,william.dubois557@icloud.com,Switzerland,2024-10-03,pesce
EKATERINA COLOMBO,ekaterina.colombo158@gmail.com,UK,2024-11-21,italiana
HENRI MARTINEZ,henri.martinez316@outlook.com,UK,2025-11-11,kosher
Silvia Lefevre,silvia.lefevre966@yahoo.com,Italy,2025-06-26,pesce
Ekaterina Petrov,ekaterina.petrov729@yahoo.com,UK,2025-04-02,pesce
  Kenji Kowalski  ,kenji.kowalski406@yahoo.com,Germany,2025-03-07,vegana
VALENTINA RICCI,valentina.ricci206@yahoo.com,Spain,2026-08-15,vegana
Matteo Bernard,matteo.bernard387@icloud.com,Japan,2024-12-11,pesce
Youssef Wagner,youssef.wagner29@gmail.com,France,2025-06-04,vegetariana
Muller Chiara,chiara.muller720@yahoo.com,Netherlands,2025-08-26,vegana
WILLIAM GRECO,william.greco902@yahoo.com,USA,2024-09-10,internazionale
camille conti,camille.conti449@outlook.com,UK,2026-08-01,internazionale
Chiara Silva,chiara.silva375@yahoo.com,Netherlands,2024-12-01,pesce
HENRI MULLER,henri.muller295@outlook.com,Spain,2026-01-25,vegetariana
ELENA COLOMBO,elena.colombo972@outlook.com,Spain,2025-12-16,kosher
Charlotte Rossi,charlotte.rossi783@icloud.com,Germany,2026-06-06,vegana
  Anna Weber  ,anna.weber99@outlook.com,Italy,2025-12-27,internazionale
KENJI DUBOIS,kenji.dubois607@yahoo.com,Germany,2026-05-01,senza glutine
Park Federica,federica.park675@icloud.com,Spain,2025-08-01,italiana
Matteo Popov,matteo.popov402@gmail.com,Spain,2025-09-04,italiana
Ahmed Costa,ahmed.costa821@gmail.com,Italy,2026-02-15,halal
KENJI LOPEZ,kenji.lopez438@outlook.com,Japan,2025-10-29,senza glutine
Omar Kobayashi,omar.kobayashi690@outlook.com,France,2025-09-15,pesce
Nakamura Maria,maria.nakamura7@outlook.com,Switzerland,2025-02-20,vegetariana
amelia petrov,amelia.petrov119@yahoo.com,UK,2025-04-18,vegetariana
ERIK BIANCHI,erik.bianchi747@icloud.com,Italy,2025-07-01,vegetariana
Kenji Hassan,kenji.hassan370@yahoo.com,Italy,2024-09-14,kosher
LUCA KACZMAREK,luca.kaczmarek319@gmail.com,Spain,2025-07-30,italiana
SOPHIE SILVA,sophie.silva130@icloud.com,Switzerland,2024-09-11,pesce
Tanaka Elena,elena.tanaka686@yahoo.com,Japan,2025-10-26,italiana
Simone Tanaka,simone.tanaka551@outlook.com,Spain,2026-02-18,vegana
alessandro costa,alessandro.costa124@icloud.com,France,2025-10-22,senza glutine
Ingrid Ibrahim,ingrid.ibrahim935@icloud.com,Spain,2026-02-06,internazionale
Hans Kim,hans.kim909@gmail.com,Switzerland,2024-09-10,senza glutine
Emma Martinez,emma.martinez398@gmail.com,France,2024-10-20,pesce
Laura Yamamoto,laura.yamamoto917@yahoo.com,USA,2026-02-12,pesce
JOHN PATEL,john.patel529@gmail.com,Switzerland,2026-06-03,internazionale
Ananya Ibrahim,ananya.ibrahim243@yahoo.com,UAE,2026-03-05,vegana
  Matteo Dubois  ,matteo.dubois292@yahoo.com,UAE,2026-01-04,vegetariana
amelia popov,amelia.popov574@yahoo.com,USA,2026-02-22,pesce
ANNA SINGH,anna.singh888@outlook.com,Switzerland,2026-03-29,vegetariana
  Nikolai Hassan  ,nikolai.hassan925@yahoo.com,UAE,2026-03-12,vegana
INGRID KUMAR,ingrid.kumar355@outlook.com,UAE,2026-03-27,kosher
  Simone Ivanov  ,simone.ivanov128@icloud.com,Spain,2024-11-05,italiana
MARCO COSTA,marco.costa108@yahoo.com,Spain,2024-10-24,pesce
Esposito Giorgia,giorgia.esposito640@icloud.com,USA,2025-07-02,vegetariana
JEAN ROMANO,jean.romano990@outlook.com,UK,2025-09-23,pesce
Girard Olivia,olivia.girard523@outlook.com,Japan,2026-04-23,internazionale
Romano Henri,henri.romano201@outlook.com,Italy,2025-06-19,vegetariana
lucia fernandez,lucia.fernandez986@yahoo.com,Japan,2025-05-07,halal
Alessandro Fernandez,alessandro.fernandez713@icloud.com,UAE,2026-05-14,pesce
  Patricia Fernandez  ,patricia.fernandez632@outlook.com,Spain,2025-04-09,vegetariana
Maria Popov,maria.popov883@icloud.com,Germany,2026-06-12,internazionale
maria marino,maria.marino988@yahoo.com,USA,2025-01-19,halal
Olivia Kumar,olivia.kumar512@gmail.com,France,2025-07-01,internazionale
Priya Tanaka,priya.tanaka455@gmail.com,UAE,2025-07-22,italiana
james fischer,james.fischer219@outlook.com,Italy,2025-06-02,pesce
Youssef Kobayashi,youssef.kobayashi909@icloud.com,Spain,2024-09-11,senza glutine
YOUSSEF ROSSI,youssef.rossi65@icloud.com,USA,2025-03-25,internazionale
Aiko Bernard,aiko.bernard119@yahoo.com,Switzerland,2025-06-21,halal
  Marie Hassan  ,marie.hassan102@outlook.com,Netherlands,2025-06-09,pesce
HENRI FERREIRA,henri.ferreira657@gmail.com,UAE,2026-05-18,senza glutine
Ferrari Laura,laura.ferrari572@icloud.com,Japan,2024-10-06,pesce
JOHN GRECO,john.greco190@outlook.com,Spain,2025-07-16,vegetariana
Ananya Klein,ananya.klein655@outlook.com,USA,2024-09-28,internazionale
David Silva,david.silva362@outlook.com,Switzerland,2026-08-06,kosher
Kim Luca,luca.kim863@yahoo.com,Japan,2026-05-24,kosher
VALENTINA PETROV,valentina.petrov269@outlook.com,UK,2026-09-01,internazionale
Youssef Bianchi,youssef.bianchi645@gmail.com,UAE,2026-07-27,senza glutine
Matteo Al-Rashid,matteo.al-rashid876@yahoo.com,Netherlands,2025-06-10,internazionale
Isabella Meyer,isabella.meyer527@gmail.com,USA,2026-02-04,kosher
diego kim,diego.kim382@gmail.com,France,2025-06-05,vegana
  John Esposito  ,john.esposito628@icloud.com,Netherlands,2026-07-16,vegana
robert romano,robert.romano554@icloud.com,Italy,2025-07-27,vegana
Valentina Ferreira,valentina.ferreira474@icloud.com,Spain,2025-07-10,internazionale
omar meyer,omar.meyer656@yahoo.com,Switzerland,2026-07-29,vegetariana
ANNA FISCHER,anna.fischer284@yahoo.com,Japan,2026-06-20,vegetariana
SILVIA MOREAU,silvia.moreau877@icloud.com,Japan,2026-08-24,vegetariana
giulia esposito,giulia.esposito937@gmail.com,UK,2024-10-27,kosher
Muller Charlotte,charlotte.muller520@gmail.com,Italy,2025-04-02,senza glutine
Giorgia Lopez,giorgia.lopez671@yahoo.com,France,2025-06-02,vegetariana
Astrid Costa,astrid.costa701@gmail.com,Italy,2025-08-03,pesce
FEDERICA CONTI,federica.conti570@gmail.com,France,2025-08-27,vegetariana
OMAR FERNANDEZ,omar.fernandez343@gmail.com,Italy,2025-05-25,senza glutine
omar girard,omar.girard20@outlook.com,Switzerland,2026-05-24,italiana
Laura Costa,laura.costa617@yahoo.com,Switzerland,2025-03-11,internazionale
Valentina Fischer,valentina.fischer808@gmail.com,Germany,2026-02-10,senza glutine
ARJUN GIRARD,arjun.girard687@icloud.com,Netherlands,2026-06-28,vegana
william garcia,william.garcia410@outlook.com,Italy,2025-12-03,pesce
Layla Colombo,layla.colombo512@gmail.com,UAE,2025-06-29,kosher
  Olivia Meyer  ,olivia.meyer302@icloud.com,Germany,2025-01-31,halal
diego petrov,diego.petrov767@gmail.com,Japan,2024-12-19,senza glutine
MATTEO GRECO,matteo.greco799@gmail.com,France,2026-04-03,senza glutine
PIERRE KUMAR,pierre.kumar200@outlook.com,Japan,2025-08-25,internazionale
ROBERT KLEIN,robert.klein553@gmail.com,France,2024-10-05,halal
Ibrahim Yuki,yuki.ibrahim251@gmail.com,UK,2026-09-01,italiana
Sara Kobayashi,sara.kobayashi342@icloud.com,France,2026-01-13,internazionale
henri yamamoto,henri.yamamoto489@outlook.com,Japan,2026-06-24,vegana
Nowak Sophie,sophie.nowak318@gmail.com,Netherlands,2025-08-10,vegetariana
PRIYA GRECO,priya.greco958@outlook.com,Netherlands,2026-08-18,senza glutine
PAOLO FERREIRA,paolo.ferreira565@yahoo.com,USA,2025-02-13,vegetariana
CARLOS MULLER,carlos.muller520@yahoo.com,France,2025-01-28,kosher
CAMILLE LEROY,camille.leroy638@gmail.com,Netherlands,2026-07-17,italiana
Marco Wagner,marco.wagner653@outlook.com,Japan,2026-07-17,kosher
ROBERT SMITH,robert.smith686@yahoo.com,Spain,2025-09-09,internazionale
ROBERT GRECO,robert.greco813@outlook.com,France,2024-12-15,vegetariana
Elena Al-Rashid,elena.al-rashid611@yahoo.com,Italy,2025-06-04,vegetariana
elena ferreira,elena.ferreira966@yahoo.com,UAE,2026-04-14,vegetariana
OLGA TANAKA,olga.tanaka65@outlook.com,Spain,2026-06-25,vegana
ARJUN PETROV,arjun.petrov784@outlook.com,UK,2025-06-26,vegana
KENJI GIRARD,kenji.girard958@outlook.com,Switzerland,2024-10-21,halal
PATRICIA LEROY,patricia.leroy372@icloud.com,Switzerland,2026-01-07,halal
Fernandez Yuki,yuki.fernandez467@yahoo.com,USA,2026-03-29,internazionale
erik klein,erik.klein326@yahoo.com,UAE,2025-08-03,pesce
MARIA COSTA,maria.costa429@outlook.com,UAE,2025-11-14,vegana
Olivia Patel,olivia.patel516@gmail.com,Germany,2026-09-03,italiana
HANS NOVAK,hans.novak849@icloud.com,Italy,2025-04-04,italiana
jean bianchi,jean.bianchi780@yahoo.com,USA,2025-11-03,vegana
ANNA SILVA,anna.silva236@gmail.com,USA,2025-12-07,halal
GIULIA WATANABE,giulia.watanabe766@gmail.com,Switzerland,2025-10-08,halal
  Jean Popov  ,jean.popov950@icloud.com,Germany,2026-07-06,vegetariana
ELENA AL-FARSI,elena.al-farsi219@gmail.com,Germany,2025-12-04,senza glutine
AMELIA KACZMAREK,amelia.kaczmarek555@outlook.com,UK,2025-09-13,vegetariana
  Arjun Sokolov  ,arjun.sokolov151@icloud.com,Switzerland,2024-12-13,vegetariana
Thomas Popov,thomas.popov809@icloud.com,Netherlands,2026-02-17,vegetariana
  Ekaterina Martinez  ,ekaterina.martinez639@icloud.com,Spain,2024-12-18,vegetariana
MARCO ESPOSITO,marco.esposito892@outlook.com,UK,2024-09-23,vegana
fatima johnson,fatima.johnson770@gmail.com,Switzerland,2025-09-04,kosher
ananya dubois,ananya.dubois548@outlook.com,Italy,2025-11-03,vegana
federica al-rashid,federica.al-rashid702@yahoo.com,Netherlands,2026-09-09,vegana
valentina kobayashi,valentina.kobayashi508@gmail.com,Switzerland,2026-02-27,vegetariana
  Yuki Bruno  ,yuki.bruno724@gmail.com,Netherlands,2026-06-26,senza glutine
Ananya Watanabe,ananya.watanabe434@gmail.com,France,2025-06-25,halal
Lucia Fischer,lucia.fischer284@yahoo.com,Netherlands,2025-09-14,vegana
ERIK LOPEZ,erik.lopez42@outlook.com,USA,2026-08-28,senza glutine
Jean Lefevre,jean.lefevre241@yahoo.com,USA,2025-07-30,senza glutine
erik girard,erik.girard413@outlook.com,France,2026-06-05,pesce
Andrea Girard,andrea.girard941@yahoo.com,Switzerland,2025-09-22,halal
Klein Layla,layla.klein613@gmail.com,USA,2025-03-12,pesce
Marino Alessandro,alessandro.marino474@gmail.com,Germany,2025-11-12,senza glutine
giulia marino,giulia.marino913@yahoo.com,Spain,2025-03-05,vegetariana
Carlos Rossi,carlos.rossi414@yahoo.com,UK,2024-09-11,pesce
  Camille Silva  ,camille.silva360@gmail.com,Spain,2025-03-25,halal
Suzuki Federica,federica.suzuki81@outlook.com,Switzerland,2025-02-06,kosher
  William Kim  ,william.kim985@outlook.com,UAE,2025-07-07,halal
CAMILLE ROMANO,camille.romano829@outlook.com,Spain,2026-07-16,pesce
  Elena Weber  ,elena.weber18@icloud.com,Spain,2025-07-16,senza glutine
FRANCESCO KIM,francesco.kim451@outlook.com,Germany,2026-06-24,halal
LAURA GIRARD,laura.girard23@yahoo.com,Italy,2025-10-15,internazionale
  Giulia Andersen  ,giulia.andersen900@yahoo.com,Japan,2024-09-13,kosher
william hassan,william.hassan973@icloud.com,France,2025-02-01,vegana
CHARLOTTE NILSSON,charlotte.nilsson818@outlook.com,Japan,2026-08-06,italiana
CHIARA LEFEVRE,chiara.lefevre876@yahoo.com,UAE,2025-12-04,kosher
  Simone Bianchi  ,simone.bianchi219@outlook.com,Spain,2026-08-05,vegetariana
Olga Chen,olga.chen821@outlook.com,Switzerland,2025-06-07,vegana
  Kenji Nowak  ,kenji.nowak686@icloud.com,USA,2026-03-04,vegetariana
Henri Popov,henri.popov422@yahoo.com,UAE,2026-05-04,kosher
laura martinez,laura.martinez340@icloud.com,Italy,2026-08-28,italiana
ELENA MARTINEZ,elena.martinez25@icloud.com,Germany,2024-09-19,vegana
WILLIAM ROMANO,william.romano812@icloud.com,Netherlands,2026-08-17,italiana
john lopez,john.lopez407@yahoo.com,Japan,2025-07-17,vegana
Hans Muller,hans.muller559@outlook.com,Germany,2026-06-21,pesce
marie meyer,marie.meyer260@yahoo.com,UAE,2025-10-03,vegana
ahmed ferrari,ahmed.ferrari582@gmail.com,Japan,2025-10-25,pesce
Kumar Layla,layla.kumar124@gmail.com,UAE,2025-07-01,halal
William Al-Farsi,william.al-farsi507@icloud.com,Germany,2026-06-16,senza glutine
Al-Farsi Robert,robert.al-farsi929@gmail.com,Japan,2025-04-25,vegetariana
dmitri smith,dmitri.smith331@outlook.com,USA,2025-09-06,kosher
Marie Singh,marie.singh971@yahoo.com,Switzerland,2025-10-20,italiana
nikolai kumar,nikolai.kumar234@gmail.com,Spain,2026-04-01,vegetariana
marie ivanov,marie.ivanov340@icloud.com,UAE,2025-08-26,vegana
William Nakamura,william.nakamura39@yahoo.com,Switzerland,2026-01-23,senza glutine
Sophie Park,sophie.park744@icloud.com,France,2025-09-02,senza glutine
Klaus Fernandez,klaus.fernandez322@icloud.com,Italy,2025-12-31,halal
  John Romano  ,john.romano774@outlook.com,Switzerland,2026-01-16,halal
Ahmed Schmidt,ahmed.schmidt769@outlook.com,Italy,2026-02-24,internazionale
DIEGO NAKAMURA,diego.nakamura146@gmail.com,Netherlands,2026-06-13,pesce
Marie Wagner,marie.wagner650@gmail.com,Germany,2025-09-30,italiana
Charlotte Andersen,charlotte.andersen354@gmail.com,UK,2025-02-06,senza glutine
silvia popov,silvia.popov526@yahoo.com,USA,2026-01-22,pesce
ISABELLA MULLER,isabella.muller78@outlook.com,Netherlands,2024-11-08,halal
Chiara Chen,chiara.chen485@icloud.com,Switzerland,2025-03-06,vegetariana
william esposito,william.esposito867@outlook.com,Japan,2026-05-26,internazionale
Aiko Lefevre,aiko.lefevre308@yahoo.com,Switzerland,2025-08-08,senza glutine
Robert Singh,robert.singh298@yahoo.com,France,2025-09-09,italiana
Fatima Bernard,fatima.bernard880@outlook.com,Japan,2026-09-03,internazionale
isabella marino,isabella.marino837@yahoo.com,UAE,2025-03-24,kosher
Giorgia Ferrari,giorgia.ferrari942@gmail.com,UAE,2024-09-19,vegetariana
Sara Nowak,sara.nowak890@gmail.com,France,2024-12-07,vegetariana
federica petrov,federica.petrov603@gmail.com,Italy,2025-04-03,vegana
YOUSSEF JOHNSON,youssef.johnson970@yahoo.com,UK,2026-03-14,internazionale
Giulia Weber,giulia.weber551@outlook.com,Switzerland,2026-05-08,italiana
lucia singh,lucia.singh244@yahoo.com,USA,2025-10-26,italiana
CHARLOTTE PARK,charlotte.park125@icloud.com,USA,2025-04-15,italiana
ROBERT KIM,robert.kim728@yahoo.com,UK,2025-09-20,halal
jean al-farsi,jean.al-farsi314@yahoo.com,UAE,2024-09-17,vegana
  Simone Ferreira  ,simone.ferreira208@yahoo.com,UAE,2026-01-25,italiana
PRIYA FERREIRA,priya.ferreira166@yahoo.com,Germany,2025-12-09,halal
  Francesco Lefevre  ,francesco.lefevre110@icloud.com,Japan,2024-09-20,pesce
Paolo Ivanov,paolo.ivanov268@outlook.com,UAE,2026-06-10,kosher
  Carlos Schmidt  ,carlos.schmidt209@yahoo.com,Netherlands,2026-04-24,senza glutine
  Astrid Nilsson  ,astrid.nilsson693@gmail.com,Spain,2025-06-06,vegetariana
PAOLO SMITH,paolo.smith298@outlook.com,USA,2025-12-19,vegetariana
sophie martinez,sophie.martinez640@gmail.com,Netherlands,2025-12-02,italiana
Esposito Kenji,kenji.esposito334@icloud.com,Germany,2024-12-23,italiana
Carlos Kim,carlos.kim743@gmail.com,Spain,2025-02-06,pesce
Thomas Watanabe,thomas.watanabe868@gmail.com,Germany,2026-01-26,halal
  Hans Silva  ,hans.silva761@icloud.com,USA,2026-08-07,pesce
HANS KOBAYASHI,hans.kobayashi577@outlook.com,France,2025-11-07,pesce
Pierre Hassan,pierre.hassan608@gmail.com,USA,2025-10-29,senza glutine
Hans Popov,hans.popov71@gmail.com,UK,2025-12-25,italiana
Aiko Ferreira,aiko.ferreira345@yahoo.com,Spain,2025-08-11,italiana
John Bernard,john.bernard434@gmail.com,UK,2024-10-14,pesce
francesco smith,francesco.smith798@outlook.com,Netherlands,2025-07-20,vegetariana
Thomas Suzuki,thomas.suzuki54@gmail.com,USA,2026-07-22,vegetariana
ANNA SUZUKI,anna.suzuki92@gmail.com,Netherlands,2026-06-04,kosher
CHARLOTTE SUZUKI,charlotte.suzuki19@icloud.com,France,2026-08-04,pesce
Girard Francesco,francesco.girard327@outlook.com,UAE,2024-12-28,internazionale
KLAUS SCHMIDT,klaus.schmidt593@yahoo.com,UAE,2025-09-12,vegetariana
maria suzuki,maria.suzuki395@gmail.com,UAE,2025-11-16,pesce
HENRI NOVAK,henri.novak637@yahoo.com,France,2025-02-24,vegetariana
INGRID SOKOLOV,ingrid.sokolov971@outlook.com,Germany,2025-02-15,senza glutine
FRANCESCO BRUNO,francesco.bruno901@outlook.com,Netherlands,2026-05-15,pesce
  Laura Chen  ,laura.chen861@yahoo.com,Italy,2026-01-14,vegana
marco lefevre,marco.lefevre417@gmail.com,Switzerland,2025-12-25,italiana
  Youssef Lopez  ,youssef.lopez697@icloud.com,Italy,2025-04-28,pesce
Nowak Ahmed,ahmed.nowak654@gmail.com,USA,2025-09-13,senza glutine
ERIK CHEN,erik.chen40@icloud.com,UK,2024-09-21,kosher
David Watanabe,david.watanabe586@icloud.com,Netherlands,2024-12-17,vegana
DAVID MEYER,david.meyer352@outlook.com,Spain,2025-09-19,pesce
Elena Bianchi,elena.bianchi519@gmail.com,Netherlands,2025-06-07,internazionale
Jean Kobayashi,jean.kobayashi330@yahoo.com,UK,2026-08-23,vegetariana
Carlos Watanabe,carlos.watanabe873@icloud.com,Spain,2025-08-26,senza glutine
  Olga Watanabe  ,olga.watanabe256@gmail.com,UAE,2024-11-15,senza glutine
Priya Watanabe,priya.watanabe891@icloud.com,Germany,2024-09-18,halal
ASTRID SILVA,astrid.silva141@outlook.com,UK,2026-03-13,halal
Luca Fischer,luca.fischer656@icloud.com,Switzerland,2025-01-13,kosher
LAYLA MEYER,layla.meyer851@icloud.com,UK,2025-01-31,pesce
  Camille Bruno  ,camille.bruno983@icloud.com,Netherlands,2025-08-03,vegana
  Ekaterina Patel  ,ekaterina.patel928@yahoo.com,UAE,2025-04-25,vegetariana
Patricia Greco,patricia.greco566@yahoo.com,UAE,2025-12-10,halal
Carlos Esposito,carlos.esposito327@outlook.com,Netherlands,2025-09-02,halal
chiara tanaka,chiara.tanaka180@outlook.com,Netherlands,2024-12-07,vegetariana
JOHN SILVA,john.silva782@gmail.com,Germany,2026-05-18,kosher
John Nilsson,john.nilsson607@yahoo.com,Spain,2025-08-04,senza glutine
Robert Yamamoto,robert.yamamoto503@yahoo.com,UAE,2025-12-07,senza glutine
YUKI FISCHER,yuki.fischer633@outlook.com,Switzerland,2024-09-11,kosher
Giorgia Bernard,giorgia.bernard393@yahoo.com,Netherlands,2025-12-15,kosher
  Maria Kim  ,maria.kim987@yahoo.com,France,2025-05-15,halal
patricia leroy,patricia.leroy644@gmail.com,USA,2025-09-07,senza glutine
CARLOS ROMANO,carlos.romano832@gmail.com,UAE,2025-06-01,vegana
William Andersen,william.andersen74@yahoo.com,UAE,2026-09-08,internazionale
SIMONE SHARMA,simone.sharma528@outlook.com,Germany,2025-03-19,italiana
William Rossi,william.rossi359@yahoo.com,Italy,2026-07-28,halal
simone weber,simone.weber585@outlook.com,Netherlands,2026-07-31,vegetariana
  Priya Nowak  ,priya.nowak956@outlook.com,USA,2025-08-01,pesce
paolo patel,paolo.patel993@outlook.com,Netherlands,2025-06-04,senza glutine
Erik Dubois,erik.dubois285@yahoo.com,Japan,2025-07-12,senza glutine
AMELIA TANAKA,amelia.tanaka134@outlook.com,Switzerland,2026-09-04,italiana
ahmed suzuki,ahmed.suzuki79@icloud.com,Italy,2025-12-11,pesce
  John Costa  ,john.costa763@outlook.com,UK,2025-10-03,italiana
  Isabella Colombo  ,isabella.colombo793@yahoo.com,Spain,2024-09-27,kosher
  Emma Kobayashi  ,emma.kobayashi351@gmail.com,USA,2026-06-26,vegetariana
LAYLA YAMAMOTO,layla.yamamoto533@gmail.com,Netherlands,2024-11-15,vegana
HENRI TANAKA,henri.tanaka253@icloud.com,UAE,2024-10-06,pesce
JEAN KIM,jean.kim147@outlook.com,Switzerland,2025-05-07,kosher
JEAN WAGNER,jean.wagner262@yahoo.com,France,2025-08-28,vegetariana
ELENA FERNANDEZ,elena.fernandez447@gmail.com,UK,2026-07-19,senza glutine
AIKO PETROV,aiko.petrov280@icloud.com,USA,2026-05-23,internazionale
  Emma Dubois  ,emma.dubois719@yahoo.com,France,2025-02-11,kosher
CHARLOTTE MARTINEZ,charlotte.martinez237@outlook.com,Spain,2025-07-08,senza glutine
francesco nilsson,francesco.nilsson696@gmail.com,Japan,2026-05-13,kosher
Federica Patel,federica.patel708@yahoo.com,Spain,2025-09-23,senza glutine
Anna Chen,anna.chen377@gmail.com,Japan,2025-01-17,internazionale
  Henri Rossi  ,henri.rossi750@yahoo.com,Germany,2025-07-20,internazionale
PATRICIA FERRARI,patricia.ferrari762@gmail.com,UK,2025-12-15,halal
  Francesco Al-Farsi  ,francesco.al-farsi414@icloud.com,Switzerland,2026-08-27,internazionale
amelia nilsson,amelia.nilsson626@yahoo.com,UAE,2026-01-03,halal
  Anna Nowak  ,anna.nowak296@icloud.com,Japan,2024-09-18,vegana
Charlotte Lefevre,charlotte.lefevre328@outlook.com,Japan,2026-02-19,senza glutine
  Andrea Smith  ,andrea.smith287@icloud.com,UK,2025-04-10,internazionale
Federica Conti,federica.conti32@gmail.com,Spain,2026-07-03,vegetariana
HENRI WATANABE,henri.watanabe795@icloud.com,UK,2025-07-14,halal
laura kim,laura.kim427@icloud.com,France,2025-02-13,pesce
ISABELLA SMITH,isabella.smith389@icloud.com,Italy,2025-08-25,kosher
DMITRI SINGH,dmitri.singh24@outlook.com,Switzerland,2025-04-15,vegetariana
WILLIAM KUMAR,william.kumar490@icloud.com,Spain,2025-03-25,italiana
Layla Muller,layla.muller591@yahoo.com,Italy,2025-11-04,internazionale
  Lucia Silva  ,lucia.silva520@yahoo.com,France,2026-04-28,senza glutine
Robert Dubois,robert.dubois735@yahoo.com,Germany,2026-06-19,vegetariana
Thomas Kumar,thomas.kumar586@icloud.com,France,2025-07-20,vegetariana
Lucia Chen,lucia.chen807@yahoo.com,Netherlands,2024-10-28,kosher
Erik Fernandez,erik.fernandez952@gmail.com,France,2025-09-02,vegetariana
sophie hassan,sophie.hassan56@icloud.com,Japan,2025-08-07,italiana
Silvia Muller,silvia.muller198@gmail.com,UK,2025-02-10,pesce
Singh Thomas,thomas.singh289@icloud.com,France,2026-07-20,vegana
  Astrid Hassan  ,astrid.hassan438@outlook.com,Spain,2026-08-28,halal
Kobayashi Andrea,andrea.kobayashi6@outlook.com,Germany,2024-10-11,pesce
Simone Marino,simone.marino616@outlook.com,USA,2026-05-30,senza glutine
Ahmed Wagner,ahmed.wagner300@outlook.com,USA,2025-12-24,internazionale
SARA POPOV,sara.popov96@gmail.com,Switzerland,2025-04-22,internazionale
FEDERICA SINGH,federica.singh259@gmail.com,Japan,2025-12-19,pesce
john dubois,john.dubois735@gmail.com,Germany,2024-12-16,vegana
Jean Andersen,jean.andersen392@yahoo.com,Switzerland,2024-10-30,senza glutine
PAOLO SILVA,paolo.silva160@gmail.com,UAE,2026-09-06,vegetariana
Hassan Pierre,pierre.hassan502@icloud.com,Spain,2025-12-20,senza glutine
david al-farsi,david.al-farsi110@icloud.com,Japan,2025-04-13,senza glutine
Dmitri Fischer,dmitri.fischer593@gmail.com,UAE,2025-08-16,internazionale
Priya Petrov,priya.petrov299@outlook.com,USA,2026-08-16,italiana
  Klaus Klein  ,klaus.klein128@icloud.com,UK,2025-08-10,vegetariana
james park,james.park45@outlook.com,Netherlands,2026-07-22,pesce
Olivia Ferreira,olivia.ferreira998@outlook.com,UAE,2026-07-06,kosher
NIKOLAI SHARMA,nikolai.sharma29@gmail.com,Netherlands,2025-06-24,halal
  Erik Kaczmarek  ,erik.kaczmarek133@yahoo.com,Netherlands,2026-02-09,halal
John Ibrahim,john.ibrahim296@icloud.com,Japan,2026-01-01,halal
Fernandez Robert,robert.fernandez147@yahoo.com,Italy,2026-05-03,senza glutine
Andrea Al-Farsi,andrea.al-farsi12@outlook.com,Spain,2025-07-05,internazionale
alessandro hassan,alessandro.hassan317@outlook.com,USA,2024-10-12,internazionale
Kumar Patricia,patricia.kumar266@gmail.com,Switzerland,2025-01-13,kosher
John Moreau,john.moreau477@gmail.com,Italy,2025-12-10,halal
Astrid Nowak,astrid.nowak760@gmail.com,Italy,2026-05-07,vegetariana
Camille Ferreira,camille.ferreira376@icloud.com,Germany,2026-04-16,kosher
Aiko Sharma,aiko.sharma2@yahoo.com,France,2025-11-15,halal
LUCA KLEIN,luca.klein475@outlook.com,France,2024-11-16,kosher
robert nilsson,robert.nilsson403@outlook.com,UAE,2024-09-18,vegana
Youssef Marino,youssef.marino663@outlook.com,Italy,2026-05-15,italiana
Hans Lefevre,hans.lefevre40@yahoo.com,Switzerland,2025-10-08,internazionale
Ekaterina Schmidt,ekaterina.schmidt893@gmail.com,Netherlands,2026-05-15,halal
alessandro kowalski,alessandro.kowalski615@yahoo.com,Germany,2025-01-04,vegetariana
Moreau Chiara,chiara.moreau19@yahoo.com,UK,2025-07-25,vegetariana
Weber Klaus,klaus.weber134@gmail.com,Japan,2026-07-31,internazionale
sophie costa,sophie.costa631@gmail.com,Italy,2025-01-13,italiana
  Marco Kumar  ,marco.kumar751@yahoo.com,France,2024-10-22,italiana
Valentina Schmidt,valentina.schmidt320@icloud.com,Germany,2025-12-28,kosher
  Matteo Al-Farsi  ,matteo.al-farsi463@gmail.com,Netherlands,2025-11-27,vegana
LUCA BRUNO,luca.bruno671@gmail.com,USA,2026-08-17,internazionale
  Astrid Sokolov  ,astrid.sokolov645@gmail.com,Japan,2026-07-25,halal
KENJI BERNARD,kenji.bernard785@gmail.com,Netherlands,2026-04-09,internazionale
Girard Isabella,isabella.girard57@gmail.com,Netherlands,2024-09-19,vegetariana
Arjun Moreau,arjun.moreau97@outlook.com,Switzerland,2025-08-31,vegana
Ivanov Youssef,youssef.ivanov658@icloud.com,UAE,2026-07-20,italiana
Hans Romano,hans.romano89@gmail.com,USA,2025-08-07,senza glutine
John Singh,john.singh932@outlook.com,Italy,2026-08-22,halal
charlotte park,charlotte.park260@icloud.com,UAE,2025-12-28,halal
  Silvia Kaczmarek  ,silvia.kaczmarek819@gmail.com,Japan,2024-12-06,pesce
  Ekaterina Kaczmarek  ,ekaterina.kaczmarek628@yahoo.com,Switzerland,2025-09-14,senza glutine
andrea greco,andrea.greco915@yahoo.com,Spain,2026-02-09,vegetariana
PIERRE SMITH,pierre.smith837@outlook.com,UK,2024-10-26,kosher
Marco Sharma,marco.sharma355@outlook.com,Netherlands,2025-06-24,halal
CARLOS KOWALSKI,carlos.kowalski311@outlook.com,France,2026-03-04,italiana
JOHN AL-FARSI,john.al-farsi552@outlook.com,Spain,2024-12-30,vegetariana
  Valentina Smith  ,valentina.smith635@yahoo.com,Japan,2025-06-26,italiana
Fatima Lefevre,fatima.lefevre466@yahoo.com,USA,2026-02-02,kosher
astrid moreau,astrid.moreau529@outlook.com,Italy,2026-05-07,vegetariana
Hans Meyer,hans.meyer476@outlook.com,Spain,2025-09-19,kosher
ekaterina garcia,ekaterina.garcia159@yahoo.com,UK,2026-08-19,italiana
CARLOS KUMAR,carlos.kumar665@yahoo.com,Italy,2026-08-03,pesce
FEDERICA ROMANO,federica.romano731@outlook.com,USA,2025-08-27,italiana
PAOLO NOWAK,paolo.nowak204@icloud.com,Japan,2025-01-01,vegetariana
henri johnson,henri.johnson482@gmail.com,UK,2026-05-05,vegetariana
dmitri nakamura,dmitri.nakamura618@yahoo.com,Japan,2025-04-02,pesce
Klein Olivia,olivia.klein286@gmail.com,France,2026-06-23,pesce
PIERRE TANAKA,pierre.tanaka451@yahoo.com,Italy,2025-11-19,senza glutine
olivia suzuki,olivia.suzuki851@icloud.com,Netherlands,2025-07-19,senza glutine
ANANYA PATEL,ananya.patel137@gmail.com,Germany,2025-10-16,halal
Ahmed Wagner,ahmed.wagner882@icloud.com,UAE,2025-09-26,senza glutine
erik romano,erik.romano475@icloud.com,Spain,2026-08-03,vegana
  Hans Kowalski  ,hans.kowalski836@outlook.com,UK,2025-03-01,kosher
Astrid Romano,astrid.romano376@icloud.com,UK,2026-08-05,senza glutine
james kobayashi,james.kobayashi219@yahoo.com,UK,2024-09-25,senza glutine
SIMONE NAKAMURA,simone.nakamura742@gmail.com,Italy,2026-04-30,halal
  Lucia Romano  ,lucia.romano663@yahoo.com,Italy,2026-07-31,vegana
Valentina Singh,valentina.singh434@yahoo.com,Italy,2025-07-19,vegana
Ingrid Colombo,ingrid.colombo577@outlook.com,Italy,2024-11-03,halal
camille kowalski,camille.kowalski708@yahoo.com,UAE,2026-06-04,internazionale
lucia bernard,lucia.bernard135@outlook.com,Spain,2026-06-23,senza glutine
emma chen,emma.chen971@gmail.com,USA,2025-06-20,senza glutine
MARIA MULLER,maria.muller617@gmail.com,France,2025-09-19,internazionale
Fatima Al-Farsi,fatima.al-farsi285@icloud.com,Spain,2026-06-06,senza glutine
ARJUN KLEIN,arjun.klein559@outlook.com,USA,2025-02-05,internazionale
JEAN ROMANO,jean.romano293@gmail.com,France,2025-12-16,halal
ELENA LEFEVRE,elena.lefevre259@outlook.com,Japan,2025-08-06,italiana
Francesco Silva,francesco.silva268@gmail.com,Netherlands,2025-01-16,halal
  Sara Weber  ,sara.weber755@gmail.com,Japan,2026-06-17,internazionale
GIULIA CHEN,giulia.chen868@gmail.com,UAE,2025-06-14,vegetariana
youssef silva,youssef.silva568@icloud.com,Italy,2026-08-08,vegetariana
LAYLA AL-RASHID,layla.al-rashid812@gmail.com,Japan,2025-10-30,vegana
DMITRI COLOMBO,dmitri.colombo346@icloud.com,Spain,2025-09-17,senza glutine
Elena Ferreira,elena.ferreira5@gmail.com,Germany,2025-08-02,halal
Kaczmarek Yuki,yuki.kaczmarek596@yahoo.com,France,2025-07-22,kosher
Ferrari Youssef,youssef.ferrari722@icloud.com,UK,2026-06-11,internazionale
  Simone Lefevre  ,simone.lefevre543@outlook.com,Switzerland,2026-01-20,senza glutine
  Lucia Sokolov  ,lucia.sokolov951@yahoo.com,UAE,2026-05-05,internazionale
Federica Ferrari,federica.ferrari448@icloud.com,France,2025-08-01,vegana
GIORGIA SHARMA,giorgia.sharma70@outlook.com,Switzerland,2025-04-22,pesce
Marino Diego,diego.marino940@yahoo.com,UK,2024-11-19,pesce
  Sophie Esposito  ,sophie.esposito611@icloud.com,France,2026-05-09,vegana
henri ferreira,henri.ferreira574@gmail.com,Netherlands,2025-07-29,vegana
AHMED GRECO,ahmed.greco242@yahoo.com,Japan,2025-09-14,halal
Diego Ivanov,diego.ivanov35@outlook.com,Germany,2025-08-25,vegana
Federica Sokolov,federica.sokolov501@outlook.com,Netherlands,2025-08-06,vegana
PRIYA ROSSI,priya.rossi411@gmail.com,France,2026-01-27,halal
MATTEO PARK,matteo.park451@icloud.com,Switzerland,2025-12-06,vegana
Sokolov Patricia,patricia.sokolov430@yahoo.com,Italy,2026-08-27,italiana
Charlotte Hassan,charlotte.hassan475@yahoo.com,Switzerland,2024-12-21,pesce
  Fatima Rossi  ,fatima.rossi294@yahoo.com,Japan,2025-11-04,italiana
Alessandro Kim,alessandro.kim452@yahoo.com,UAE,2024-10-24,senza glutine
Arjun Sharma,arjun.sharma924@yahoo.com,UK,2026-06-06,internazionale
OMAR MARINO,omar.marino870@gmail.com,Germany,2025-12-10,pesce
DMITRI WATANABE,dmitri.watanabe84@icloud.com,Netherlands,2025-08-05,vegana
KLAUS ROMANO,klaus.romano978@gmail.com,Japan,2026-06-03,pesce
Amelia Ferrari,amelia.ferrari277@outlook.com,Switzerland,2025-08-18,internazionale
  Patricia Garcia  ,patricia.garcia164@yahoo.com,Netherlands,2025-03-16,italiana
Paolo Suzuki,paolo.suzuki877@yahoo.com,USA,2025-08-27,internazionale
Camille Tanaka,camille.tanaka617@icloud.com,Italy,2024-11-01,italiana
Ananya Silva,ananya.silva641@outlook.com,France,2026-07-21,pesce
THOMAS PARK,thomas.park724@gmail.com,Netherlands,2026-03-20,pesce
LAYLA KACZMAREK,layla.kaczmarek151@gmail.com,Spain,2026-04-21,italiana
David Bernard,david.bernard419@yahoo.com,Switzerland,2026-07-09,senza glutine
  Carlos Weber  ,carlos.weber108@yahoo.com,UK,2026-05-25,italiana
Fatima Martinez,fatima.martinez181@yahoo.com,Germany,2025-08-07,pesce
giulia ferrari,giulia.ferrari125@icloud.com,Japan,2024-12-11,kosher
Kim David,david.kim53@outlook.com,France,2025-07-08,vegana
  Sophie Ferreira  ,sophie.ferreira820@gmail.com,UAE,2026-08-08,vegana
ANNA MEYER,anna.meyer823@gmail.com,Netherlands,2026-08-15,pesce
  Amelia Novak  ,amelia.novak280@gmail.com,Netherlands,2026-04-29,halal
Youssef Nilsson,youssef.nilsson131@outlook.com,UAE,2025-02-18,vegana
  James Fernandez  ,james.fernandez189@outlook.com,USA,2025-02-07,senza glutine
  Ekaterina Bernard  ,ekaterina.bernard959@gmail.com,UAE,2026-07-12,halal
Ekaterina Costa,ekaterina.costa794@icloud.com,Germany,2024-12-23,vegetariana
Marie Patel,marie.patel782@yahoo.com,UAE,2025-11-16,pesce
Ahmed Patel,ahmed.patel523@gmail.com,France,2025-07-11,vegana
  Fatima Sokolov  ,fatima.sokolov126@gmail.com,Italy,2025-06-03,vegetariana
carlos kim,carlos.kim991@yahoo.com,Netherlands,2026-01-20,senza glutine
  Carlos Ferreira  ,carlos.ferreira598@icloud.com,USA,2026-08-20,internazionale
Federica Kim,federica.kim692@icloud.com,Netherlands,2026-05-10,vegana
Chiara Smith,chiara.smith582@icloud.com,Japan,2025-09-03,senza glutine
Bianchi Camille,camille.bianchi629@yahoo.com,France,2025-08-11,vegana
jean meyer,jean.meyer623@icloud.com,Switzerland,2026-07-25,vegetariana
Aiko Martinez,aiko.martinez986@yahoo.com,France,2025-11-09,kosher
ANDREA NOWAK,andrea.nowak384@outlook.com,Spain,2025-09-08,kosher
ISABELLA NILSSON,isabella.nilsson523@outlook.com,Spain,2026-01-26,vegetariana
omar kowalski,omar.kowalski746@yahoo.com,Spain,2025-03-26,pesce
Muller Omar,omar.muller831@gmail.com,UAE,2024-10-24,italiana
MARIA KLEIN,maria.klein642@gmail.com,Netherlands,2026-06-29,kosher
elena bernard,elena.bernard105@icloud.com,France,2025-12-05,vegana
Charlotte Ferreira,charlotte.ferreira86@gmail.com,France,2025-01-06,vegana
Fernandez Marco,marco.fernandez542@icloud.com,Germany,2025-06-01,internazionale
FATIMA COLOMBO,fatima.colombo6@outlook.com,Germany,2026-09-04,italiana
DIEGO GARCIA,diego.garcia584@icloud.com,Japan,2025-12-19,kosher
Alessandro Novak,alessandro.novak591@gmail.com,USA,2025-12-20,kosher
SILVIA YAMAMOTO,silvia.yamamoto45@gmail.com,Spain,2024-11-02,italiana
JEAN SHARMA,jean.sharma958@icloud.com,Japan,2026-08-25,vegana
Francesco Wagner,francesco.wagner90@outlook.com,Spain,2026-07-18,halal
Moreau Alessandro,alessandro.moreau447@icloud.com,UAE,2025-10-07,italiana
nikolai klein,nikolai.klein619@yahoo.com,Switzerland,2025-06-06,kosher
  Laura Conti  ,laura.conti888@yahoo.com,USA,2026-02-11,halal
Patel Francesco,francesco.patel962@yahoo.com,Japan,2026-06-18,italiana
  Sara Romano  ,sara.romano401@gmail.com,Switzerland,2026-05-19,kosher
Smith Federica,federica.smith225@icloud.com,Germany,2026-08-29,italiana
Erik Martinez,erik.martinez973@gmail.com,UAE,2025-12-20,kosher
KENJI BIANCHI,kenji.bianchi330@gmail.com,USA,2025-06-12,italiana
olga dubois,olga.dubois671@icloud.com,Netherlands,2025-09-08,kosher
sara klein,sara.klein774@icloud.com,UAE,2026-06-10,internazionale
Marie Tanaka,marie.tanaka995@outlook.com,UK,2025-04-26,halal
Nikolai Patel,nikolai.patel311@outlook.com,Germany,2025-03-20,senza glutine
Layla Esposito,layla.esposito593@icloud.com,Germany,2026-03-13,internazionale
omar yamamoto,omar.yamamoto765@icloud.com,UAE,2025-08-13,vegetariana
  Aiko Garcia  ,aiko.garcia488@icloud.com,Netherlands,2026-06-10,vegana
Henri Kowalski,henri.kowalski962@yahoo.com,Italy,2024-12-23,halal
thomas wagner,thomas.wagner168@outlook.com,France,2025-06-20,internazionale
Matteo Ferreira,matteo.ferreira30@yahoo.com,Spain,2025-04-29,kosher
sophie sharma,sophie.sharma307@icloud.com,USA,2026-02-11,internazionale
  Matteo Chen  ,matteo.chen506@gmail.com,Italy,2026-04-20,vegetariana
John Nowak,john.nowak933@icloud.com,UK,2025-08-19,halal
Anna Bruno,anna.bruno50@icloud.com,France,2025-08-30,italiana
  Omar Colombo  ,omar.colombo757@outlook.com,France,2024-12-18,kosher
patricia schmidt,patricia.schmidt333@icloud.com,Germany,2026-02-16,italiana
Johnson Chiara,chiara.johnson325@yahoo.com,France,2026-09-06,vegetariana
laura tanaka,laura.tanaka748@outlook.com,UK,2026-05-10,vegetariana
  Silvia Ivanov  ,silvia.ivanov18@gmail.com,Japan,2025-03-11,italiana
Camille Ricci,camille.ricci247@icloud.com,USA,2025-12-13,internazionale
ISABELLA CHEN,isabella.chen343@icloud.com,Spain,2025-05-29,pesce
Weber Kenji,kenji.weber684@outlook.com,Netherlands,2024-09-25,senza glutine
ERIK GRECO,erik.greco835@yahoo.com,Japan,2025-01-22,senza glutine
Erik Weber,erik.weber832@yahoo.com,Spain,2024-12-03,kosher
MARIE KOBAYASHI,marie.kobayashi158@icloud.com,Spain,2025-02-09,vegetariana
  Yuki Johnson  ,yuki.johnson980@yahoo.com,USA,2026-05-29,vegetariana
laura popov,laura.popov364@gmail.com,Japan,2025-05-26,internazionale
camille fernandez,camille.fernandez667@yahoo.com,USA,2026-04-17,internazionale
Suzuki Francesco,francesco.suzuki870@gmail.com,USA,2026-08-15,halal
ekaterina greco,ekaterina.greco861@icloud.com,Germany,2025-11-05,pesce
  Nikolai Weber  ,nikolai.weber131@icloud.com,Switzerland,2025-09-02,vegetariana
Henri Klein,henri.klein91@yahoo.com,Spain,2026-04-10,halal
SILVIA WATANABE,silvia.watanabe970@icloud.com,UAE,2024-11-30,kosher
anna ricci,anna.ricci997@outlook.com,UAE,2025-08-05,kosher
  Giorgia Yamamoto  ,giorgia.yamamoto117@yahoo.com,USA,2025-09-09,vegetariana
Layla Suzuki,layla.suzuki171@gmail.com,Spain,2026-06-17,kosher
james bianchi,james.bianchi102@yahoo.com,Japan,2026-06-09,vegana
federica novak,federica.novak605@icloud.com,Switzerland,2026-06-26,internazionale
Omar Martinez,omar.martinez570@outlook.com,Spain,2026-02-11,pesce
  Yuki Muller  ,yuki.muller799@yahoo.com,Japan,2025-09-25,kosher
Nikolai Girard,nikolai.girard735@yahoo.com,Japan,2026-06-16,vegana
EMMA GARCIA,emma.garcia339@yahoo.com,Spain,2026-07-08,internazionale
charlotte bernard,charlotte.bernard771@icloud.com,USA,2025-08-31,italiana
  Silvia Lopez  ,silvia.lopez337@icloud.com,Spain,2026-09-02,vegana
THOMAS MEYER,thomas.meyer778@gmail.com,Japan,2026-07-09,internazionale
  Paolo Sharma  ,paolo.sharma507@yahoo.com,UK,2025-09-15,vegana
ISABELLA BERNARD,isabella.bernard603@icloud.com,France,2024-10-30,senza glutine
  Klaus Kaczmarek  ,klaus.kaczmarek419@gmail.com,USA,2025-03-12,senza glutine
Federica Sharma,federica.sharma314@outlook.com,Switzerland,2026-05-08,internazionale
Olivia Nilsson,olivia.nilsson303@icloud.com,UK,2024-12-07,internazionale
astrid klein,astrid.klein115@gmail.com,UK,2025-08-25,senza glutine
PATRICIA MARINO,patricia.marino496@gmail.com,UK,2025-12-04,internazionale
Layla Singh,layla.singh727@gmail.com,USA,2026-07-11,vegana
  David Lefevre  ,david.lefevre517@icloud.com,USA,2026-06-25,internazionale
  Charlotte Fernandez  ,charlotte.fernandez882@outlook.com,Spain,2026-04-25,senza glutine
Diego Fischer,diego.fischer334@yahoo.com,Japan,2025-07-25,vegana
lucia conti,lucia.conti231@gmail.com,Netherlands,2024-12-23,kosher
hans moreau,hans.moreau885@yahoo.com,Spain,2026-01-11,pesce
Arjun Weber,arjun.weber76@gmail.com,France,2025-01-24,pesce
  Luca Garcia  ,luca.garcia938@outlook.com,Japan,2025-10-22,senza glutine
Ahmed Marino,ahmed.marino642@yahoo.com,Germany,2026-08-31,pesce
Klaus Colombo,klaus.colombo106@icloud.com,UAE,2025-10-09,halal
matteo kowalski,matteo.kowalski874@gmail.com,UAE,2025-12-24,italiana
Astrid Sharma,astrid.sharma959@icloud.com,Japan,2026-01-20,halal
diego bruno,diego.bruno846@icloud.com,Germany,2026-06-17,italiana
Layla Ricci,layla.ricci960@outlook.com,UK,2025-08-08,italiana
sara tanaka,sara.tanaka622@icloud.com,Spain,2025-09-08,vegana
KENJI SOKOLOV,kenji.sokolov661@yahoo.com,UK,2025-01-18,vegana
Astrid Ibrahim,astrid.ibrahim935@outlook.com,UK,2025-12-09,vegana
Aiko Ferrari,aiko.ferrari570@gmail.com,France,2025-05-30,internazionale
Sophie Kowalski,sophie.kowalski693@yahoo.com,Netherlands,2025-09-13,internazionale
Ahmed Leroy,ahmed.leroy579@outlook.com,USA,2026-04-28,kosher
Dmitri Ferreira,dmitri.ferreira468@yahoo.com,Germany,2024-09-18,vegetariana
  Yuki Popov  ,yuki.popov216@gmail.com,Japan,2025-10-24,internazionale
Federica Leroy,federica.leroy557@outlook.com,Switzerland,2025-01-15,italiana
ERIK SMITH,erik.smith472@gmail.com,Italy,2025-05-12,vegetariana
PRIYA SINGH,priya.singh111@outlook.com,Switzerland,2024-09-27,vegana
yuki esposito,yuki.esposito439@gmail.com,Italy,2025-01-11,internazionale
Andrea Muller,andrea.muller981@outlook.com,France,2026-09-03,senza glutine
LAURA LOPEZ,laura.lopez214@gmail.com,UK,2026-09-09,kosher
kenji kim,kenji.kim711@icloud.com,USA,2026-03-07,pesce
ISABELLA SCHMIDT,isabella.schmidt380@gmail.com,USA,2025-12-08,senza glutine
ROBERT CHEN,robert.chen478@gmail.com,UAE,2026-05-09,kosher
  Aiko Romano  ,aiko.romano959@gmail.com,Germany,2026-07-20,halal
VALENTINA SHARMA,valentina.sharma847@yahoo.com,USA,2025-09-19,vegana
Ananya Garcia,ananya.garcia535@icloud.com,Switzerland,2024-09-27,italiana
Emma Nilsson,emma.nilsson699@icloud.com,France,2026-02-24,italiana
Lefevre Alessandro,alessandro.lefevre142@icloud.com,UK,2026-09-02,vegana
carlos al-farsi,carlos.al-farsi959@gmail.com,France,2025-04-18,kosher
Diego Muller,diego.muller540@gmail.com,UAE,2025-08-22,vegetariana
  Diego Johnson  ,diego.johnson781@icloud.com,Spain,2025-07-02,pesce
AMELIA JOHNSON,amelia.johnson268@icloud.com,Switzerland,2025-07-17,internazionale
marco dubois,marco.dubois137@yahoo.com,Switzerland,2026-03-09,senza glutine
laura novak,laura.novak766@gmail.com,UAE,2025-07-11,halal
  Patricia Patel  ,patricia.patel567@gmail.com,Switzerland,2026-08-11,vegana
emma ricci,emma.ricci552@outlook.com,Japan,2026-05-23,senza glutine
Thomas Esposito,thomas.esposito557@yahoo.com,Japan,2024-09-23,kosher
Lopez Federica,federica.lopez881@icloud.com,UAE,2026-06-11,kosher
klaus petrov,klaus.petrov242@outlook.com,Switzerland,2026-05-04,pesce
isabella ricci,isabella.ricci701@gmail.com,Germany,2025-09-18,internazionale
David Kobayashi,david.kobayashi821@outlook.com,USA,2025-09-08,vegana
HENRI MARINO,henri.marino477@gmail.com,Switzerland,2026-06-19,kosher
DIEGO FERNANDEZ,diego.fernandez729@icloud.com,Japan,2025-08-03,halal
Isabella Dubois,isabella.dubois250@gmail.com,Germany,2024-12-31,halal
john wagner,john.wagner640@gmail.com,Spain,2025-06-08,senza glutine
ELENA SMITH,elena.smith597@gmail.com,Italy,2025-04-26,senza glutine
  Giulia Yamamoto  ,giulia.yamamoto228@yahoo.com,Italy,2026-01-24,vegetariana
  Sophie Tanaka  ,sophie.tanaka567@outlook.com,Japan,2025-01-21,internazionale
OLGA SHARMA,olga.sharma964@icloud.com,France,2025-12-24,internazionale
Ingrid Yamamoto,ingrid.yamamoto626@yahoo.com,UAE,2025-08-24,vegetariana
  Fatima Girard  ,fatima.girard375@icloud.com,Spain,2026-06-22,italiana
SOPHIE SUZUKI,sophie.suzuki471@outlook.com,Germany,2025-09-02,italiana
Klaus Moreau,klaus.moreau537@yahoo.com,Switzerland,2026-08-05,senza glutine
  Ekaterina Novak  ,ekaterina.novak770@yahoo.com,Netherlands,2026-07-22,senza glutine
Arjun Kowalski,arjun.kowalski239@outlook.com,Switzerland,2025-01-28,pesce
francesco leroy,francesco.leroy831@gmail.com,Switzerland,2026-01-29,pesce
silvia chen,silvia.chen211@yahoo.com,Spain,2025-03-02,vegana
Park Elena,elena.park85@gmail.com,UK,2026-06-13,internazionale
Emma Nakamura,emma.nakamura313@outlook.com,Spain,2025-12-19,italiana
Isabella Esposito,isabella.esposito80@gmail.com,Netherlands,2025-05-28,pesce
Weber Isabella,isabella.weber158@outlook.com,Netherlands,2025-04-08,internazionale
Dmitri Suzuki,dmitri.suzuki224@gmail.com,Italy,2025-08-05,kosher
OLGA MULLER,olga.muller138@outlook.com,USA,2026-06-02,vegana
Thomas Klein,thomas.klein606@icloud.com,France,2026-05-30,pesce
  Valentina Kim  ,valentina.kim388@gmail.com,UAE,2024-09-26,vegana
robert wagner,robert.wagner475@icloud.com,Germany,2025-06-03,halal
HANS ANDERSEN,hans.andersen680@gmail.com,Japan,2025-08-02,kosher
aiko yamamoto,aiko.yamamoto362@outlook.com,Spain,2025-11-17,vegetariana
SILVIA TANAKA,silvia.tanaka14@yahoo.com,Netherlands,2024-12-26,vegana
diego chen,diego.chen135@yahoo.com,France,2025-06-19,kosher
YUKI KACZMAREK,yuki.kaczmarek611@outlook.com,Japan,2026-07-14,internazionale
Moreau Diego,diego.moreau678@outlook.com,Switzerland,2025-08-29,italiana
  Omar Al-Farsi  ,omar.al-farsi403@outlook.com,Switzerland,2026-04-03,halal
GIULIA RICCI,giulia.ricci952@outlook.com,Japan,2025-09-02,italiana
Sokolov Matteo,matteo.sokolov482@yahoo.com,Japan,2025-08-23,halal
MARCO HASSAN,marco.hassan466@icloud.com,Netherlands,2025-12-13,vegana
  Simone Meyer  ,simone.meyer92@outlook.com,UAE,2025-04-20,vegana
Erik Kim,erik.kim935@icloud.com,Italy,2025-04-09,kosher
James Kaczmarek,james.kaczmarek357@icloud.com,Switzerland,2026-09-04,pesce
  Sophie Singh  ,sophie.singh73@gmail.com,Switzerland,2026-07-06,vegana
  Henri Smith  ,henri.smith554@gmail.com,Switzerland,2026-03-27,italiana
LAYLA FISCHER,layla.fischer144@outlook.com,Japan,2024-12-20,internazionale
astrid wagner,astrid.wagner980@icloud.com,USA,2024-09-25,kosher
kenji ibrahim,kenji.ibrahim96@icloud.com,USA,2025-01-18,kosher
  Olga Ferrari  ,olga.ferrari969@yahoo.com,Netherlands,2026-08-09,italiana
Alessandro Esposito,alessandro.esposito171@yahoo.com,Switzerland,2026-06-10,italiana
Priya Colombo,priya.colombo717@gmail.com,Netherlands,2025-09-21,vegetariana
Al-Rashid Alessandro,alessandro.al-rashid445@icloud.com,Switzerland,2026-08-25,internazionale
Hans Schmidt,hans.schmidt703@icloud.com,UK,2024-12-25,halal
Chiara Park,chiara.park516@icloud.com,UAE,2025-10-19,vegetariana
  Andrea Weber  ,andrea.weber643@icloud.com,Germany,2025-01-26,kosher
Marco Patel,marco.patel106@icloud.com,UAE,2025-06-05,vegetariana
Kumar Aiko,aiko.kumar726@gmail.com,Switzerland,2026-08-11,halal
Giorgia Conti,giorgia.conti206@gmail.com,UK,2026-07-06,senza glutine
DIEGO NOVAK,diego.novak49@outlook.com,France,2024-12-03,italiana
  Jean Girard  ,jean.girard276@gmail.com,Netherlands,2025-04-09,halal
nikolai chen,nikolai.chen367@icloud.com,UK,2025-11-27,halal
VALENTINA KACZMAREK,valentina.kaczmarek173@outlook.com,UAE,2024-10-22,vegetariana
Leroy Amelia,amelia.leroy822@outlook.com,UK,2025-10-09,pesce
Giorgia Nakamura,giorgia.nakamura797@gmail.com,UAE,2025-11-16,kosher
Diego Lopez,diego.lopez820@icloud.com,UAE,2025-05-24,vegana
NIKOLAI POPOV,nikolai.popov466@outlook.com,Spain,2025-05-27,pesce
LAYLA LEFEVRE,layla.lefevre572@gmail.com,USA,2025-03-17,senza glutine
ananya novak,ananya.novak435@yahoo.com,UAE,2026-08-08,pesce
OLGA NAKAMURA,olga.nakamura151@yahoo.com,Italy,2025-07-16,kosher
JAMES NOVAK,james.novak770@gmail.com,France,2025-11-17,italiana
FRANCESCO PARK,francesco.park364@gmail.com,Netherlands,2025-06-03,vegetariana
erik singh,erik.singh659@yahoo.com,France,2026-02-16,kosher
OLIVIA ESPOSITO,olivia.esposito109@icloud.com,UAE,2024-12-02,internazionale
PATRICIA MEYER,patricia.meyer878@outlook.com,France,2024-11-02,vegetariana
Valentina Patel,valentina.patel923@outlook.com,Spain,2026-04-03,senza glutine
Giorgia Weber,giorgia.weber954@icloud.com,USA,2026-03-15,pesce
Pierre Moreau,pierre.moreau793@gmail.com,Italy,2025-04-26,senza glutine
EKATERINA SUZUKI,ekaterina.suzuki590@gmail.com,USA,2025-06-29,halal
SIMONE BERNARD,simone.bernard75@gmail.com,UK,2026-08-19,italiana
  Ekaterina Al-Farsi  ,ekaterina.al-farsi28@gmail.com,Germany,2024-12-04,kosher
David Weber,david.weber123@yahoo.com,UAE,2025-01-26,internazionale
Colombo Silvia,silvia.colombo653@outlook.com,Spain,2025-08-06,italiana
Elena Silva,elena.silva108@icloud.com,Italy,2025-05-15,vegetariana
  Robert Martinez  ,robert.martinez173@gmail.com,Germany,2025-12-26,vegana
Isabella Popov,isabella.popov660@gmail.com,Netherlands,2026-02-03,italiana
Matteo Kaczmarek,matteo.kaczmarek686@icloud.com,Switzerland,2025-09-23,pesce
JEAN DUBOIS,jean.dubois109@gmail.com,Spain,2025-12-07,senza glutine
charlotte girard,charlotte.girard35@yahoo.com,Japan,2025-08-07,italiana
  Giorgia Johnson  ,giorgia.johnson51@gmail.com,Italy,2026-04-21,vegana
SOPHIE WEBER,sophie.weber133@yahoo.com,Germany,2024-09-30,halal
francesco johnson,francesco.johnson725@outlook.com,UK,2025-06-08,italiana
Nilsson Ahmed,ahmed.nilsson55@yahoo.com,Italy,2026-01-27,internazionale
  Silvia Sokolov  ,silvia.sokolov382@gmail.com,Switzerland,2025-06-17,vegana
Astrid Novak,astrid.novak745@gmail.com,Switzerland,2024-11-09,kosher
laura fischer,laura.fischer270@icloud.com,UAE,2025-06-24,pesce
Giorgia Leroy,giorgia.leroy882@icloud.com,France,2026-02-26,halal
marco singh,marco.singh3@gmail.com,Italy,2024-12-13,senza glutine
Emma Smith,emma.smith936@yahoo.com,Japan,2026-03-13,italiana
SARA LOPEZ,sara.lopez516@outlook.com,UK,2026-05-07,senza glutine
  Marco Bianchi  ,marco.bianchi202@icloud.com,Switzerland,2025-12-19,pesce
Giorgia Al-Farsi,giorgia.al-farsi74@icloud.com,UK,2025-04-03,pesce
youssef al-rashid,youssef.al-rashid666@gmail.com,Switzerland,2026-06-04,kosher
Francesco Nilsson,francesco.nilsson464@gmail.com,France,2025-03-01,italiana
  Isabella Klein  ,isabella.klein500@outlook.com,Germany,2026-07-25,internazionale
dmitri ferrari,dmitri.ferrari177@outlook.com,Netherlands,2026-02-21,italiana
Silva Sophie,sophie.silva248@outlook.com,Switzerland,2024-10-14,vegetariana
CHIARA ESPOSITO,chiara.esposito969@gmail.com,Netherlands,2026-06-01,vegana
Ricci Andrea,andrea.ricci39@gmail.com,Germany,2025-09-13,senza glutine
ARJUN BERNARD,arjun.bernard333@yahoo.com,USA,2025-08-17,internazionale
Priya Park,priya.park294@outlook.com,France,2025-08-01,senza glutine
Kumar Amelia,amelia.kumar837@gmail.com,France,2025-12-05,halal
OMAR CHEN,omar.chen653@gmail.com,Spain,2026-03-13,vegetariana
LUCIA MEYER,lucia.meyer162@outlook.com,Japan,2026-07-20,vegetariana
Rossi Isabella,isabella.rossi752@gmail.com,UAE,2025-05-05,italiana
CHIARA DUBOIS,chiara.dubois464@yahoo.com,France,2025-12-17,vegana
Martinez Yuki,yuki.martinez688@yahoo.com,USA,2026-01-30,kosher
Federica Watanabe,federica.watanabe731@outlook.com,UAE,2026-01-17,halal
AMELIA SHARMA,amelia.sharma816@yahoo.com,UAE,2025-09-06,kosher
  Simone Lopez  ,simone.lopez289@yahoo.com,Germany,2025-07-17,senza glutine
Marco Rossi,marco.rossi933@outlook.com,Spain,2026-04-23,pesce
Ekaterina Singh,ekaterina.singh210@gmail.com,Switzerland,2025-06-02,pesce
DAVID PETROV,david.petrov511@gmail.com,France,2025-02-22,italiana
Kenji Schmidt,kenji.schmidt302@icloud.com,Germany,2025-10-05,internazionale
INGRID LEROY,ingrid.leroy6@yahoo.com,Netherlands,2025-04-29,senza glutine
Simone Klein,simone.klein197@yahoo.com,France,2024-09-26,halal
fatima esposito,fatima.esposito848@yahoo.com,Japan,2024-10-11,vegana
DAVID SCHMIDT,david.schmidt734@outlook.com,Netherlands,2026-02-08,senza glutine
  Erik Silva  ,erik.silva9@yahoo.com,Japan,2026-08-27,halal
EMMA SOKOLOV,emma.sokolov395@outlook.com,Switzerland,2025-08-18,pesce
luca chen,luca.chen784@outlook.com,UAE,2024-12-25,pesce
charlotte singh,charlotte.singh225@icloud.com,Switzerland,2026-06-11,internazionale
Layla Nowak,layla.nowak591@outlook.com,Netherlands,2025-04-22,senza glutine
  Marco Nowak  ,marco.nowak992@outlook.com,Italy,2026-09-07,italiana
Meyer Marie,marie.meyer972@yahoo.com,USA,2025-10-24,kosher
KENJI BRUNO,kenji.bruno616@yahoo.com,Japan,2025-03-21,vegetariana
Diego Schmidt,diego.schmidt89@yahoo.com,Italy,2025-09-08,internazionale
  Hans Bernard  ,hans.bernard130@outlook.com,UAE,2025-06-19,vegana
AMELIA MARTINEZ,amelia.martinez780@yahoo.com,Italy,2026-05-12,kosher
Kobayashi Ingrid,ingrid.kobayashi216@gmail.com,Spain,2024-12-05,vegetariana
charlotte weber,charlotte.weber536@outlook.com,UAE,2026-06-30,italiana
alessandro greco,alessandro.greco107@outlook.com,UK,2026-04-28,kosher
anna bianchi,anna.bianchi605@gmail.com,Netherlands,2026-07-02,pesce
  Maria Girard  ,maria.girard963@icloud.com,Italy,2026-07-19,vegana
william martinez,william.martinez422@outlook.com,USA,2025-03-18,vegana
Anna Fischer,anna.fischer492@gmail.com,France,2025-09-20,vegetariana
WILLIAM COSTA,william.costa842@yahoo.com,USA,2026-06-27,pesce
FEDERICA HASSAN,federica.hassan79@outlook.com,Netherlands,2025-07-10,italiana
THOMAS BRUNO,thomas.bruno146@icloud.com,Switzerland,2024-10-21,italiana
hans suzuki,hans.suzuki489@yahoo.com,USA,2025-05-25,pesce
EKATERINA BRUNO,ekaterina.bruno631@yahoo.com,Netherlands,2025-04-01,vegetariana
GIULIA MOREAU,giulia.moreau276@gmail.com,Japan,2026-07-07,vegana
silvia fernandez,silvia.fernandez347@yahoo.com,USA,2025-08-22,vegetariana
Camille Petrov,camille.petrov539@outlook.com,UK,2026-01-26,pesce
GIULIA CONTI,giulia.conti913@gmail.com,France,2026-08-22,vegana
LAYLA IVANOV,layla.ivanov47@gmail.com,Switzerland,2025-06-01,vegana
  Robert Ricci  ,robert.ricci652@gmail.com,Spain,2026-04-22,pesce
  Marie Garcia  ,marie.garcia155@outlook.com,France,2024-09-21,pesce
DAVID COLOMBO,david.colombo469@outlook.com,UK,2024-12-04,halal
Francesco Kowalski,francesco.kowalski958@outlook.com,Netherlands,2025-01-03,kosher
Ricci Luca,luca.ricci819@gmail.com,UK,2025-06-08,senza glutine
  Priya Klein  ,priya.klein97@gmail.com,Japan,2025-07-23,pesce
  Marie Bianchi  ,marie.bianchi825@yahoo.com,Italy,2025-08-29,kosher
Henri Andersen,henri.andersen496@yahoo.com,Netherlands,2025-04-04,internazionale
ROBERT LEFEVRE,robert.lefevre23@gmail.com,UK,2024-10-27,italiana
Robert Muller,robert.muller168@icloud.com,Germany,2026-01-20,vegetariana
MARIE WEBER,marie.weber504@gmail.com,France,2024-09-21,halal
  Giorgia Bruno  ,giorgia.bruno631@icloud.com,USA,2026-06-06,vegana
YUKI NOWAK,yuki.nowak239@outlook.com,Germany,2026-08-05,kosher
Nilsson Matteo,matteo.nilsson184@gmail.com,UK,2026-02-25,pesce
Anna Andersen,anna.andersen314@outlook.com,France,2025-11-29,halal
Fernandez Maria,maria.fernandez580@icloud.com,Netherlands,2025-12-30,internazionale
FRANCESCO POPOV,francesco.popov825@gmail.com,Netherlands,2025-12-28,pesce
David Fischer,david.fischer713@gmail.com,Italy,2026-08-06,halal
Diego Park,diego.park449@gmail.com,Japan,2026-08-23,italiana
JEAN ROSSI,jean.rossi450@yahoo.com,UAE,2025-08-04,pesce
simone sokolov,simone.sokolov370@icloud.com,Germany,2025-12-10,italiana
  Olga Ibrahim  ,olga.ibrahim157@icloud.com,UK,2026-06-03,italiana
Sophie Nilsson,sophie.nilsson169@gmail.com,Spain,2024-09-10,pesce
THOMAS BERNARD,thomas.bernard68@gmail.com,Japan,2025-09-23,vegana
CARLOS JOHNSON,carlos.johnson818@gmail.com,Italy,2025-12-28,italiana
  James Ferreira  ,james.ferreira394@yahoo.com,Japan,2026-03-04,vegetariana
Ingrid Lefevre,ingrid.lefevre656@yahoo.com,Germany,2025-07-06,internazionale
giulia costa,giulia.costa422@gmail.com,USA,2025-05-29,kosher
  Federica Fernandez  ,federica.fernandez695@outlook.com,UAE,2025-01-25,pesce
Ananya Ivanov,ananya.ivanov460@gmail.com,Netherlands,2025-10-18,kosher
NIKOLAI SMITH,nikolai.smith195@yahoo.com,UAE,2026-07-31,vegana
jean watanabe,jean.watanabe211@icloud.com,France,2026-07-20,senza glutine
hans martinez,hans.martinez371@icloud.com,Switzerland,2025-07-02,internazionale
Thomas Sokolov,thomas.sokolov900@icloud.com,Spain,2025-04-18,halal
Popov Giulia,giulia.popov947@icloud.com,Japan,2026-05-22,vegetariana
Giorgia Nowak,giorgia.nowak114@icloud.com,USA,2026-03-13,kosher
  Ingrid Bianchi  ,ingrid.bianchi933@yahoo.com,UAE,2025-09-12,senza glutine
LAURA SUZUKI,laura.suzuki434@icloud.com,Spain,2025-07-16,vegetariana
aiko lopez,aiko.lopez935@outlook.com,Spain,2024-12-14,vegana
pierre fischer,pierre.fischer603@gmail.com,USA,2026-05-18,internazionale
Yamamoto Fatima,fatima.yamamoto841@gmail.com,Italy,2025-12-10,internazionale
Patricia Ferreira,patricia.ferreira447@icloud.com,Italy,2025-07-10,senza glutine
  Ingrid Andersen  ,ingrid.andersen36@yahoo.com,Spain,2026-07-31,vegetariana
Moreau Elena,elena.moreau324@icloud.com,Italy,2025-12-31,halal
EKATERINA WAGNER,ekaterina.wagner886@gmail.com,Germany,2026-08-05,internazionale
  Layla Wagner  ,layla.wagner11@yahoo.com,Italy,2025-08-28,vegana
Lucia Ferreira,lucia.ferreira350@yahoo.com,Spain,2025-08-18,pesce
James Al-Rashid,james.al-rashid641@yahoo.com,Netherlands,2026-08-09,vegetariana
Maria Kowalski,maria.kowalski239@outlook.com,UAE,2026-08-20,kosher
Astrid Leroy,astrid.leroy278@gmail.com,Japan,2026-08-21,vegana
  Ingrid Garcia  ,ingrid.garcia375@gmail.com,Spain,2026-06-11,kosher
Ingrid Weber,ingrid.weber747@yahoo.com,France,2025-08-22,pesce
Charlotte Al-Farsi,charlotte.al-farsi69@gmail.com,UK,2025-02-25,pesce
  Pierre Patel  ,pierre.patel81@icloud.com,France,2025-07-13,vegana
ANNA MULLER,anna.muller465@outlook.com,Spain,2026-08-10,internazionale
John Fischer,john.fischer866@outlook.com,France,2025-07-03,pesce
Ahmed Hassan,ahmed.hassan561@outlook.com,UK,2026-04-17,vegetariana
  Simone Moreau  ,simone.moreau583@yahoo.com,Switzerland,2026-08-02,kosher
ingrid sharma,ingrid.sharma994@icloud.com,Italy,2026-08-26,halal
VALENTINA CONTI,valentina.conti334@outlook.com,UK,2026-08-14,senza glutine
HANS IBRAHIM,hans.ibrahim876@yahoo.com,Netherlands,2025-10-15,halal
Lucia Nakamura,lucia.nakamura419@yahoo.com,Switzerland,2025-09-05,pesce
aiko martinez,aiko.martinez739@yahoo.com,Netherlands,2026-09-03,kosher
  Ahmed Esposito  ,ahmed.esposito621@icloud.com,Germany,2025-03-05,kosher
ekaterina romano,ekaterina.romano392@outlook.com,UAE,2025-01-31,senza glutine
Rossi Simone,simone.rossi882@outlook.com,USA,2026-08-22,senza glutine
Marco Chen,marco.chen421@icloud.com,Germany,2026-02-02,vegana
Paolo Esposito,paolo.esposito834@outlook.com,Switzerland,2025-09-28,senza glutine
  Diego Tanaka  ,diego.tanaka136@yahoo.com,Netherlands,2024-12-18,vegana
alessandro bernard,alessandro.bernard432@gmail.com,Netherlands,2025-09-16,kosher
KLAUS SOKOLOV,klaus.sokolov901@outlook.com,Japan,2026-08-13,pesce
Layla Lopez,layla.lopez235@gmail.com,USA,2025-12-03,vegana
Camille Suzuki,camille.suzuki122@yahoo.com,UK,2025-07-24,halal
fatima al-rashid,fatima.al-rashid279@gmail.com,USA,2025-10-10,halal
CHARLOTTE JOHNSON,charlotte.johnson322@yahoo.com,Spain,2026-07-15,senza glutine
Lopez Maria,maria.lopez642@gmail.com,USA,2026-07-28,senza glutine
Carlos Chen,carlos.chen672@icloud.com,France,2025-07-22,senza glutine
Ingrid Girard,ingrid.girard820@outlook.com,Switzerland,2025-12-06,internazionale
JEAN KUMAR,jean.kumar138@icloud.com,USA,2025-05-11,internazionale
Youssef Kowalski,youssef.kowalski432@icloud.com,Japan,2025-08-16,vegetariana
  Thomas Ibrahim  ,thomas.ibrahim188@icloud.com,Switzerland,2025-03-07,senza glutine
Popov Olga,olga.popov143@gmail.com,Netherlands,2025-09-25,halal
DAVID SOKOLOV,david.sokolov393@gmail.com,UK,2025-11-09,vegetariana
ANNA KOWALSKI,anna.kowalski549@yahoo.com,Netherlands,2025-06-21,senza glutine
MATTEO SINGH,matteo.singh198@gmail.com,USA,2025-05-04,vegana
alessandro ferrari,alessandro.ferrari67@icloud.com,UK,2024-12-27,kosher
Sara Ivanov,sara.ivanov463@gmail.com,Italy,2024-12-21,vegana
Marco Lopez,marco.lopez539@icloud.com,Spain,2026-02-26,vegetariana
Klaus Park,klaus.park315@gmail.com,Germany,2025-03-09,italiana
Andersen Omar,omar.andersen83@yahoo.com,Germany,2024-12-11,vegetariana
PAOLO PARK,paolo.park118@yahoo.com,Japan,2026-09-09,halal
Al-Farsi Marie,marie.al-farsi112@gmail.com,UK,2025-04-20,internazionale
Kim Layla,layla.kim130@gmail.com,UK,2026-07-20,italiana
Fatima Ivanov,fatima.ivanov395@icloud.com,Switzerland,2025-12-06,pesce
  Fatima Suzuki  ,fatima.suzuki487@icloud.com,Switzerland,2026-03-02,vegana
CHIARA KLEIN,chiara.klein929@gmail.com,Italy,2025-10-21,pesce
Aiko Ivanov,aiko.ivanov318@gmail.com,Germany,2025-01-23,halal
Jean Ferreira,jean.ferreira614@yahoo.com,Germany,2026-06-25,senza glutine
  Carlos Lopez  ,carlos.lopez620@yahoo.com,Japan,2026-06-16,internazionale
ASTRID KACZMAREK,astrid.kaczmarek413@icloud.com,France,2025-06-27,italiana
anna sokolov,anna.sokolov912@gmail.com,France,2026-04-25,italiana
John Lefevre,john.lefevre232@outlook.com,Germany,2025-10-02,pesce
sara nakamura,sara.nakamura926@gmail.com,Netherlands,2026-07-26,pesce
Arjun Yamamoto,arjun.yamamoto592@outlook.com,USA,2026-06-03,italiana
pierre bianchi,pierre.bianchi593@icloud.com,Switzerland,2024-09-30,vegana
thomas ricci,thomas.ricci643@outlook.com,Germany,2026-07-11,vegana
ekaterina nakamura,ekaterina.nakamura868@outlook.com,Spain,2026-08-25,kosher
MARIE NOWAK,marie.nowak245@yahoo.com,UAE,2026-04-01,pesce
aiko andersen,aiko.andersen698@icloud.com,Japan,2024-12-12,kosher
Francesco Ferreira,francesco.ferreira800@icloud.com,Spain,2026-06-05,vegetariana
charlotte novak,charlotte.novak19@gmail.com,France,2025-12-25,internazionale
carlos meyer,carlos.meyer509@outlook.com,Italy,2025-06-21,internazionale
David Rossi,david.rossi364@icloud.com,Germany,2026-07-14,senza glutine
  Ahmed Kumar  ,ahmed.kumar55@outlook.com,Netherlands,2025-10-26,pesce
anna hassan,anna.hassan439@outlook.com,France,2026-06-28,internazionale
Andrea Muller,andrea.muller984@yahoo.com,UAE,2026-01-12,pesce
astrid garcia,astrid.garcia99@yahoo.com,Spain,2025-05-22,vegana
  Silvia Smith  ,silvia.smith92@yahoo.com,Netherlands,2026-08-28,vegetariana
NIKOLAI MEYER,nikolai.meyer160@yahoo.com,USA,2025-11-01,internazionale
camille singh,camille.singh702@outlook.com,Italy,2025-09-18,vegana
DMITRI ROMANO,dmitri.romano407@icloud.com,USA,2025-07-23,vegetariana
Valentina Popov,valentina.popov859@yahoo.com,Japan,2024-12-20,halal
MATTEO FERNANDEZ,matteo.fernandez782@icloud.com,UAE,2026-01-29,pesce
Olga Martinez,olga.martinez63@yahoo.com,UAE,2025-08-06,halal
Marie Ibrahim,marie.ibrahim681@yahoo.com,Switzerland,2026-08-08,italiana
valentina moreau,valentina.moreau8@gmail.com,Netherlands,2026-08-23,kosher
robert marino,robert.marino260@outlook.com,UK,2026-04-29,vegetariana
CHARLOTTE ESPOSITO,charlotte.esposito422@outlook.com,Japan,2025-04-01,kosher
pierre sharma,pierre.sharma99@outlook.com,Netherlands,2026-03-03,kosher
Youssef Patel,youssef.patel793@yahoo.com,Italy,2024-09-20,halal
DAVID POPOV,david.popov734@icloud.com,Netherlands,2026-06-15,senza glutine
  James Silva  ,james.silva14@yahoo.com,UK,2025-09-06,italiana
carlos kobayashi,carlos.kobayashi271@icloud.com,USA,2026-08-09,senza glutine
Singh Isabella,isabella.singh654@yahoo.com,USA,2025-07-11,kosher
robert kaczmarek,robert.kaczmarek580@gmail.com,USA,2025-04-24,kosher
marco girard,marco.girard90@gmail.com,Japan,2026-09-07,pesce
CHARLOTTE IBRAHIM,charlotte.ibrahim253@outlook.com,Germany,2025-09-25,senza glutine
Francesco Fernandez,francesco.fernandez234@yahoo.com,Japan,2026-07-03,halal
  Sophie Al-Farsi  ,sophie.al-farsi68@outlook.com,France,2026-07-27,vegana
MARIE LEFEVRE,marie.lefevre533@icloud.com,Netherlands,2025-09-19,kosher
Marie Chen,marie.chen199@gmail.com,Spain,2025-08-18,halal
Laura Ferreira,laura.ferreira250@gmail.com,Japan,2025-10-12,vegana
  Pierre Garcia  ,pierre.garcia888@yahoo.com,UAE,2026-06-26,kosher
Marie Petrov,marie.petrov10@gmail.com,UAE,2026-08-23,vegetariana
MATTEO GARCIA,matteo.garcia206@icloud.com,France,2025-06-16,vegetariana
William Sokolov,william.sokolov14@outlook.com,Japan,2026-03-28,internazionale
Sophie Popov,sophie.popov904@yahoo.com,UAE,2025-05-18,vegetariana
  Carlos Bernard  ,carlos.bernard340@outlook.com,Italy,2025-12-07,halal
  Laura Patel  ,laura.patel241@outlook.com,USA,2026-06-04,italiana
FEDERICA KUMAR,federica.kumar902@gmail.com,Germany,2026-07-15,senza glutine
ELENA KUMAR,elena.kumar144@icloud.com,Germany,2025-08-15,senza glutine
klaus watanabe,klaus.watanabe271@gmail.com,Italy,2025-07-07,vegana
Aiko Esposito,aiko.esposito233@gmail.com,France,2025-04-13,senza glutine
JOHN WEBER,john.weber424@icloud.com,USA,2024-12-18,internazionale
  Chiara Fernandez  ,chiara.fernandez767@gmail.com,Switzerland,2025-07-04,pesce
YOUSSEF KIM,youssef.kim507@gmail.com,UK,2026-07-08,italiana
andrea park,andrea.park944@yahoo.com,Italy,2025-07-31,vegana
fatima kim,fatima.kim925@yahoo.com,France,2025-06-10,halal
Silvia Romano,silvia.romano186@gmail.com,Germany,2026-03-28,halal
LAYLA LEROY,layla.leroy716@yahoo.com,Japan,2025-03-03,senza glutine
YOUSSEF KLEIN,youssef.klein71@icloud.com,Netherlands,2025-04-16,italiana
CHIARA HASSAN,chiara.hassan52@yahoo.com,Italy,2026-08-09,internazionale
  Sara Novak  ,sara.novak944@outlook.com,France,2024-11-13,kosher
  Matteo Novak  ,matteo.novak356@gmail.com,Italy,2025-07-29,kosher
CARLOS PARK,carlos.park925@gmail.com,Spain,2025-11-08,vegetariana
LAURA BERNARD,laura.bernard139@outlook.com,UK,2025-03-19,kosher
olivia rossi,olivia.rossi699@gmail.com,Switzerland,2025-05-13,halal
GIORGIA ROMANO,giorgia.romano661@gmail.com,Germany,2025-03-10,pesce
Klaus Girard,klaus.girard472@outlook.com,Germany,2025-06-24,italiana
Sara Lefevre,sara.lefevre528@icloud.com,Switzerland,2026-07-21,pesce
andrea meyer,andrea.meyer930@yahoo.com,UAE,2025-08-06,vegana
  Sara Nowak  ,sara.nowak762@yahoo.com,Japan,2025-07-31,vegana
matteo girard,matteo.girard752@icloud.com,France,2025-07-15,internazionale
JAMES COLOMBO,james.colombo32@yahoo.com,Spain,2026-08-23,internazionale
  Charlotte Colombo  ,charlotte.colombo268@yahoo.com,USA,2024-12-10,pesce
Marie Moreau,marie.moreau228@yahoo.com,Germany,2026-07-08,pesce
paolo nilsson,paolo.nilsson938@icloud.com,UK,2025-06-15,halal
SARA LEROY,sara.leroy14@icloud.com,USA,2026-08-19,kosher
giulia kim,giulia.kim946@yahoo.com,Japan,2025-06-09,internazionale
sara lefevre,sara.lefevre240@gmail.com,USA,2024-11-14,pesce
  Maria Andersen  ,maria.andersen742@outlook.com,Switzerland,2025-09-19,italiana
Valentina Bernard,valentina.bernard31@icloud.com,Spain,2025-03-16,kosher
INGRID FISCHER,ingrid.fischer329@yahoo.com,Japan,2026-04-13,senza glutine
Fatima Nowak,fatima.nowak743@yahoo.com,UK,2025-12-30,pesce
Omar Costa,omar.costa307@icloud.com,Netherlands,2026-01-30,halal
ANANYA BERNARD,ananya.bernard770@outlook.com,UAE,2025-02-06,vegetariana
  James Dubois  ,james.dubois895@outlook.com,UK,2026-02-23,italiana
hans chen,hans.chen82@outlook.com,Switzerland,2025-06-07,italiana
Wagner William,william.wagner845@gmail.com,Netherlands,2026-09-09,senza glutine
Lucia Rossi,lucia.rossi379@gmail.com,Spain,2026-03-20,internazionale
Arjun Muller,arjun.muller79@gmail.com,Japan,2025-11-22,kosher
federica greco,federica.greco110@gmail.com,Switzerland,2026-07-05,italiana
Sophie Lefevre,sophie.lefevre304@gmail.com,UK,2025-11-21,internazionale
  Priya Nilsson  ,priya.nilsson412@outlook.com,UK,2025-10-12,vegana
Silvia Kobayashi,silvia.kobayashi166@gmail.com,Germany,2025-03-26,halal
Giulia Weber,giulia.weber722@gmail.com,USA,2026-01-21,pesce
Astrid Lefevre,astrid.lefevre181@icloud.com,Netherlands,2025-07-09,vegetariana
LUCIA KIM,lucia.kim17@outlook.com,Switzerland,2024-10-02,kosher
MARIE KIM,marie.kim339@outlook.com,France,2026-06-10,italiana
Youssef Bruno,youssef.bruno14@outlook.com,Japan,2024-10-11,italiana
EMMA KLEIN,emma.klein200@icloud.com,Netherlands,2026-01-14,internazionale
  Luca Petrov  ,luca.petrov521@yahoo.com,USA,2024-12-30,vegetariana
Nakamura Charlotte,charlotte.nakamura376@yahoo.com,Japan,2025-08-07,internazionale
Erik Wagner,erik.wagner608@gmail.com,Japan,2026-07-01,halal
Sophie Ibrahim,sophie.ibrahim648@yahoo.com,France,2024-11-27,kosher
OLGA CONTI,olga.conti451@outlook.com,UK,2026-01-08,italiana
Al-Rashid Nikolai,nikolai.al-rashid925@yahoo.com,USA,2025-12-08,kosher
William Conti,william.conti55@outlook.com,Japan,2026-07-05,italiana
FRANCESCO HASSAN,francesco.hassan708@icloud.com,Switzerland,2025-01-15,vegetariana
  Youssef Esposito  ,youssef.esposito748@outlook.com,UAE,2026-06-02,internazionale
Dubois Luca,luca.dubois94@gmail.com,Italy,2025-08-16,italiana
luca park,luca.park300@gmail.com,Netherlands,2025-08-05,halal
anna sharma,anna.sharma173@outlook.com,UAE,2025-07-03,internazionale
JAMES LEROY,james.leroy581@icloud.com,Japan,2025-07-14,internazionale
Robert Sokolov,robert.sokolov502@yahoo.com,France,2025-09-19,vegana
CHARLOTTE SHARMA,charlotte.sharma917@outlook.com,Germany,2024-12-05,vegana
hans hassan,hans.hassan784@icloud.com,Switzerland,2025-08-03,kosher
  Giulia Conti  ,giulia.conti250@outlook.com,UK,2025-12-28,senza glutine
AMELIA BERNARD,amelia.bernard715@icloud.com,USA,2025-09-09,vegetariana
marie nakamura,marie.nakamura824@icloud.com,Netherlands,2025-01-07,senza glutine
KENJI WAGNER,kenji.wagner718@yahoo.com,UAE,2025-07-03,kosher
SARA PETROV,sara.petrov951@outlook.com,Italy,2025-08-12,vegetariana
klaus leroy,klaus.leroy885@icloud.com,Italy,2026-01-10,senza glutine
  Ananya Costa  ,ananya.costa245@outlook.com,Japan,2026-07-22,vegana
thomas novak,thomas.novak480@outlook.com,Japan,2025-10-10,internazionale
YUKI BIANCHI,yuki.bianchi44@gmail.com,USA,2026-01-19,pesce
olivia lopez,olivia.lopez995@icloud.com,Japan,2024-11-08,italiana
ALESSANDRO COLOMBO,alessandro.colombo101@outlook.com,Switzerland,2026-08-18,internazionale
marie schmidt,marie.schmidt142@icloud.com,UK,2025-06-09,vegana
CARLOS NILSSON,carlos.nilsson40@icloud.com,Switzerland,2025-06-29,vegetariana
JAMES CHEN,james.chen319@outlook.com,Italy,2025-03-11,halal
  Alessandro Rossi  ,alessandro.rossi802@icloud.com,USA,2024-11-16,vegana
Aiko Smith,aiko.smith458@outlook.com,Switzerland,2026-05-23,pesce
AIKO FISCHER,aiko.fischer772@gmail.com,Germany,2025-03-30,halal
Luca Nakamura,luca.nakamura881@icloud.com,USA,2025-05-15,pesce
JEAN GARCIA,jean.garcia26@outlook.com,UAE,2025-01-25,senza glutine
giulia schmidt,giulia.schmidt480@gmail.com,UK,2026-08-28,internazionale
yuki wagner,yuki.wagner571@yahoo.com,Netherlands,2026-05-13,vegetariana
MARIE CONTI,marie.conti299@yahoo.com,UK,2026-08-06,halal
Bruno James,james.bruno60@gmail.com,USA,2026-07-03,pesce
ROBERT FISCHER,robert.fischer889@outlook.com,UK,2026-07-25,vegetariana
Valentina Greco,valentina.greco434@yahoo.com,Switzerland,2025-08-30,vegana
  Youssef Tanaka  ,youssef.tanaka429@gmail.com,Germany,2025-01-12,vegetariana
Amelia Nowak,amelia.nowak618@icloud.com,Spain,2025-06-15,senza glutine
MATTEO LOPEZ,matteo.lopez80@yahoo.com,Italy,2025-05-26,internazionale
erik ivanov,erik.ivanov383@icloud.com,Japan,2026-03-04,internazionale
Aiko Rossi,aiko.rossi405@icloud.com,Switzerland,2024-09-22,internazionale
  James Schmidt  ,james.schmidt360@outlook.com,Spain,2024-12-23,pesce
Fischer Omar,omar.fischer22@outlook.com,USA,2026-01-26,pesce
chiara novak,chiara.novak71@gmail.com,USA,2024-12-13,pesce
Novak Valentina,valentina.novak29@outlook.com,USA,2024-10-07,italiana
Kumar Fatima,fatima.kumar250@outlook.com,Germany,2024-12-06,kosher
jean klein,jean.klein73@yahoo.com,Japan,2026-02-03,kosher
Klaus Ferreira,klaus.ferreira545@yahoo.com,UAE,2024-12-21,kosher
Layla Bruno,layla.bruno211@icloud.com,UK,2024-12-25,italiana
CHIARA WAGNER,chiara.wagner612@icloud.com,Germany,2025-03-19,italiana
SILVIA BIANCHI,silvia.bianchi915@yahoo.com,France,2026-04-10,kosher
Sara Moreau,sara.moreau393@outlook.com,France,2025-02-14,vegana
Romano Thomas,thomas.romano135@outlook.com,USA,2024-09-27,italiana
Matteo Fischer,matteo.fischer762@gmail.com,Netherlands,2026-07-25,italiana
Fernandez Emma,emma.fernandez358@gmail.com,USA,2026-07-10,vegana
FATIMA PARK,fatima.park88@yahoo.com,UAE,2025-01-28,pesce
YUKI SHARMA,yuki.sharma113@yahoo.com,Germany,2025-04-26,italiana
  James Sokolov  ,james.sokolov436@outlook.com,Italy,2025-02-01,kosher
  Laura Johnson  ,laura.johnson599@icloud.com,UK,2026-03-07,pesce
Chiara Kowalski,chiara.kowalski841@gmail.com,USA,2025-04-09,kosher
Ingrid Nilsson,ingrid.nilsson292@icloud.com,France,2026-08-06,pesce
Layla Ibrahim,layla.ibrahim896@gmail.com,Netherlands,2026-06-16,italiana
Priya Suzuki,priya.suzuki266@yahoo.com,Switzerland,2025-11-20,halal
Al-Rashid Thomas,thomas.al-rashid958@yahoo.com,Japan,2024-09-14,senza glutine
  Alessandro Nilsson  ,alessandro.nilsson805@yahoo.com,Italy,2026-07-13,kosher
  Giulia Bianchi  ,giulia.bianchi359@outlook.com,UK,2026-03-16,kosher
  Astrid Yamamoto  ,astrid.yamamoto268@outlook.com,Italy,2026-05-21,senza glutine
Diego Dubois,diego.dubois89@yahoo.com,Spain,2024-11-02,pesce
ANANYA ROSSI,ananya.rossi911@icloud.com,Italy,2026-02-23,vegana
Luca Conti,luca.conti528@outlook.com,Spain,2026-06-04,pesce
  Paolo Kim  ,paolo.kim56@yahoo.com,France,2026-08-19,senza glutine
pierre weber,pierre.weber501@yahoo.com,France,2025-11-12,pesce
HANS YAMAMOTO,hans.yamamoto68@outlook.com,Switzerland,2025-09-14,vegana
david singh,david.singh293@gmail.com,Switzerland,2025-08-03,internazionale
  Alessandro Watanabe  ,alessandro.watanabe86@yahoo.com,Italy,2026-02-15,pesce
KLAUS SINGH,klaus.singh640@yahoo.com,UAE,2026-08-01,kosher
MARCO NAKAMURA,marco.nakamura241@icloud.com,USA,2025-12-02,senza glutine
diego weber,diego.weber787@outlook.com,Italy,2025-03-15,internazionale
silvia petrov,silvia.petrov661@yahoo.com,Germany,2024-09-18,internazionale
Andrea Kaczmarek,andrea.kaczmarek199@yahoo.com,Switzerland,2025-12-11,kosher
  Luca Moreau  ,luca.moreau975@gmail.com,Germany,2026-07-04,vegana
sara chen,sara.chen951@gmail.com,UK,2024-10-27,pesce
Chiara Nilsson,chiara.nilsson318@yahoo.com,France,2025-07-20,pesce
anna patel,anna.patel844@outlook.com,Italy,2026-08-11,halal
Anna Yamamoto,anna.yamamoto274@icloud.com,UAE,2025-09-10,vegana
Arjun Conti,arjun.conti88@icloud.com,Japan,2025-03-08,pesce
Kowalski Fatima,fatima.kowalski853@icloud.com,UAE,2025-06-29,vegetariana
  Hans Singh  ,hans.singh632@outlook.com,Italy,2025-07-26,senza glutine
Henri Costa,henri.costa104@gmail.com,UAE,2024-12-10,vegana
ananya greco,ananya.greco398@gmail.com,UAE,2026-01-02,internazionale
yuki chen,yuki.chen585@gmail.com,Germany,2025-11-24,italiana
FEDERICA GARCIA,federica.garcia25@icloud.com,USA,2025-12-25,internazionale
nikolai wagner,nikolai.wagner981@icloud.com,USA,2025-12-07,pesce
HENRI SINGH,henri.singh463@gmail.com,UAE,2024-09-18,vegana
Fatima Costa,fatima.costa371@yahoo.com,UAE,2025-01-17,italiana
DIEGO YAMAMOTO,diego.yamamoto645@icloud.com,UAE,2025-01-07,vegana
astrid ricci,astrid.ricci91@yahoo.com,UAE,2024-12-01,pesce
aiko marino,aiko.marino582@yahoo.com,Germany,2026-03-24,senza glutine
youssef singh,youssef.singh791@icloud.com,France,2024-12-12,pesce
Marie Sokolov,marie.sokolov914@gmail.com,France,2026-01-10,italiana
Yuki Yamamoto,yuki.yamamoto235@yahoo.com,USA,2025-01-21,halal
Nilsson Diego,diego.nilsson890@icloud.com,UAE,2024-12-11,internazionale
Kim Emma,emma.kim509@icloud.com,Italy,2025-01-03,internazionale
Arjun Nakamura,arjun.nakamura140@outlook.com,France,2025-09-14,vegana
yuki schmidt,yuki.schmidt786@gmail.com,Japan,2025-12-24,vegetariana
  Marie Kaczmarek  ,marie.kaczmarek77@outlook.com,Switzerland,2026-06-08,vegetariana
CARLOS SMITH,carlos.smith390@icloud.com,USA,2024-12-16,halal
LAURA SCHMIDT,laura.schmidt833@outlook.com,Switzerland,2025-12-10,internazionale
Lucia Kumar,lucia.kumar464@outlook.com,USA,2026-05-06,vegetariana
Emma Bruno,emma.bruno25@outlook.com,UAE,2025-06-08,vegetariana
  Andrea Rossi  ,andrea.rossi180@outlook.com,Switzerland,2024-11-11,vegetariana
HENRI KUMAR,henri.kumar220@gmail.com,USA,2024-12-30,vegetariana
Sara Bruno,sara.bruno830@icloud.com,USA,2024-11-24,italiana
Sara Ricci,sara.ricci88@outlook.com,UK,2026-07-15,vegana
Maria Martinez,maria.martinez304@outlook.com,France,2025-07-10,vegana
Anna Martinez,anna.martinez696@gmail.com,UK,2025-09-21,internazionale
Wagner Valentina,valentina.wagner672@yahoo.com,Switzerland,2026-04-30,internazionale
MATTEO KLEIN,matteo.klein378@yahoo.com,USA,2025-07-07,pesce
THOMAS NOWAK,thomas.nowak124@outlook.com,Germany,2025-12-26,vegetariana
lucia ferrari,lucia.ferrari419@yahoo.com,Netherlands,2024-11-07,italiana
  Maria Lefevre  ,maria.lefevre897@outlook.com,UAE,2025-08-31,internazionale
Simone Girard,simone.girard969@gmail.com,Netherlands,2024-11-29,italiana
Arjun Garcia,arjun.garcia876@yahoo.com,UK,2025-04-08,pesce
carlos sokolov,carlos.sokolov94@icloud.com,UAE,2025-05-27,halal
olivia chen,olivia.chen729@icloud.com,Spain,2026-03-05,pesce
henri watanabe,henri.watanabe703@outlook.com,UAE,2026-01-16,vegana
  Arjun Costa  ,arjun.costa440@yahoo.com,France,2026-04-06,vegana
Patricia Singh,patricia.singh474@outlook.com,Netherlands,2024-10-22,italiana
Olivia Ivanov,olivia.ivanov757@gmail.com,France,2026-09-06,vegetariana
John Klein,john.klein103@gmail.com,Spain,2024-10-14,halal
  David Moreau  ,david.moreau584@gmail.com,Spain,2026-06-15,vegana
Ferrari Erik,erik.ferrari520@icloud.com,UK,2026-03-30,senza glutine
Simone Yamamoto,simone.yamamoto779@yahoo.com,UAE,2025-11-24,internazionale
Kobayashi William,william.kobayashi838@outlook.com,Italy,2025-08-10,pesce
CAMILLE KACZMAREK,camille.kaczmarek647@icloud.com,France,2026-04-17,internazionale
silvia meyer,silvia.meyer831@icloud.com,Spain,2026-03-29,halal
KENJI CONTI,kenji.conti660@outlook.com,UK,2024-12-20,internazionale
PAOLO RICCI,paolo.ricci237@yahoo.com,Switzerland,2026-05-26,internazionale
  Francesco Sharma  ,francesco.sharma421@yahoo.com,Italy,2024-11-09,internazionale
Giorgia Marino,giorgia.marino811@icloud.com,Netherlands,2025-09-10,senza glutine
FEDERICA KLEIN,federica.klein47@yahoo.com,Italy,2025-12-24,senza glutine
giorgia kobayashi,giorgia.kobayashi702@yahoo.com,Japan,2026-06-13,kosher
elena kobayashi,elena.kobayashi165@icloud.com,Switzerland,2025-08-22,pesce
Valentina Dubois,valentina.dubois463@yahoo.com,Switzerland,2025-03-26,senza glutine
MATTEO LEROY,matteo.leroy223@gmail.com,USA,2025-09-05,senza glutine
EKATERINA ESPOSITO,ekaterina.esposito516@icloud.com,Germany,2025-04-10,senza glutine
Al-Rashid Luca,luca.al-rashid50@icloud.com,UAE,2025-09-24,vegetariana
  Sophie Lopez  ,sophie.lopez414@yahoo.com,Netherlands,2025-08-22,vegana
PRIYA KOWALSKI,priya.kowalski271@yahoo.com,Japan,2026-05-13,internazionale
Amelia Weber,amelia.weber46@yahoo.com,Italy,2025-03-30,halal
ingrid ricci,ingrid.ricci881@yahoo.com,Japan,2025-02-14,italiana
  Luca Ivanov  ,luca.ivanov873@outlook.com,France,2025-08-28,internazionale
Conti Charlotte,charlotte.conti938@outlook.com,Switzerland,2024-10-10,vegana
EMMA AL-FARSI,emma.al-farsi291@yahoo.com,Netherlands,2025-03-18,pesce
AIKO MOREAU,aiko.moreau772@icloud.com,Spain,2025-06-29,internazionale
  Maria Bernard  ,maria.bernard920@yahoo.com,Netherlands,2025-09-03,internazionale
OMAR POPOV,omar.popov836@icloud.com,Netherlands,2025-05-01,vegana
OLIVIA KIM,olivia.kim709@icloud.com,USA,2025-10-21,italiana
aiko colombo,aiko.colombo883@yahoo.com,UK,2026-07-11,internazionale
giorgia lefevre,giorgia.lefevre33@outlook.com,France,2025-10-02,senza glutine
Federica Johnson,federica.johnson968@yahoo.com,Germany,2025-05-20,senza glutine
  Nikolai Kaczmarek  ,nikolai.kaczmarek243@icloud.com,France,2024-10-22,senza glutine
Emma Novak,emma.novak334@gmail.com,UAE,2024-12-20,vegana
  Patricia Sharma  ,patricia.sharma437@outlook.com,Japan,2025-10-21,italiana
  Federica Kobayashi  ,federica.kobayashi930@yahoo.com,France,2026-01-27,vegana
patricia colombo,patricia.colombo851@gmail.com,Switzerland,2024-10-09,vegana
OLGA WEBER,olga.weber809@yahoo.com,UAE,2025-01-29,kosher
ARJUN WAGNER,arjun.wagner890@outlook.com,UAE,2025-06-11,vegetariana
DIEGO LEFEVRE,diego.lefevre843@icloud.com,France,2025-06-12,vegana
Ahmed Kobayashi,ahmed.kobayashi821@gmail.com,UAE,2026-08-20,kosher
fatima smith,fatima.smith870@gmail.com,UAE,2025-02-18,kosher
ANNA GIRARD,anna.girard3@yahoo.com,Japan,2024-10-23,halal
Thomas Chen,thomas.chen43@icloud.com,Switzerland,2025-06-28,senza glutine
hans tanaka,hans.tanaka387@icloud.com,Netherlands,2024-12-19,senza glutine
Layla Popov,layla.popov982@yahoo.com,Germany,2024-12-15,vegana
Elena Popov,elena.popov801@gmail.com,Italy,2025-07-25,italiana
nikolai fischer,nikolai.fischer570@gmail.com,Netherlands,2025-06-05,vegetariana
MARIA GARCIA,maria.garcia72@outlook.com,UAE,2024-11-24,halal
Sara Wagner,sara.wagner251@yahoo.com,UAE,2025-12-04,kosher
Anna Costa,anna.costa153@icloud.com,Spain,2025-09-10,internazionale
Nikolai Bianchi,nikolai.bianchi527@outlook.com,Spain,2024-11-08,kosher
ANANYA FERREIRA,ananya.ferreira518@yahoo.com,USA,2026-07-03,internazionale
  Henri Dubois  ,henri.dubois90@icloud.com,Switzerland,2025-05-17,vegana
sara costa,sara.costa190@yahoo.com,Italy,2026-08-21,halal
olga chen,olga.chen748@outlook.com,Spain,2026-08-06,kosher
GIULIA ROSSI,giulia.rossi119@gmail.com,France,2025-08-08,italiana
Kenji Kumar,kenji.kumar572@yahoo.com,Switzerland,2025-03-17,italiana
  Omar Singh  ,omar.singh917@icloud.com,Switzerland,2026-06-19,italiana
Priya Dubois,priya.dubois396@yahoo.com,UAE,2025-07-02,vegetariana
SIMONE ANDERSEN,simone.andersen822@icloud.com,Switzerland,2025-01-05,pesce
William Meyer,william.meyer526@gmail.com,Switzerland,2025-10-11,italiana
lucia lopez,lucia.lopez35@yahoo.com,Switzerland,2025-09-04,halal
Robert Kowalski,robert.kowalski507@icloud.com,Spain,2026-06-27,senza glutine
Colombo Olivia,olivia.colombo925@outlook.com,Switzerland,2026-03-18,italiana
GIULIA NAKAMURA,giulia.nakamura213@yahoo.com,France,2026-07-10,vegana
John Sokolov,john.sokolov80@outlook.com,Japan,2026-03-24,vegana
  Elena Patel  ,elena.patel982@icloud.com,Spain,2025-12-23,italiana
AHMED SUZUKI,ahmed.suzuki602@gmail.com,France,2025-09-10,vegetariana
WILLIAM POPOV,william.popov455@gmail.com,Switzerland,2026-09-03,vegetariana
James Andersen,james.andersen500@yahoo.com,Germany,2026-08-20,italiana
Jean Muller,jean.muller805@yahoo.com,France,2026-06-26,halal
  Silvia Greco  ,silvia.greco221@icloud.com,Germany,2026-05-07,internazionale
OLIVIA SHARMA,olivia.sharma20@gmail.com,UK,2025-11-08,italiana
john colombo,john.colombo457@gmail.com,Italy,2025-04-20,halal
GIULIA PETROV,giulia.petrov980@icloud.com,Germany,2026-07-09,pesce
Schmidt Matteo,matteo.schmidt327@outlook.com,UK,2024-09-15,vegana
priya garcia,priya.garcia485@outlook.com,Netherlands,2025-03-16,halal
ekaterina kim,ekaterina.kim331@gmail.com,Switzerland,2025-07-23,senza glutine
David Ferrari,david.ferrari986@outlook.com,Italy,2025-11-18,vegetariana
Dmitri Garcia,dmitri.garcia75@outlook.com,USA,2025-10-21,kosher
JAMES MEYER,james.meyer889@gmail.com,Netherlands,2025-01-18,vegana
marco kaczmarek,marco.kaczmarek307@outlook.com,UK,2024-12-04,vegetariana
  Hans Bianchi  ,hans.bianchi866@gmail.com,Italy,2025-03-10,senza glutine
AHMED ANDERSEN,ahmed.andersen144@gmail.com,USA,2025-06-26,pesce
ingrid martinez,ingrid.martinez126@icloud.com,Spain,2024-09-17,internazionale
ISABELLA LOPEZ,isabella.lopez522@icloud.com,USA,2026-02-05,pesce
MATTEO SMITH,matteo.smith16@yahoo.com,Italy,2025-04-07,internazionale
Dmitri Johnson,dmitri.johnson781@gmail.com,Japan,2025-06-27,senza glutine
klaus popov,klaus.popov398@yahoo.com,France,2025-06-19,kosher
Layla Weber,layla.weber394@outlook.com,Spain,2025-09-15,vegetariana
AMELIA BIANCHI,amelia.bianchi452@icloud.com,USA,2026-07-02,italiana
Colombo Robert,robert.colombo284@icloud.com,UAE,2024-12-26,kosher
Fernandez Dmitri,dmitri.fernandez254@icloud.com,USA,2025-06-22,kosher
Giulia Fischer,giulia.fischer880@gmail.com,Netherlands,2026-02-05,internazionale
ALESSANDRO FERREIRA,alessandro.ferreira730@icloud.com,Germany,2024-10-03,internazionale
  Hans Dubois  ,hans.dubois213@outlook.com,Germany,2026-06-17,vegetariana
Arjun Ibrahim,arjun.ibrahim977@outlook.com,USA,2026-08-21,pesce
ARJUN DUBOIS,arjun.dubois712@yahoo.com,Switzerland,2025-12-05,kosher
PATRICIA SMITH,patricia.smith495@icloud.com,Netherlands,2026-08-19,internazionale
youssef sharma,youssef.sharma36@outlook.com,Japan,2025-07-28,pesce
James Kowalski,james.kowalski285@outlook.com,Italy,2025-07-29,vegetariana
PIERRE KIM,pierre.kim782@gmail.com,Spain,2024-12-05,senza glutine
JOHN KACZMAREK,john.kaczmarek807@outlook.com,Spain,2024-09-27,vegana
Maria Bianchi,maria.bianchi850@gmail.com,UAE,2025-04-03,senza glutine
sophie ferrari,sophie.ferrari359@gmail.com,Netherlands,2025-08-30,internazionale
AMELIA ANDERSEN,amelia.andersen979@yahoo.com,Germany,2025-09-13,senza glutine
  Francesco Nakamura  ,francesco.nakamura440@gmail.com,Netherlands,2025-03-05,halal
SARA WATANABE,sara.watanabe563@yahoo.com,UAE,2025-12-08,internazionale
anna greco,anna.greco63@yahoo.com,UAE,2025-01-24,kosher
ANDREA LEROY,andrea.leroy595@icloud.com,Switzerland,2025-06-15,pesce
  Patricia Tanaka  ,patricia.tanaka442@yahoo.com,Spain,2025-02-09,vegetariana
Johnson Diego,diego.johnson293@yahoo.com,UAE,2026-02-10,pesce
AMELIA GIRARD,amelia.girard642@gmail.com,France,2025-09-18,halal
  Thomas Kobayashi  ,thomas.kobayashi576@icloud.com,France,2026-03-25,senza glutine
Marco Watanabe,marco.watanabe973@icloud.com,Spain,2024-10-17,senza glutine
aiko chen,aiko.chen800@outlook.com,Spain,2025-08-03,kosher
Isabella Watanabe,isabella.watanabe434@outlook.com,Netherlands,2026-08-24,pesce
Dmitri Conti,dmitri.conti431@yahoo.com,Netherlands,2024-10-13,vegetariana
ANANYA KIM,ananya.kim983@outlook.com,Italy,2025-07-31,senza glutine
  Arjun Colombo  ,arjun.colombo462@yahoo.com,Switzerland,2024-09-30,vegetariana
Lucia Muller,lucia.muller488@gmail.com,France,2024-12-25,internazionale
Kenji Fischer,kenji.fischer802@gmail.com,Japan,2025-08-22,pesce
Giorgia Girard,giorgia.girard336@yahoo.com,France,2024-12-30,kosher
fatima kumar,fatima.kumar400@gmail.com,UAE,2025-09-19,kosher
Sara Fernandez,sara.fernandez562@yahoo.com,Germany,2026-08-02,senza glutine
EMMA ANDERSEN,emma.andersen350@icloud.com,USA,2025-02-14,internazionale
Petrov Ingrid,ingrid.petrov307@yahoo.com,France,2024-12-05,vegana
Andrea Yamamoto,andrea.yamamoto81@yahoo.com,Italy,2026-06-14,halal
ingrid bruno,ingrid.bruno838@yahoo.com,Netherlands,2025-08-21,kosher
  Simone Bruno  ,simone.bruno143@yahoo.com,USA,2026-07-13,kosher
Ferrari Maria,maria.ferrari863@icloud.com,UK,2025-06-05,vegetariana
Andrea Nilsson,andrea.nilsson125@gmail.com,Netherlands,2025-12-15,vegana
simone hassan,simone.hassan352@outlook.com,Germany,2026-08-02,vegana
Johnson Patricia,patricia.johnson425@icloud.com,Italy,2025-01-13,halal
KENJI WATANABE,kenji.watanabe61@outlook.com,USA,2026-06-02,internazionale
FATIMA WATANABE,fatima.watanabe657@gmail.com,UK,2025-12-17,vegana
EMMA ROSSI,emma.rossi463@gmail.com,Germany,2026-06-08,vegana
  Hans Lopez  ,hans.lopez260@yahoo.com,Germany,2025-01-12,internazionale
  Olga Ricci  ,olga.ricci189@yahoo.com,Spain,2025-08-08,senza glutine
LAYLA NAKAMURA,layla.nakamura140@gmail.com,USA,2024-12-16,italiana
AMELIA AL-RASHID,amelia.al-rashid881@icloud.com,Netherlands,2026-08-21,halal
laura al-rashid,laura.al-rashid586@outlook.com,UK,2024-10-23,senza glutine
Jean Andersen,jean.andersen839@outlook.com,USA,2024-10-26,internazionale
VALENTINA NILSSON,valentina.nilsson374@outlook.com,France,2026-07-21,italiana
  Silvia Garcia  ,silvia.garcia38@outlook.com,Netherlands,2025-06-02,senza glutine
Thomas Nilsson,thomas.nilsson640@outlook.com,USA,2025-11-30,vegetariana
James Ibrahim,james.ibrahim563@yahoo.com,USA,2025-05-21,vegana
Leroy Priya,priya.leroy476@outlook.com,Japan,2025-12-26,vegana
priya lefevre,priya.lefevre66@outlook.com,USA,2025-02-05,kosher
ISABELLA PETROV,isabella.petrov307@icloud.com,Japan,2025-08-20,vegetariana
DIEGO WAGNER,diego.wagner403@icloud.com,France,2025-09-26,internazionale
Olga Weber,olga.weber782@yahoo.com,Italy,2025-06-19,senza glutine
amelia muller,amelia.muller348@outlook.com,Spain,2025-04-11,italiana
elena petrov,elena.petrov538@icloud.com,Spain,2024-12-22,vegana
INGRID SINGH,ingrid.singh996@outlook.com,Japan,2026-02-20,vegana
anna leroy,anna.leroy48@gmail.com,Spain,2025-01-10,vegetariana
john martinez,john.martinez355@yahoo.com,Switzerland,2025-05-26,vegana
james girard,james.girard978@icloud.com,Netherlands,2025-06-20,internazionale
CHARLOTTE ROMANO,charlotte.romano978@yahoo.com,Switzerland,2025-08-18,kosher
  Youssef Nilsson  ,youssef.nilsson868@gmail.com,Netherlands,2026-02-16,internazionale
PIERRE ANDERSEN,pierre.andersen896@yahoo.com,Netherlands,2025-08-05,senza glutine
  Sophie Bianchi  ,sophie.bianchi188@gmail.com,France,2026-07-07,vegetariana
Suzuki Silvia,silvia.suzuki441@gmail.com,Germany,2026-01-22,vegana
  William Johnson  ,william.johnson792@gmail.com,Switzerland,2026-06-21,internazionale
HANS AL-FARSI,hans.al-farsi705@gmail.com,UAE,2026-03-03,italiana
Lefevre Ahmed,ahmed.lefevre237@outlook.com,Spain,2024-12-26,vegetariana
aiko nowak,aiko.nowak781@icloud.com,Netherlands,2026-08-29,senza glutine
james bernard,james.bernard96@gmail.com,UAE,2026-05-20,vegetariana
PRIYA ROMANO,priya.romano645@outlook.com,UAE,2025-11-03,vegana
Maria Johnson,maria.johnson585@icloud.com,Netherlands,2025-01-06,senza glutine
emma bernard,emma.bernard528@yahoo.com,Spain,2025-01-15,pesce
  Patricia Moreau  ,patricia.moreau374@icloud.com,Netherlands,2025-12-09,vegana
WILLIAM PARK,william.park104@outlook.com,UK,2025-07-30,internazionale
Kumar Ananya,ananya.kumar669@icloud.com,Italy,2026-01-18,pesce
yuki watanabe,yuki.watanabe700@icloud.com,Germany,2025-07-08,halal
Layla Sokolov,layla.sokolov8@gmail.com,Spain,2025-09-16,kosher
CHIARA BRUNO,chiara.bruno971@yahoo.com,Japan,2025-01-31,vegana
giorgia muller,giorgia.muller511@yahoo.com,France,2024-12-29,kosher
Camille Ibrahim,camille.ibrahim356@yahoo.com,Japan,2024-11-06,vegana
nikolai nakamura,nikolai.nakamura611@gmail.com,USA,2026-06-12,pesce
LUCA HASSAN,luca.hassan394@icloud.com,Spain,2025-10-15,internazionale
Paolo Chen,paolo.chen352@gmail.com,UAE,2026-08-14,halal
Youssef Martinez,youssef.martinez489@icloud.com,Netherlands,2026-04-09,vegana
youssef patel,youssef.patel210@gmail.com,UAE,2026-04-30,vegana
Klein Camille,camille.klein154@gmail.com,Netherlands,2025-09-14,senza glutine
thomas sharma,thomas.sharma327@yahoo.com,USA,2026-06-09,halal
  Nikolai Singh  ,nikolai.singh680@outlook.com,France,2026-08-12,kosher
Pierre Martinez,pierre.martinez591@icloud.com,USA,2026-03-09,italiana
Leroy Youssef,youssef.leroy898@gmail.com,Spain,2024-12-04,internazionale
laura suzuki,laura.suzuki232@icloud.com,Italy,2025-12-27,pesce
CAMILLE KUMAR,camille.kumar356@yahoo.com,Switzerland,2024-12-12,vegana
  David Garcia  ,david.garcia476@yahoo.com,Germany,2024-11-08,internazionale
Kobayashi Luca,luca.kobayashi50@gmail.com,UAE,2026-02-06,vegetariana
  Giulia Kowalski  ,giulia.kowalski769@gmail.com,Germany,2026-06-19,halal
NIKOLAI COLOMBO,nikolai.colombo177@icloud.com,USA,2024-12-31,kosher
yuki hassan,yuki.hassan938@gmail.com,USA,2024-11-05,vegana
Maria Nowak,maria.nowak864@gmail.com,Germany,2026-07-15,senza glutine
YOUSSEF FISCHER,youssef.fischer205@outlook.com,Germany,2024-12-18,kosher
Hans Ivanov,hans.ivanov796@gmail.com,Switzerland,2024-09-27,internazionale
  James Fischer  ,james.fischer627@icloud.com,Japan,2026-03-09,internazionale
Olivia Romano,olivia.romano33@gmail.com,Japan,2026-06-26,halal
ananya kobayashi,ananya.kobayashi399@yahoo.com,France,2025-09-17,pesce
olga fernandez,olga.fernandez750@yahoo.com,Germany,2025-09-29,halal
Arjun Johnson,arjun.johnson926@outlook.com,USA,2025-06-20,vegana
  Youssef Costa  ,youssef.costa800@outlook.com,Italy,2025-03-28,italiana
PATRICIA KIM,patricia.kim810@icloud.com,UAE,2026-04-15,vegetariana
Youssef Ibrahim,youssef.ibrahim171@outlook.com,France,2026-06-26,pesce
omar sharma,omar.sharma558@outlook.com,Germany,2025-06-12,pesce
Alessandro Singh,alessandro.singh722@yahoo.com,USA,2025-05-06,senza glutine
EKATERINA MOREAU,ekaterina.moreau583@gmail.com,Spain,2025-04-29,kosher
Silvia Ricci,silvia.ricci26@icloud.com,Italy,2024-10-10,pesce
Simone Popov,simone.popov666@outlook.com,France,2025-05-13,italiana
klaus ricci,klaus.ricci726@gmail.com,UK,2024-09-22,pesce
ARJUN KUMAR,arjun.kumar966@icloud.com,Spain,2026-05-22,internazionale
  Jean Kim  ,jean.kim542@outlook.com,Germany,2025-04-16,halal
LUCIA KOBAYASHI,lucia.kobayashi385@outlook.com,Germany,2026-02-03,senza glutine
amelia wagner,amelia.wagner634@outlook.com,Switzerland,2025-10-02,vegetariana
Marino Emma,emma.marino82@icloud.com,UK,2026-06-20,senza glutine
DIEGO PATEL,diego.patel286@yahoo.com,Switzerland,2026-08-21,pesce
Lucia Fischer,lucia.fischer930@icloud.com,Germany,2025-07-05,internazionale
Pierre Kobayashi,pierre.kobayashi967@outlook.com,Italy,2024-11-20,vegetariana
silvia martinez,silvia.martinez667@icloud.com,Germany,2026-04-09,vegana
maria silva,maria.silva496@outlook.com,Japan,2024-09-20,halal
Aiko Novak,aiko.novak239@gmail.com,USA,2025-03-11,senza glutine
  David Nowak  ,david.nowak726@yahoo.com,Italy,2024-10-13,senza glutine
Francesco Ricci,francesco.ricci734@outlook.com,Switzerland,2026-07-21,senza glutine
JAMES HASSAN,james.hassan319@gmail.com,Italy,2024-09-12,italiana
matteo weber,matteo.weber624@gmail.com,Switzerland,2025-09-06,halal
  Emma Muller  ,emma.muller696@yahoo.com,Germany,2025-08-03,pesce
LAURA SOKOLOV,laura.sokolov890@outlook.com,Spain,2025-12-28,internazionale
marie colombo,marie.colombo267@gmail.com,Italy,2025-05-23,senza glutine
  Olivia Kaczmarek  ,olivia.kaczmarek333@yahoo.com,Switzerland,2026-07-09,pesce
astrid silva,astrid.silva722@icloud.com,UAE,2026-03-23,halal
LAURA COLOMBO,laura.colombo360@icloud.com,UK,2025-08-07,vegetariana
david girard,david.girard146@gmail.com,Netherlands,2025-07-01,vegetariana
THOMAS GRECO,thomas.greco834@icloud.com,UK,2026-06-10,halal
ROBERT KOBAYASHI,robert.kobayashi907@icloud.com,UK,2026-04-17,senza glutine
ISABELLA COSTA,isabella.costa44@icloud.com,Spain,2025-07-21,vegana
Charlotte Chen,charlotte.chen71@icloud.com,France,2025-06-22,vegana
HANS CONTI,hans.conti659@gmail.com,Italy,2024-09-29,italiana
FATIMA BIANCHI,fatima.bianchi958@icloud.com,UK,2024-11-13,pesce
Camille Lopez,camille.lopez406@outlook.com,Switzerland,2024-10-13,senza glutine
Isabella Conti,isabella.conti615@outlook.com,Japan,2024-09-22,halal
astrid park,astrid.park206@gmail.com,Switzerland,2024-12-28,italiana
Ananya Kumar,ananya.kumar231@icloud.com,UK,2026-06-30,vegana
Andrea Novak,andrea.novak775@gmail.com,UK,2026-06-01,italiana
Amelia Weber,amelia.weber499@gmail.com,Netherlands,2026-06-24,senza glutine
  Aiko Park  ,aiko.park200@gmail.com,Germany,2025-12-14,vegetariana
  Ahmed Tanaka  ,ahmed.tanaka228@yahoo.com,Spain,2025-12-14,kosher
Thomas Lefevre,thomas.lefevre955@icloud.com,UK,2024-12-14,pesce
  Lucia Popov  ,lucia.popov648@outlook.com,Japan,2026-02-12,halal
Lucia Sharma,lucia.sharma198@icloud.com,Netherlands,2025-05-12,vegana
MARIE GRECO,marie.greco356@outlook.com,Germany,2025-09-19,senza glutine
Ingrid Conti,ingrid.conti746@yahoo.com,France,2026-08-18,vegana
Dmitri Rossi,dmitri.rossi808@gmail.com,Italy,2026-07-07,halal
LAURA SINGH,laura.singh747@yahoo.com,Netherlands,2025-03-22,vegana
layla conti,layla.conti520@gmail.com,Spain,2026-03-26,kosher
William Al-Rashid,william.al-rashid296@yahoo.com,UAE,2024-12-04,italiana
Emma Fernandez,emma.fernandez161@yahoo.com,Japan,2024-09-23,internazionale
Paolo Muller,paolo.muller373@icloud.com,UK,2024-09-24,vegetariana
Simone Costa,simone.costa115@icloud.com,UAE,2025-01-12,pesce
AHMED IVANOV,ahmed.ivanov209@gmail.com,Germany,2026-02-08,italiana
Suzuki Kenji,kenji.suzuki529@gmail.com,Germany,2025-07-03,senza glutine
Schmidt Alessandro,alessandro.schmidt699@outlook.com,Germany,2024-09-17,internazionale
CAMILLE NOVAK,camille.novak489@gmail.com,Japan,2026-09-04,halal
JEAN LEROY,jean.leroy540@gmail.com,USA,2025-09-26,vegana
Nilsson Elena,elena.nilsson998@icloud.com,Netherlands,2025-07-19,kosher
Andersen Luca,luca.andersen574@yahoo.com,UAE,2025-09-19,internazionale
Hassan Olivia,olivia.hassan638@gmail.com,Spain,2025-09-19,italiana
  Omar Nowak  ,omar.nowak426@outlook.com,Netherlands,2025-08-26,italiana
Smith Giorgia,giorgia.smith475@outlook.com,Italy,2025-12-08,vegetariana
william ibrahim,william.ibrahim422@icloud.com,USA,2026-07-14,halal
INGRID LEFEVRE,ingrid.lefevre733@icloud.com,Spain,2025-06-03,internazionale
  Omar Silva  ,omar.silva732@gmail.com,UAE,2025-09-03,italiana
Nakamura Elena,elena.nakamura736@yahoo.com,UAE,2024-09-11,internazionale
Alessandro Conti,alessandro.conti368@outlook.com,Switzerland,2026-07-02,pesce
chiara sokolov,chiara.sokolov340@outlook.com,Switzerland,2025-06-05,vegetariana
Ingrid Lopez,ingrid.lopez637@outlook.com,France,2025-05-03,pesce
Dmitri Kowalski,dmitri.kowalski104@yahoo.com,UAE,2026-09-08,halal
ananya esposito,ananya.esposito284@yahoo.com,Switzerland,2025-11-16,internazionale
  Astrid Patel  ,astrid.patel624@icloud.com,Spain,2024-12-13,italiana
Kenji Ferreira,kenji.ferreira355@yahoo.com,Switzerland,2025-04-26,pesce
paolo andersen,paolo.andersen173@yahoo.com,UAE,2025-06-28,italiana
Laura Watanabe,laura.watanabe591@icloud.com,Switzerland,2026-09-03,halal
  Omar Schmidt  ,omar.schmidt352@gmail.com,Japan,2025-08-06,vegetariana
klaus esposito,klaus.esposito10@gmail.com,Netherlands,2025-03-19,kosher
Klaus Rossi,klaus.rossi275@yahoo.com,USA,2025-10-31,vegetariana
PAOLO KUMAR,paolo.kumar987@icloud.com,USA,2025-07-24,senza glutine
CHIARA YAMAMOTO,chiara.yamamoto814@outlook.com,USA,2024-10-15,pesce
NIKOLAI BERNARD,nikolai.bernard446@yahoo.com,Italy,2026-07-02,pesce
James Garcia,james.garcia440@outlook.com,USA,2024-09-17,pesce
ananya nowak,ananya.nowak366@icloud.com,Switzerland,2026-07-21,vegana
Girard Ananya,ananya.girard263@icloud.com,Italy,2026-05-25,vegana
EMMA ESPOSITO,emma.esposito169@icloud.com,USA,2024-11-06,senza glutine
  Dmitri Weber  ,dmitri.weber58@icloud.com,USA,2026-03-11,senza glutine
  Klaus Lefevre  ,klaus.lefevre843@gmail.com,UK,2026-05-02,vegetariana
ELENA COSTA,elena.costa127@gmail.com,Germany,2025-12-03,halal
aiko ricci,aiko.ricci445@icloud.com,France,2025-11-09,kosher
lucia greco,lucia.greco90@gmail.com,Italy,2024-10-09,halal
WILLIAM DUBOIS,william.dubois671@yahoo.com,Netherlands,2024-10-20,senza glutine
sara bernard,sara.bernard722@yahoo.com,Switzerland,2026-03-15,internazionale
  Ingrid Marino  ,ingrid.marino470@gmail.com,Italy,2024-12-04,vegana
ISABELLA MARTINEZ,isabella.martinez569@yahoo.com,Switzerland,2025-03-31,vegetariana
giulia colombo,giulia.colombo367@outlook.com,Netherlands,2025-09-09,vegana
  John Al-Rashid  ,john.al-rashid634@yahoo.com,USA,2025-01-05,halal
Hans Garcia,hans.garcia674@icloud.com,UAE,2026-05-23,vegana
Girard Alessandro,alessandro.girard31@yahoo.com,Germany,2026-06-05,vegana
Andrea Watanabe,andrea.watanabe700@yahoo.com,USA,2026-06-23,italiana
  Camille Muller  ,camille.muller670@yahoo.com,UK,2024-10-09,internazionale
Sara Singh,sara.singh778@yahoo.com,Italy,2025-08-05,kosher
PATRICIA NOVAK,patricia.novak466@yahoo.com,Netherlands,2026-06-25,senza glutine
  Laura Petrov  ,laura.petrov621@gmail.com,Spain,2025-07-03,italiana
giulia nilsson,giulia.nilsson541@outlook.com,Italy,2026-02-09,pesce
Pierre Nakamura,pierre.nakamura934@gmail.com,France,2025-11-21,vegetariana
Valentina Yamamoto,valentina.yamamoto125@gmail.com,Switzerland,2025-06-25,kosher
Astrid Suzuki,astrid.suzuki689@icloud.com,UAE,2025-05-08,pesce
AIKO POPOV,aiko.popov899@gmail.com,Japan,2025-12-28,italiana
Nakamura Aiko,aiko.nakamura765@gmail.com,France,2024-12-18,pesce
Fatima Ferrari,fatima.ferrari694@gmail.com,France,2026-07-02,senza glutine
KLAUS PARK,klaus.park730@icloud.com,Japan,2025-11-07,vegana
OLGA BRUNO,olga.bruno336@icloud.com,Germany,2024-12-07,vegetariana
Ivanov Lucia,lucia.ivanov201@outlook.com,UK,2026-02-17,halal
klaus rossi,klaus.rossi650@outlook.com,France,2025-08-06,internazionale
FEDERICA KOWALSKI,federica.kowalski253@icloud.com,UK,2025-02-18,vegana
Omar Bruno,omar.bruno902@outlook.com,UK,2026-08-21,vegana
John Smith,john.smith271@gmail.com,France,2026-03-07,italiana
valentina chen,valentina.chen675@gmail.com,USA,2025-11-25,halal
Lucia Andersen,lucia.andersen568@yahoo.com,Japan,2026-06-26,senza glutine
David Al-Rashid,david.al-rashid632@gmail.com,Japan,2025-10-02,internazionale
  Hans Chen  ,hans.chen875@icloud.com,Italy,2025-08-11,senza glutine
Francesco Klein,francesco.klein547@outlook.com,Japan,2025-02-02,kosher
Silvia Ferreira,silvia.ferreira258@icloud.com,Spain,2024-12-28,halal
John Hassan,john.hassan74@outlook.com,Germany,2025-08-07,italiana
maria ferreira,maria.ferreira54@outlook.com,Italy,2025-08-19,senza glutine
MARCO NAKAMURA,marco.nakamura980@icloud.com,Netherlands,2026-03-22,italiana
robert hassan,robert.hassan660@yahoo.com,Germany,2025-08-12,halal
PAOLO BERNARD,paolo.bernard404@icloud.com,Germany,2025-11-26,internazionale
PAOLO FERRARI,paolo.ferrari131@icloud.com,Japan,2026-06-18,italiana
  Paolo Nakamura  ,paolo.nakamura215@outlook.com,Italy,2026-09-06,italiana
olivia costa,olivia.costa924@icloud.com,Switzerland,2025-06-13,halal
ELENA MARINO,elena.marino654@gmail.com,UAE,2026-07-23,italiana
Marie Klein,marie.klein815@outlook.com,Germany,2026-06-05,senza glutine
ANNA LOPEZ,anna.lopez682@icloud.com,Switzerland,2024-10-29,vegetariana
Chen Astrid,astrid.chen899@icloud.com,UK,2025-06-19,vegana
  Ananya Ferrari  ,ananya.ferrari963@outlook.com,Italy,2025-03-06,vegetariana
Sophie Al-Rashid,sophie.al-rashid600@icloud.com,UAE,2026-01-05,vegana
sara kim,sara.kim323@outlook.com,Italy,2025-10-15,senza glutine
ANDREA MARINO,andrea.marino623@icloud.com,Netherlands,2025-09-07,kosher
Suzuki Klaus,klaus.suzuki22@icloud.com,France,2026-04-24,vegana
  Yuki Weber  ,yuki.weber945@icloud.com,Japan,2025-06-18,senza glutine
Emma Ibrahim,emma.ibrahim520@yahoo.com,Switzerland,2025-07-13,pesce
EKATERINA SHARMA,ekaterina.sharma403@yahoo.com,Italy,2026-07-04,halal
amelia ferreira,amelia.ferreira102@icloud.com,Italy,2026-08-27,vegana
GIULIA IVANOV,giulia.ivanov417@yahoo.com,UK,2026-05-08,halal
Isabella Greco,isabella.greco17@icloud.com,Japan,2025-03-04,kosher
francesco petrov,francesco.petrov140@gmail.com,USA,2024-12-08,senza glutine
AMELIA HASSAN,amelia.hassan782@icloud.com,UK,2025-02-24,kosher
Klein James,james.klein60@yahoo.com,Italy,2025-08-02,internazionale
luca muller,luca.muller382@outlook.com,France,2025-03-26,pesce
HANS SMITH,hans.smith873@icloud.com,USA,2026-07-22,senza glutine
FEDERICA BIANCHI,federica.bianchi509@yahoo.com,Germany,2026-01-12,internazionale
Camille Yamamoto,camille.yamamoto947@icloud.com,Switzerland,2025-07-30,senza glutine
  Silvia Singh  ,silvia.singh323@yahoo.com,UK,2025-05-06,italiana
  Robert Tanaka  ,robert.tanaka677@gmail.com,Netherlands,2025-07-12,pesce
  William Klein  ,william.klein342@gmail.com,Germany,2025-08-29,halal
Olga Lefevre,olga.lefevre537@icloud.com,Netherlands,2026-03-01,italiana
CARLOS PETROV,carlos.petrov381@icloud.com,UK,2024-11-21,vegana
DAVID HASSAN,david.hassan569@yahoo.com,Netherlands,2026-06-26,halal
Jean Ibrahim,jean.ibrahim624@yahoo.com,USA,2024-12-15,italiana
  Camille Costa  ,camille.costa708@gmail.com,Japan,2025-04-23,pesce
Aiko Weber,aiko.weber785@icloud.com,Switzerland,2026-09-06,vegana
Chen William,william.chen487@outlook.com,Italy,2025-02-03,italiana
Camille Andersen,camille.andersen722@icloud.com,Italy,2024-12-02,senza glutine
  Henri Bianchi  ,henri.bianchi607@yahoo.com,UAE,2025-12-21,internazionale
FEDERICA POPOV,federica.popov84@outlook.com,UK,2025-07-18,italiana
Kenji Garcia,kenji.garcia343@outlook.com,Netherlands,2024-11-24,senza glutine
  Alessandro Weber  ,alessandro.weber970@yahoo.com,Japan,2024-09-11,kosher
MARIE NILSSON,marie.nilsson841@gmail.com,UK,2024-11-10,vegana
OMAR ROMANO,omar.romano975@gmail.com,UK,2025-09-21,vegetariana
luca schmidt,luca.schmidt207@icloud.com,France,2025-03-19,kosher
matteo colombo,matteo.colombo992@icloud.com,Germany,2026-05-10,vegetariana
PRIYA POPOV,priya.popov437@yahoo.com,UAE,2026-06-30,pesce
james kim,james.kim167@icloud.com,Netherlands,2024-12-24,internazionale
Patricia Nowak,patricia.nowak695@icloud.com,UK,2025-06-20,vegetariana
  Matteo Meyer  ,matteo.meyer605@outlook.com,UAE,2024-12-25,kosher
elena sokolov,elena.sokolov471@outlook.com,UK,2025-05-20,internazionale
OLIVIA JOHNSON,olivia.johnson636@yahoo.com,Switzerland,2025-03-29,halal
Robert Patel,robert.patel254@gmail.com,UAE,2026-05-20,halal
Thomas Costa,thomas.costa608@outlook.com,USA,2025-06-24,pesce
MARIE SILVA,marie.silva53@yahoo.com,France,2025-09-07,senza glutine
Silvia Popov,silvia.popov560@icloud.com,France,2026-01-16,halal
james rossi,james.rossi519@icloud.com,USA,2026-06-13,halal
nikolai johnson,nikolai.johnson659@yahoo.com,Switzerland,2025-06-02,pesce
james ivanov,james.ivanov525@icloud.com,UAE,2025-02-24,italiana
Anna Petrov,anna.petrov694@icloud.com,UAE,2026-08-30,pesce
Kenji Sharma,kenji.sharma335@yahoo.com,Japan,2025-06-12,senza glutine
Bruno Andrea,andrea.bruno406@outlook.com,Italy,2026-01-13,italiana
  Marie Fernandez  ,marie.fernandez83@outlook.com,Switzerland,2026-01-20,pesce
sara sokolov,sara.sokolov954@gmail.com,USA,2025-09-16,vegetariana
camille al-rashid,camille.al-rashid300@yahoo.com,USA,2025-03-17,senza glutine
elena andersen,elena.andersen670@icloud.com,France,2024-12-22,italiana
Priya Fernandez,priya.fernandez240@yahoo.com,Netherlands,2025-09-03,vegetariana
Nilsson William,william.nilsson43@yahoo.com,Netherlands,2025-09-15,vegana
layla chen,layla.chen923@yahoo.com,Italy,2026-05-05,pesce
Giorgia Tanaka,giorgia.tanaka769@yahoo.com,Germany,2026-02-24,vegetariana
ASTRID DUBOIS,astrid.dubois663@outlook.com,Switzerland,2026-07-28,senza glutine
MARIE PARK,marie.park339@yahoo.com,Italy,2026-08-26,pesce
diego kaczmarek,diego.kaczmarek370@icloud.com,UAE,2026-03-16,pesce
Simone Colombo,simone.colombo263@gmail.com,France,2024-11-07,senza glutine
MARIA YAMAMOTO,maria.yamamoto760@gmail.com,Italy,2025-07-24,vegana
INGRID BERNARD,ingrid.bernard224@icloud.com,UAE,2025-12-06,kosher
diego kowalski,diego.kowalski457@outlook.com,UK,2025-11-22,vegetariana
Patricia Hassan,patricia.hassan567@icloud.com,France,2025-01-24,italiana
carlos hassan,carlos.hassan564@outlook.com,UAE,2025-11-14,kosher
Petrov Jean,jean.petrov949@outlook.com,Netherlands,2025-06-27,italiana
Alessandro Silva,alessandro.silva372@outlook.com,Netherlands,2025-06-21,vegana
Garcia Charlotte,charlotte.garcia366@gmail.com,UAE,2026-06-19,internazionale
ISABELLA KOBAYASHI,isabella.kobayashi852@outlook.com,Germany,2025-08-02,senza glutine
ASTRID KOWALSKI,astrid.kowalski619@gmail.com,Italy,2025-09-23,kosher
sophie bruno,sophie.bruno530@outlook.com,Switzerland,2025-10-23,internazionale
Lucia Colombo,lucia.colombo2@outlook.com,France,2025-10-23,italiana
Charlotte Sokolov,charlotte.sokolov36@outlook.com,Switzerland,2025-02-28,vegana
ELENA MULLER,elena.muller782@outlook.com,Switzerland,2025-12-01,kosher
giorgia kaczmarek,giorgia.kaczmarek656@icloud.com,France,2025-06-19,kosher
YUKI SUZUKI,yuki.suzuki696@yahoo.com,Italy,2025-12-29,vegana
  Dmitri Dubois  ,dmitri.dubois857@yahoo.com,Italy,2024-12-24,senza glutine
omar wagner,omar.wagner569@icloud.com,UK,2026-09-07,kosher
James Smith,james.smith795@outlook.com,Germany,2026-05-04,halal
yuki park,yuki.park589@icloud.com,Netherlands,2025-07-30,pesce
ANDREA IBRAHIM,andrea.ibrahim46@icloud.com,Switzerland,2025-06-02,italiana
  Carlos Marino  ,carlos.marino529@gmail.com,France,2025-07-16,senza glutine
Matteo Muller,matteo.muller454@yahoo.com,Spain,2026-03-09,senza glutine
youssef andersen,youssef.andersen734@icloud.com,UAE,2025-12-29,senza glutine
James Lopez,james.lopez677@outlook.com,UK,2026-02-16,internazionale
fatima muller,fatima.muller293@gmail.com,Spain,2026-07-16,internazionale
  Amelia Chen  ,amelia.chen123@outlook.com,France,2025-08-19,halal
  Sophie Greco  ,sophie.greco940@yahoo.com,UK,2026-01-11,italiana
Sara Ivanov,sara.ivanov247@gmail.com,UAE,2025-08-11,italiana
  Hans Klein  ,hans.klein677@icloud.com,USA,2025-12-21,internazionale
ekaterina dubois,ekaterina.dubois878@outlook.com,UK,2025-08-28,vegetariana
Fatima Girard,fatima.girard427@icloud.com,Japan,2026-05-09,vegetariana
ERIK GARCIA,erik.garcia526@yahoo.com,Italy,2024-09-12,kosher
sophie kim,sophie.kim201@outlook.com,UK,2025-03-03,vegana
dmitri nilsson,dmitri.nilsson915@gmail.com,France,2025-05-30,pesce
  Thomas Fernandez  ,thomas.fernandez856@icloud.com,UK,2026-08-13,internazionale
Maria Weber,maria.weber916@icloud.com,Japan,2025-09-13,vegana
  Amelia Al-Rashid  ,amelia.al-rashid983@gmail.com,USA,2025-07-04,internazionale
  Giorgia Wagner  ,giorgia.wagner21@yahoo.com,Spain,2025-07-24,vegetariana
CHIARA KIM,chiara.kim802@outlook.com,Spain,2025-08-16,internazionale
John Garcia,john.garcia157@yahoo.com,Italy,2026-07-06,vegetariana
fatima sharma,fatima.sharma887@icloud.com,Italy,2026-08-22,pesce
ASTRID FERRARI,astrid.ferrari94@outlook.com,Netherlands,2026-06-24,vegetariana
Astrid Nakamura,astrid.nakamura641@icloud.com,Spain,2026-06-23,senza glutine
Sara Marino,sara.marino696@outlook.com,Germany,2025-02-12,vegetariana
robert meyer,robert.meyer747@yahoo.com,Switzerland,2025-04-30,kosher
  Yuki Kobayashi  ,yuki.kobayashi690@outlook.com,France,2025-11-29,halal
Marie Al-Rashid,marie.al-rashid970@gmail.com,UAE,2025-12-30,vegetariana
THOMAS FERREIRA,thomas.ferreira860@yahoo.com,Japan,2025-02-17,internazionale
Amelia Costa,amelia.costa604@outlook.com,Spain,2026-04-05,vegana
john yamamoto,john.yamamoto544@outlook.com,Italy,2025-02-14,vegana
  Yuki Romano  ,yuki.romano345@yahoo.com,USA,2025-04-24,halal
EMMA JOHNSON,emma.johnson680@outlook.com,UAE,2025-06-05,internazionale
ELENA YAMAMOTO,elena.yamamoto620@yahoo.com,Netherlands,2026-06-25,senza glutine
ROBERT MOREAU,robert.moreau432@outlook.com,Switzerland,2026-03-21,halal
ekaterina ivanov,ekaterina.ivanov608@gmail.com,Netherlands,2025-09-25,kosher
Ekaterina Nowak,ekaterina.nowak440@gmail.com,UK,2026-06-12,kosher
  Arjun Ivanov  ,arjun.ivanov576@gmail.com,Germany,2026-06-08,halal
anna greco,anna.greco447@yahoo.com,USA,2025-07-17,italiana
  Yuki Kowalski  ,yuki.kowalski412@yahoo.com,USA,2026-05-14,vegana
erik moreau,erik.moreau438@outlook.com,France,2025-02-20,senza glutine
Sokolov Jean,jean.sokolov256@yahoo.com,USA,2025-09-11,internazionale
  James Martinez  ,james.martinez311@outlook.com,Netherlands,2024-12-11,halal
carlos bernard,carlos.bernard400@outlook.com,UAE,2025-08-04,italiana
Yamamoto Marie,marie.yamamoto456@yahoo.com,Japan,2025-09-20,italiana
lucia park,lucia.park3@outlook.com,Germany,2024-11-11,vegana
Isabella Smith,isabella.smith918@outlook.com,UK,2025-08-22,vegetariana
  Jean Esposito  ,jean.esposito44@yahoo.com,France,2025-12-27,vegana
WILLIAM FERREIRA,william.ferreira682@icloud.com,Germany,2025-12-09,vegana
OMAR BIANCHI,omar.bianchi909@outlook.com,Italy,2024-10-14,senza glutine
david yamamoto,david.yamamoto794@icloud.com,USA,2024-11-28,vegetariana
Marco Silva,marco.silva292@gmail.com,UAE,2025-06-27,kosher
Olga Marino,olga.marino47@yahoo.com,UAE,2026-06-23,vegana
Marco Meyer,marco.meyer870@gmail.com,Japan,2026-07-07,vegetariana
Maria Patel,maria.patel896@outlook.com,Italy,2025-06-07,internazionale
Omar Garcia,omar.garcia748@outlook.com,USA,2026-03-06,italiana
john novak,john.novak907@gmail.com,Spain,2025-11-08,vegana
Kaczmarek Pierre,pierre.kaczmarek684@yahoo.com,Spain,2026-09-01,italiana
valentina weber,valentina.weber990@gmail.com,Netherlands,2024-11-27,senza glutine
Olivia Dubois,olivia.dubois845@gmail.com,UK,2025-10-07,vegana
Marie Conti,marie.conti953@gmail.com,Italy,2025-11-25,internazionale
Henri Nilsson,henri.nilsson50@icloud.com,Italy,2025-06-06,halal
Carlos Novak,carlos.novak532@icloud.com,Germany,2024-10-06,senza glutine
Olga Yamamoto,olga.yamamoto454@gmail.com,Germany,2024-10-11,senza glutine
JEAN KACZMAREK,jean.kaczmarek736@yahoo.com,Italy,2025-08-17,italiana
  Sara Kaczmarek  ,sara.kaczmarek655@outlook.com,UAE,2026-02-05,senza glutine
Amelia Ivanov,amelia.ivanov363@gmail.com,France,2026-02-14,internazionale
Singh Fatima,fatima.singh471@yahoo.com,Italy,2025-01-24,vegana
  Patricia Sharma  ,patricia.sharma458@icloud.com,UK,2026-07-01,italiana
andrea lopez,andrea.lopez696@gmail.com,Netherlands,2025-07-10,pesce
CAMILLE BERNARD,camille.bernard783@yahoo.com,UK,2026-08-23,vegana
Sara Esposito,sara.esposito183@gmail.com,UAE,2024-12-11,halal
Camille Sokolov,camille.sokolov861@outlook.com,USA,2026-06-20,senza glutine
Conti John,john.conti702@yahoo.com,UAE,2026-07-26,halal
ELENA FISCHER,elena.fischer392@yahoo.com,Switzerland,2026-06-13,halal
JEAN WEBER,jean.weber354@gmail.com,USA,2026-06-06,vegana
andrea bianchi,andrea.bianchi952@icloud.com,Italy,2025-07-02,vegana
OMAR SUZUKI,omar.suzuki159@outlook.com,Netherlands,2026-02-28,halal
VALENTINA MULLER,valentina.muller154@gmail.com,Japan,2025-11-10,pesce
DAVID GRECO,david.greco432@icloud.com,Netherlands,2025-08-03,halal
kenji lefevre,kenji.lefevre782@icloud.com,UAE,2026-09-06,halal
PIERRE BRUNO,pierre.bruno540@gmail.com,Spain,2025-05-24,halal
Federica Ricci,federica.ricci312@outlook.com,Switzerland,2025-07-28,internazionale
  Lucia Al-Rashid  ,lucia.al-rashid674@outlook.com,Spain,2026-07-23,kosher
  Thomas Muller  ,thomas.muller941@yahoo.com,Italy,2025-05-22,kosher
James Patel,james.patel80@gmail.com,France,2024-12-28,vegetariana
  Silvia Nilsson  ,silvia.nilsson723@outlook.com,France,2025-06-07,italiana
Marco Moreau,marco.moreau216@yahoo.com,UAE,2026-04-20,senza glutine
OLIVIA NAKAMURA,olivia.nakamura74@yahoo.com,UAE,2026-07-02,italiana
maria watanabe,maria.watanabe794@gmail.com,France,2024-12-09,vegana
david kowalski,david.kowalski52@outlook.com,Germany,2025-12-12,vegetariana
Kenji Yamamoto,kenji.yamamoto772@gmail.com,Italy,2025-10-28,vegetariana
Aiko Kobayashi,aiko.kobayashi87@yahoo.com,Netherlands,2026-01-10,vegetariana
luca lopez,luca.lopez728@outlook.com,Italy,2026-01-13,internazionale
Erik Meyer,erik.meyer210@yahoo.com,Switzerland,2026-08-20,vegana
EMMA AL-FARSI,emma.al-farsi135@outlook.com,UAE,2025-06-25,halal
  Camille Silva  ,camille.silva12@outlook.com,Spain,2025-06-02,senza glutine
MARCO FERRARI,marco.ferrari447@icloud.com,Netherlands,2025-11-12,internazionale
  Giorgia Colombo  ,giorgia.colombo693@yahoo.com,France,2025-08-05,halal
OLIVIA BIANCHI,olivia.bianchi35@gmail.com,Japan,2025-08-27,kosher
  Marco Muller  ,marco.muller813@yahoo.com,USA,2024-10-30,senza glutine
priya sokolov,priya.sokolov425@outlook.com,UK,2024-12-26,italiana
  Klaus Hassan  ,klaus.hassan320@icloud.com,UAE,2026-08-08,vegetariana
OLGA SUZUKI,olga.suzuki286@outlook.com,France,2024-10-29,internazionale
  Ingrid Ferrari  ,ingrid.ferrari894@yahoo.com,UK,2025-11-22,vegetariana
ahmed silva,ahmed.silva143@icloud.com,Japan,2026-04-14,vegana
EMMA WEBER,emma.weber577@icloud.com,Spain,2024-09-15,italiana
  Alessandro Andersen  ,alessandro.andersen395@gmail.com,USA,2025-03-10,internazionale
OMAR ESPOSITO,omar.esposito208@gmail.com,UK,2025-07-10,vegana
robert bruno,robert.bruno713@gmail.com,France,2025-09-13,kosher
sophie klein,sophie.klein681@icloud.com,Spain,2025-06-22,kosher
  Diego Klein  ,diego.klein510@icloud.com,UK,2025-12-26,halal
  Ekaterina Ferreira  ,ekaterina.ferreira392@outlook.com,Japan,2025-03-15,pesce
ARJUN NOWAK,arjun.nowak147@icloud.com,UK,2024-09-22,halal
francesco al-rashid,francesco.al-rashid399@icloud.com,Japan,2024-09-10,kosher
  Klaus Bernard  ,klaus.bernard755@gmail.com,Spain,2025-06-24,halal
Federica Silva,federica.silva660@icloud.com,Spain,2025-07-03,internazionale
OLGA MOREAU,olga.moreau477@icloud.com,Germany,2026-08-15,vegana
FATIMA FISCHER,fatima.fischer815@icloud.com,France,2024-10-03,italiana
Kenji Ricci,kenji.ricci333@icloud.com,Switzerland,2025-09-24,italiana
maria sharma,maria.sharma120@outlook.com,USA,2025-11-09,vegetariana
charlotte wagner,charlotte.wagner494@outlook.com,Germany,2026-02-13,vegetariana
OLGA KUMAR,olga.kumar664@icloud.com,Netherlands,2025-12-21,vegana
Omar Johnson,omar.johnson39@icloud.com,Netherlands,2024-09-14,senza glutine
  Lucia Al-Farsi  ,lucia.al-farsi400@gmail.com,Spain,2025-12-18,kosher
GIULIA IBRAHIM,giulia.ibrahim21@yahoo.com,UK,2025-06-13,vegana
james sharma,james.sharma218@icloud.com,UK,2026-05-04,kosher
erik nakamura,erik.nakamura148@yahoo.com,USA,2025-02-01,halal
SARA DUBOIS,sara.dubois556@yahoo.com,Italy,2026-03-03,internazionale
Giulia Hassan,giulia.hassan101@outlook.com,France,2025-12-14,italiana
astrid bruno,astrid.bruno586@gmail.com,Switzerland,2025-12-28,kosher
Conti Olivia,olivia.conti178@yahoo.com,France,2025-01-18,senza glutine
Arjun Wagner,arjun.wagner576@yahoo.com,Japan,2026-01-11,vegetariana
MATTEO HASSAN,matteo.hassan579@outlook.com,France,2026-03-26,halal
JOHN FERNANDEZ,john.fernandez101@outlook.com,UK,2025-09-04,vegetariana
giulia garcia,giulia.garcia784@outlook.com,UAE,2025-06-22,pesce
Henri Ferrari,henri.ferrari895@yahoo.com,USA,2025-01-08,halal
astrid watanabe,astrid.watanabe864@yahoo.com,Italy,2025-05-23,vegana
  Matteo Lefevre  ,matteo.lefevre690@outlook.com,Germany,2026-04-25,vegana
LUCA COSTA,luca.costa800@outlook.com,UK,2025-07-26,italiana
DAVID DUBOIS,david.dubois703@icloud.com,UAE,2026-02-17,pesce
youssef ricci,youssef.ricci46@outlook.com,Netherlands,2026-03-30,italiana
LUCA SINGH,luca.singh214@icloud.com,Switzerland,2026-01-16,vegetariana
Giorgia Kowalski,giorgia.kowalski25@outlook.com,Switzerland,2026-01-16,kosher
Ingrid Popov,ingrid.popov883@outlook.com,UK,2025-12-07,halal
Laura Bruno,laura.bruno776@gmail.com,Japan,2025-09-19,internazionale
  Omar Lefevre  ,omar.lefevre234@icloud.com,France,2025-02-11,vegana
ahmed muller,ahmed.muller493@yahoo.com,Netherlands,2026-06-23,pesce
  Arjun Colombo  ,arjun.colombo384@icloud.com,Netherlands,2026-08-23,halal
ANNA SMITH,anna.smith752@yahoo.com,UAE,2025-08-24,halal
Ahmed Bruno,ahmed.bruno11@yahoo.com,Italy,2026-08-07,vegana
Lopez Giulia,giulia.lopez394@outlook.com,Spain,2026-09-08,internazionale
dmitri esposito,dmitri.esposito567@icloud.com,Italy,2025-09-03,internazionale
Simone Wagner,simone.wagner156@gmail.com,Germany,2026-03-12,vegana
SARA AL-FARSI,sara.al-farsi628@icloud.com,UK,2025-12-23,halal
John Petrov,john.petrov373@gmail.com,Italy,2025-03-26,vegetariana
arjun al-farsi,arjun.al-farsi445@outlook.com,Spain,2024-10-06,vegetariana
Priya Patel,priya.patel262@icloud.com,Italy,2025-08-17,pesce
Isabella Romano,isabella.romano198@yahoo.com,Netherlands,2026-05-20,vegetariana
olivia marino,olivia.marino370@outlook.com,UAE,2025-06-14,halal
  Klaus Fischer  ,klaus.fischer97@outlook.com,UAE,2026-05-17,italiana
ERIK WEBER,erik.weber805@gmail.com,Switzerland,2025-12-29,halal
Sophie Garcia,sophie.garcia634@icloud.com,Japan,2026-02-09,vegetariana
  Marie Patel  ,marie.patel692@yahoo.com,USA,2025-05-19,italiana
Emma Tanaka,emma.tanaka647@yahoo.com,UAE,2025-08-26,vegetariana
Priya Lefevre,priya.lefevre538@icloud.com,Spain,2025-01-24,halal
erik rossi,erik.rossi212@gmail.com,Switzerland,2025-04-06,pesce
CAMILLE MARINO,camille.marino234@gmail.com,Germany,2024-11-22,senza glutine
Fischer Astrid,astrid.fischer739@gmail.com,Germany,2024-12-15,senza glutine
jean martinez,jean.martinez872@icloud.com,UK,2025-02-25,italiana
olivia garcia,olivia.garcia12@icloud.com,UK,2025-11-11,italiana
  Thomas Rossi  ,thomas.rossi832@yahoo.com,USA,2025-08-11,pesce
  Giorgia Sokolov  ,giorgia.sokolov225@icloud.com,UAE,2025-04-28,vegetariana
  Omar Kumar  ,omar.kumar734@gmail.com,UK,2026-07-02,internazionale
paolo rossi,paolo.rossi37@yahoo.com,France,2025-09-22,internazionale
WILLIAM FERRARI,william.ferrari499@gmail.com,UAE,2026-08-02,senza glutine
ANNA KOBAYASHI,anna.kobayashi951@icloud.com,Germany,2025-12-19,vegana
Francesco Singh,francesco.singh362@yahoo.com,Switzerland,2024-09-17,senza glutine
  Isabella Martinez  ,isabella.martinez651@outlook.com,Netherlands,2026-07-28,halal
  Henri Lopez  ,henri.lopez166@yahoo.com,Netherlands,2026-06-30,vegetariana
Patricia Moreau,patricia.moreau739@icloud.com,France,2025-12-19,vegana
Patricia Andersen,patricia.andersen797@outlook.com,France,2025-09-27,pesce
PRIYA KUMAR,priya.kumar335@yahoo.com,USA,2025-08-17,pesce
Arjun Bruno,arjun.bruno943@yahoo.com,Netherlands,2025-09-01,internazionale
LUCA MARINO,luca.marino884@gmail.com,Netherlands,2026-04-30,halal
Olga Al-Farsi,olga.al-farsi41@outlook.com,UK,2025-09-16,pesce
NIKOLAI GARCIA,nikolai.garcia777@yahoo.com,France,2025-01-18,vegana
ALESSANDRO MEYER,alessandro.meyer973@outlook.com,Netherlands,2024-10-18,internazionale
Erik Andersen,erik.andersen924@icloud.com,Italy,2024-12-15,kosher
  Alessandro Ibrahim  ,alessandro.ibrahim189@icloud.com,Spain,2025-04-11,senza glutine
patricia muller,patricia.muller67@outlook.com,USA,2025-07-06,vegana
Diego Colombo,diego.colombo82@gmail.com,UK,2026-07-18,kosher
matteo ferrari,matteo.ferrari315@outlook.com,Germany,2025-03-28,senza glutine
OLIVIA SILVA,olivia.silva299@outlook.com,USA,2025-06-12,senza glutine
diego girard,diego.girard680@outlook.com,UAE,2025-03-11,vegana
Thomas Moreau,thomas.moreau640@yahoo.com,Netherlands,2025-10-04,senza glutine
Andersen David,david.andersen981@gmail.com,Germany,2025-12-10,kosher
  Aiko Al-Rashid  ,aiko.al-rashid895@gmail.com,Switzerland,2025-09-26,vegana
  Dmitri Sharma  ,dmitri.sharma220@yahoo.com,Japan,2026-08-16,vegana
  Arjun Kaczmarek  ,arjun.kaczmarek519@icloud.com,France,2026-09-07,vegana
paolo watanabe,paolo.watanabe316@icloud.com,France,2026-06-20,kosher
EMMA POPOV,emma.popov631@gmail.com,UAE,2026-06-04,vegetariana
HENRI GRECO,henri.greco262@outlook.com,Japan,2025-07-05,pesce
Patricia Watanabe,patricia.watanabe568@yahoo.com,Germany,2025-11-11,vegetariana
Giulia Al-Rashid,giulia.al-rashid307@gmail.com,Netherlands,2025-06-27,pesce
robert garcia,robert.garcia405@yahoo.com,UAE,2026-05-17,internazionale
maria ivanov,maria.ivanov551@icloud.com,Spain,2025-01-14,vegetariana
Meyer Aiko,aiko.meyer160@outlook.com,Spain,2025-03-04,halal
ARJUN PARK,arjun.park702@yahoo.com,France,2024-09-29,vegana
  Olivia Meyer  ,olivia.meyer184@yahoo.com,Germany,2025-12-06,italiana
  Astrid Kumar  ,astrid.kumar966@icloud.com,Japan,2026-02-01,internazionale
amelia kim,amelia.kim240@yahoo.com,UAE,2024-09-11,vegana
SIMONE RICCI,simone.ricci282@outlook.com,Spain,2025-09-15,senza glutine
Andrea Kowalski,andrea.kowalski960@icloud.com,Spain,2025-07-10,vegana
NIKOLAI MOREAU,nikolai.moreau224@gmail.com,Switzerland,2026-05-26,pesce
DMITRI HASSAN,dmitri.hassan114@icloud.com,Netherlands,2024-09-29,senza glutine
ananya al-farsi,ananya.al-farsi667@outlook.com,UK,2024-10-08,vegana
Youssef Muller,youssef.muller416@icloud.com,Germany,2025-12-12,internazionale
John Ivanov,john.ivanov982@icloud.com,Italy,2025-11-24,italiana
  Lucia Ricci  ,lucia.ricci628@icloud.com,Spain,2026-06-17,halal
  Astrid Kobayashi  ,astrid.kobayashi150@yahoo.com,UAE,2025-11-25,vegana
  John Ferrari  ,john.ferrari776@gmail.com,UK,2026-08-15,pesce
CARLOS KACZMAREK,carlos.kaczmarek938@gmail.com,USA,2025-06-09,italiana
chiara ferrari,chiara.ferrari152@icloud.com,Spain,2025-07-21,senza glutine
arjun leroy,arjun.leroy701@yahoo.com,Netherlands,2026-08-29,senza glutine
  Carlos Dubois  ,carlos.dubois993@outlook.com,UAE,2024-12-05,pesce
Kaczmarek Omar,omar.kaczmarek671@outlook.com,Spain,2026-05-30,internazionale
Charlotte Kowalski,charlotte.kowalski289@icloud.com,UAE,2024-09-15,pesce
  Yuki Lopez  ,yuki.lopez136@icloud.com,UAE,2025-09-03,internazionale
Ibrahim Camille,camille.ibrahim832@yahoo.com,France,2024-12-28,vegetariana
Luca Bianchi,luca.bianchi79@gmail.com,UAE,2025-12-01,kosher
henri chen,henri.chen164@yahoo.com,Germany,2026-06-01,pesce
  Sara Schmidt  ,sara.schmidt790@icloud.com,Netherlands,2024-09-26,senza glutine
Priya Ibrahim,priya.ibrahim947@icloud.com,USA,2025-01-05,senza glutine
  Layla Patel  ,layla.patel108@icloud.com,France,2025-06-23,senza glutine
Ananya Ferreira,ananya.ferreira413@gmail.com,Spain,2025-04-16,internazionale
  Erik Schmidt  ,erik.schmidt157@gmail.com,Italy,2025-07-13,halal
Sara Petrov,sara.petrov435@yahoo.com,Germany,2026-08-16,vegetariana
MARCO YAMAMOTO,marco.yamamoto541@gmail.com,Japan,2024-12-02,halal
Arjun Silva,arjun.silva305@yahoo.com,Netherlands,2025-08-02,halal
ERIK CONTI,erik.conti8@gmail.com,Netherlands,2025-08-19,halal
JAMES FERRARI,james.ferrari322@yahoo.com,Switzerland,2025-05-13,internazionale
OLGA KIM,olga.kim749@outlook.com,Spain,2025-05-11,italiana
  Carlos Silva  ,carlos.silva33@icloud.com,Germany,2026-03-02,halal
james nilsson,james.nilsson286@outlook.com,Italy,2025-12-11,halal
THOMAS IVANOV,thomas.ivanov359@gmail.com,UK,2026-06-08,vegetariana
Fernandez Sophie,sophie.fernandez789@gmail.com,UK,2025-07-24,pesce
  Sophie Girard  ,sophie.girard38@gmail.com,Switzerland,2025-12-05,pesce
klaus dubois,klaus.dubois130@gmail.com,Spain,2026-07-18,internazionale
  Simone Singh  ,simone.singh607@icloud.com,Italy,2026-06-27,internazionale
Henri Colombo,henri.colombo752@gmail.com,Switzerland,2026-08-01,kosher
Thomas Kaczmarek,thomas.kaczmarek603@gmail.com,Japan,2025-04-30,kosher
  Andrea Andersen  ,andrea.andersen10@yahoo.com,Switzerland,2026-09-02,senza glutine
Simone Greco,simone.greco45@gmail.com,UAE,2026-06-10,kosher
Fatima Greco,fatima.greco419@icloud.com,Netherlands,2026-05-29,internazionale
fatima park,fatima.park580@icloud.com,Japan,2026-01-09,halal
LAYLA MARTINEZ,layla.martinez978@gmail.com,Japan,2026-09-01,internazionale
AMELIA ESPOSITO,amelia.esposito819@outlook.com,Spain,2025-08-11,pesce
Dubois Fatima,fatima.dubois387@gmail.com,USA,2026-03-31,halal
Erik Sharma,erik.sharma715@yahoo.com,Spain,2026-02-12,senza glutine
ISABELLA GARCIA,isabella.garcia661@outlook.com,Spain,2026-03-21,pesce
  Laura Lefevre  ,laura.lefevre854@yahoo.com,UAE,2026-04-11,halal
GIORGIA SINGH,giorgia.singh790@outlook.com,Switzerland,2025-02-03,pesce
  James Conti  ,james.conti65@yahoo.com,UK,2025-06-26,pesce
Ahmed Meyer,ahmed.meyer110@yahoo.com,Switzerland,2025-07-18,italiana
Giorgia Al-Rashid,giorgia.al-rashid634@gmail.com,Germany,2026-04-07,pesce
Andrea Silva,andrea.silva389@icloud.com,Italy,2026-03-03,senza glutine
  Pierre Girard  ,pierre.girard734@gmail.com,Netherlands,2026-06-18,internazionale
Ibrahim Diego,diego.ibrahim945@icloud.com,Germany,2026-05-22,pesce
Arjun Nilsson,arjun.nilsson744@gmail.com,UK,2025-11-29,internazionale
Smith Luca,luca.smith792@outlook.com,Spain,2024-12-22,internazionale
Elena Lopez,elena.lopez46@outlook.com,Netherlands,2025-12-19,italiana
SOPHIE MARINO,sophie.marino108@outlook.com,Netherlands,2026-07-15,internazionale
PIERRE FERREIRA,pierre.ferreira148@outlook.com,Netherlands,2025-12-23,vegetariana
PIERRE PARK,pierre.park575@outlook.com,UAE,2026-07-19,kosher
Chiara Al-Farsi,chiara.al-farsi832@gmail.com,UK,2026-09-09,internazionale
INGRID AL-FARSI,ingrid.al-farsi419@yahoo.com,Japan,2025-07-01,senza glutine
Camille Popov,camille.popov100@icloud.com,Spain,2026-03-11,halal
  Pierre Dubois  ,pierre.dubois300@outlook.com,USA,2025-09-29,italiana
Conti David,david.conti170@outlook.com,Netherlands,2025-08-18,vegetariana
Elena Leroy,elena.leroy507@yahoo.com,USA,2025-03-29,halal
matteo yamamoto,matteo.yamamoto94@icloud.com,UAE,2025-04-05,senza glutine
LAYLA BIANCHI,layla.bianchi767@outlook.com,Netherlands,2025-01-28,italiana
Patel Ingrid,ingrid.patel30@yahoo.com,Netherlands,2025-12-17,italiana
Jean Rossi,jean.rossi777@icloud.com,UK,2024-12-23,kosher
PRIYA AL-FARSI,priya.al-farsi756@gmail.com,Spain,2025-08-06,internazionale
YUKI IBRAHIM,yuki.ibrahim13@yahoo.com,Japan,2025-09-21,kosher
Ahmed Garcia,ahmed.garcia770@outlook.com,France,2025-08-10,vegetariana
DMITRI WATANABE,dmitri.watanabe89@yahoo.com,Netherlands,2026-06-29,italiana
DMITRI IBRAHIM,dmitri.ibrahim702@yahoo.com,Germany,2025-08-12,vegetariana
Robert Lopez,robert.lopez284@yahoo.com,France,2024-11-14,kosher
James Nakamura,james.nakamura370@gmail.com,Italy,2026-09-06,pesce
alessandro petrov,alessandro.petrov408@yahoo.com,UK,2026-06-24,vegetariana
Astrid Martinez,astrid.martinez213@yahoo.com,USA,2026-01-01,internazionale
Emma Bianchi,emma.bianchi922@outlook.com,Switzerland,2026-04-16,kosher
PAOLO BRUNO,paolo.bruno210@yahoo.com,USA,2024-12-16,internazionale
  Sara Nilsson  ,sara.nilsson742@gmail.com,Germany,2026-04-27,italiana
James Suzuki,james.suzuki13@gmail.com,UAE,2025-02-22,halal
Kumar Alessandro,alessandro.kumar409@icloud.com,UAE,2025-09-04,kosher
  Robert Schmidt  ,robert.schmidt739@gmail.com,Switzerland,2025-01-20,vegana
aiko schmidt,aiko.schmidt641@icloud.com,Germany,2026-04-14,internazionale
ANNA FERREIRA,anna.ferreira832@gmail.com,UK,2025-04-05,halal
Esposito Silvia,silvia.esposito25@gmail.com,Spain,2025-04-13,vegetariana
JAMES WEBER,james.weber701@icloud.com,UK,2024-12-06,pesce
Isabella Bruno,isabella.bruno428@outlook.com,USA,2026-03-08,vegana
AHMED YAMAMOTO,ahmed.yamamoto894@icloud.com,Spain,2025-05-30,italiana
GIULIA SUZUKI,giulia.suzuki307@icloud.com,Switzerland,2025-09-19,senza glutine
EKATERINA KOWALSKI,ekaterina.kowalski311@gmail.com,USA,2025-06-18,pesce
Ananya Popov,ananya.popov416@yahoo.com,France,2026-05-07,vegetariana
  Francesco Dubois  ,francesco.dubois886@outlook.com,France,2025-03-15,internazionale
alessandro popov,alessandro.popov542@yahoo.com,France,2026-08-11,internazionale
  Astrid Schmidt  ,astrid.schmidt192@icloud.com,UK,2025-06-12,pesce
  Omar Sokolov  ,omar.sokolov388@outlook.com,Japan,2024-12-04,pesce
Kenji Martinez,kenji.martinez127@yahoo.com,France,2025-03-30,italiana
kenji colombo,kenji.colombo839@outlook.com,Switzerland,2024-11-04,vegetariana
PAOLO AL-FARSI,paolo.al-farsi339@outlook.com,Germany,2025-08-25,halal
Paolo Kaczmarek,paolo.kaczmarek311@yahoo.com,Switzerland,2025-04-10,pesce
  Patricia Nakamura  ,patricia.nakamura585@yahoo.com,Italy,2026-07-15,internazionale
  Paolo Colombo  ,paolo.colombo114@outlook.com,USA,2025-09-18,pesce
EKATERINA YAMAMOTO,ekaterina.yamamoto72@yahoo.com,UK,2025-03-22,italiana
Aiko Ibrahim,aiko.ibrahim4@yahoo.com,Japan,2025-08-16,vegana
Carlos Novak,carlos.novak720@icloud.com,Spain,2025-02-09,halal
priya sharma,priya.sharma884@icloud.com,UK,2025-01-21,vegana
YUKI FERREIRA,yuki.ferreira615@gmail.com,Japan,2025-06-02,vegana
LAYLA GARCIA,layla.garcia520@icloud.com,Japan,2024-12-06,halal
patricia ibrahim,patricia.ibrahim975@icloud.com,France,2025-02-01,vegetariana
  Paolo Weber  ,paolo.weber299@yahoo.com,Spain,2026-08-10,halal
valentina girard,valentina.girard683@yahoo.com,Netherlands,2026-01-08,internazionale
  Thomas Al-Farsi  ,thomas.al-farsi141@yahoo.com,USA,2026-08-01,internazionale
erik ferreira,erik.ferreira635@outlook.com,France,2025-04-17,italiana
MARIA HASSAN,maria.hassan293@icloud.com,Japan,2026-06-30,halal
Carlos Popov,carlos.popov925@icloud.com,Germany,2025-07-03,senza glutine
alessandro yamamoto,alessandro.yamamoto58@gmail.com,France,2024-12-24,senza glutine
Erik Watanabe,erik.watanabe16@icloud.com,Switzerland,2026-06-04,internazionale
  Luca Lopez  ,luca.lopez653@icloud.com,Germany,2024-10-20,senza glutine
AMELIA MARINO,amelia.marino308@yahoo.com,Switzerland,2025-07-24,kosher
  Youssef Meyer  ,youssef.meyer560@gmail.com,Switzerland,2026-06-11,halal
Erik Leroy,erik.leroy578@yahoo.com,Germany,2025-12-10,italiana
Priya Bruno,priya.bruno210@gmail.com,UK,2025-09-19,halal
jean yamamoto,jean.yamamoto446@yahoo.com,Spain,2025-06-29,kosher
PAOLO WAGNER,paolo.wagner650@icloud.com,France,2024-11-06,pesce
  William Greco  ,william.greco399@icloud.com,UK,2026-09-05,halal
JEAN IVANOV,jean.ivanov187@gmail.com,UAE,2025-01-17,kosher
patricia lefevre,patricia.lefevre678@outlook.com,Italy,2025-04-15,senza glutine
Ananya Yamamoto,ananya.yamamoto466@outlook.com,Netherlands,2025-03-25,kosher
Kobayashi Maria,maria.kobayashi774@gmail.com,Germany,2026-07-26,pesce
Hans Al-Rashid,hans.al-rashid621@yahoo.com,France,2026-04-24,italiana
  Sara Conti  ,sara.conti328@icloud.com,Netherlands,2025-08-19,halal
LAYLA WATANABE,layla.watanabe593@gmail.com,Netherlands,2026-08-18,vegetariana
DAVID MARTINEZ,david.martinez268@icloud.com,Switzerland,2024-10-12,vegetariana
Laura Fernandez,laura.fernandez502@gmail.com,USA,2026-07-18,halal
priya bianchi,priya.bianchi298@icloud.com,Switzerland,2024-10-21,internazionale
  Charlotte Schmidt  ,charlotte.schmidt702@yahoo.com,Italy,2025-07-17,halal
CAMILLE GARCIA,camille.garcia475@yahoo.com,Switzerland,2024-10-14,internazionale
lucia klein,lucia.klein354@icloud.com,France,2026-09-09,internazionale
PIERRE ANDERSEN,pierre.andersen577@yahoo.com,Italy,2026-07-29,pesce
EKATERINA MOREAU,ekaterina.moreau48@yahoo.com,Japan,2025-11-16,vegana
Andrea Ferrari,andrea.ferrari756@outlook.com,USA,2025-03-05,pesce
Anna Kaczmarek,anna.kaczmarek229@icloud.com,Spain,2025-05-09,pesce
Simone Muller,simone.muller791@gmail.com,Germany,2025-08-15,senza glutine
Ananya Romano,ananya.romano388@gmail.com,Switzerland,2025-06-13,kosher
  Kenji Ferrari  ,kenji.ferrari456@outlook.com,Italy,2024-09-20,senza glutine
john nakamura,john.nakamura806@icloud.com,Germany,2025-12-30,italiana
  Olga Petrov  ,olga.petrov830@gmail.com,Switzerland,2025-12-08,kosher
ANDREA MARTINEZ,andrea.martinez786@yahoo.com,USA,2026-07-24,kosher
Jean Suzuki,jean.suzuki694@icloud.com,Switzerland,2025-08-29,halal
Marie Bruno,marie.bruno769@gmail.com,France,2025-06-24,kosher
  Luca Kowalski  ,luca.kowalski116@yahoo.com,USA,2025-09-15,vegetariana
paolo weber,paolo.weber539@icloud.com,Spain,2025-02-08,pesce
ELENA MEYER,elena.meyer4@icloud.com,Spain,2025-12-14,vegana
ALESSANDRO SMITH,alessandro.smith628@yahoo.com,Italy,2026-05-01,vegetariana
priya lopez,priya.lopez144@icloud.com,Italy,2024-12-28,vegana
Jean Bruno,jean.bruno363@gmail.com,Netherlands,2025-06-11,italiana
EKATERINA FERRARI,ekaterina.ferrari855@icloud.com,UAE,2026-07-06,vegetariana
Chiara Ferreira,chiara.ferreira880@yahoo.com,UK,2025-09-12,internazionale
  Federica Al-Farsi  ,federica.al-farsi341@outlook.com,France,2025-09-25,vegana
youssef bernard,youssef.bernard600@gmail.com,France,2026-03-10,halal
NIKOLAI ESPOSITO,nikolai.esposito514@icloud.com,USA,2025-11-09,senza glutine
SIMONE WATANABE,simone.watanabe283@yahoo.com,UAE,2024-10-31,vegana
  Nikolai Ivanov  ,nikolai.ivanov295@icloud.com,Switzerland,2026-06-04,pesce
  Amelia Rossi  ,amelia.rossi10@yahoo.com,Japan,2026-08-02,halal
arjun patel,arjun.patel231@gmail.com,Netherlands,2024-10-13,vegana
henri sharma,henri.sharma27@gmail.com,UK,2024-12-12,vegana
ASTRID ROSSI,astrid.rossi244@outlook.com,UAE,2026-02-16,halal
chiara bianchi,chiara.bianchi491@outlook.com,USA,2025-12-04,vegetariana
Nikolai Kobayashi,nikolai.kobayashi53@icloud.com,Italy,2025-07-13,kosher
Fischer Patricia,patricia.fischer247@yahoo.com,Netherlands,2025-09-29,internazionale
PRIYA MEYER,priya.meyer729@outlook.com,Switzerland,2026-02-17,internazionale
Emma Kowalski,emma.kowalski425@gmail.com,Netherlands,2025-09-12,vegetariana
PIERRE FERNANDEZ,pierre.fernandez972@icloud.com,Italy,2024-12-22,internazionale
Hans Costa,hans.costa633@gmail.com,Spain,2024-11-21,italiana
  Carlos Leroy  ,carlos.leroy249@icloud.com,UAE,2025-08-10,italiana
Olga Kobayashi,olga.kobayashi144@outlook.com,Italy,2026-08-02,vegetariana
KENJI SMITH,kenji.smith571@gmail.com,France,2025-10-18,senza glutine
Jean Al-Rashid,jean.al-rashid969@icloud.com,Spain,2025-07-01,senza glutine
Maria Schmidt,maria.schmidt527@yahoo.com,Spain,2026-07-26,internazionale
MARCO SUZUKI,marco.suzuki905@yahoo.com,Netherlands,2025-07-16,internazionale
SOPHIE YAMAMOTO,sophie.yamamoto738@yahoo.com,USA,2025-09-14,vegana
Erik Nakamura,erik.nakamura356@yahoo.com,France,2024-12-10,kosher
henri girard,henri.girard571@yahoo.com,France,2026-03-27,kosher
Girard Elena,elena.girard801@gmail.com,USA,2026-02-14,internazionale
NIKOLAI NILSSON,nikolai.nilsson872@yahoo.com,UK,2026-05-28,senza glutine
ANANYA MEYER,ananya.meyer909@icloud.com,Spain,2025-06-14,senza glutine
Andrea Sharma,andrea.sharma436@gmail.com,Netherlands,2025-08-09,kosher
MARIA MOREAU,maria.moreau173@gmail.com,Switzerland,2025-01-10,pesce
NIKOLAI NOVAK,nikolai.novak459@outlook.com,Japan,2026-08-23,halal
INGRID NAKAMURA,ingrid.nakamura916@outlook.com,Spain,2024-11-18,internazionale
Thomas Andersen,thomas.andersen197@icloud.com,USA,2025-12-26,internazionale
marco kobayashi,marco.kobayashi720@icloud.com,Netherlands,2026-02-19,kosher
  Erik Ricci  ,erik.ricci505@outlook.com,UK,2024-12-30,halal
  Yuki Klein  ,yuki.klein205@yahoo.com,Japan,2025-07-04,italiana
giulia johnson,giulia.johnson634@outlook.com,France,2024-10-02,vegana
OMAR KLEIN,omar.klein9@gmail.com,UK,2025-10-16,vegana
anna romano,anna.romano109@outlook.com,USA,2026-09-07,vegana
ANNA AL-RASHID,anna.al-rashid300@gmail.com,Switzerland,2025-08-06,kosher
Pierre Watanabe,pierre.watanabe584@outlook.com,UK,2026-09-05,vegetariana
Ingrid Al-Rashid,ingrid.al-rashid237@outlook.com,Switzerland,2024-12-15,pesce
Andrea Klein,andrea.klein961@yahoo.com,Italy,2025-07-18,vegana
Olivia Petrov,olivia.petrov582@gmail.com,USA,2026-07-23,kosher
MARIE ROMANO,marie.romano357@outlook.com,France,2026-07-10,italiana
Federica Suzuki,federica.suzuki318@icloud.com,Netherlands,2025-06-14,internazionale
  Dmitri Sokolov  ,dmitri.sokolov830@yahoo.com,Japan,2026-01-21,pesce
Hans Fischer,hans.fischer62@outlook.com,Spain,2026-07-15,vegana
Ahmed Rossi,ahmed.rossi761@gmail.com,France,2026-04-28,senza glutine
sara al-rashid,sara.al-rashid359@icloud.com,UK,2025-12-16,internazionale
Moreau Camille,camille.moreau644@outlook.com,Netherlands,2024-12-28,vegetariana
federica schmidt,federica.schmidt35@yahoo.com,Japan,2024-11-03,senza glutine
Astrid Lopez,astrid.lopez867@gmail.com,France,2025-12-09,vegetariana
valentina andersen,valentina.andersen186@yahoo.com,UAE,2025-09-10,internazionale
nikolai romano,nikolai.romano860@gmail.com,Japan,2025-03-27,italiana
Olivia Novak,olivia.novak954@yahoo.com,UAE,2025-05-26,vegana
ISABELLA HASSAN,isabella.hassan383@yahoo.com,Spain,2025-07-18,vegetariana
  Isabella Andersen  ,isabella.andersen871@yahoo.com,Italy,2025-09-07,halal
  Charlotte Lopez  ,charlotte.lopez180@yahoo.com,Germany,2025-07-17,vegetariana
  Camille Greco  ,camille.greco642@yahoo.com,Japan,2025-07-15,senza glutine
ANNA RICCI,anna.ricci819@gmail.com,Spain,2024-12-09,senza glutine
FRANCESCO GRECO,francesco.greco620@icloud.com,France,2026-07-04,pesce
francesco meyer,francesco.meyer827@icloud.com,France,2025-12-06,vegana
  Giorgia Ferreira  ,giorgia.ferreira333@yahoo.com,USA,2024-12-25,italiana
Valentina Ivanov,valentina.ivanov923@yahoo.com,UK,2025-08-03,italiana
James Singh,james.singh72@outlook.com,Japan,2025-07-30,senza glutine
  Robert Nowak  ,robert.nowak743@outlook.com,Italy,2025-12-02,vegana
HANS PATEL,hans.patel181@gmail.com,Germany,2025-12-06,senza glutine
Layla Schmidt,layla.schmidt514@icloud.com,France,2025-12-24,italiana
HENRI WAGNER,henri.wagner191@outlook.com,France,2026-02-11,senza glutine
Priya Fischer,priya.fischer968@outlook.com,Japan,2024-12-03,internazionale
Francesco Garcia,francesco.garcia130@gmail.com,UK,2025-06-04,pesce
Yuki Girard,yuki.girard14@yahoo.com,USA,2024-09-18,senza glutine
giorgia klein,giorgia.klein602@icloud.com,Spain,2025-08-18,halal
EKATERINA PARK,ekaterina.park413@gmail.com,France,2025-08-05,senza glutine
Dubois Laura,laura.dubois300@gmail.com,Germany,2026-03-23,vegetariana
henri sokolov,henri.sokolov657@outlook.com,Italy,2025-01-08,vegana
marco kim,marco.kim841@outlook.com,USA,2025-12-17,senza glutine
  Lucia Costa  ,lucia.costa379@outlook.com,Netherlands,2025-06-05,halal
Bruno Ekaterina,ekaterina.bruno343@icloud.com,Spain,2025-07-13,italiana
carlos ricci,carlos.ricci490@yahoo.com,UK,2026-03-07,pesce
matteo tanaka,matteo.tanaka494@yahoo.com,France,2024-11-02,vegana
Lefevre Ekaterina,ekaterina.lefevre244@icloud.com,Italy,2025-06-23,italiana
MARIE NOVAK,marie.novak38@outlook.com,Japan,2025-07-17,halal
Bianchi Ekaterina,ekaterina.bianchi454@gmail.com,USA,2026-03-03,vegetariana
Luca Fernandez,luca.fernandez472@yahoo.com,Italy,2025-02-13,kosher
Matteo Marino,matteo.marino229@yahoo.com,Spain,2026-08-14,kosher
Valentina Tanaka,valentina.tanaka669@yahoo.com,Germany,2026-09-08,vegetariana
  Klaus Kobayashi  ,klaus.kobayashi381@yahoo.com,Japan,2026-06-11,kosher
Charlotte Al-Rashid,charlotte.al-rashid308@icloud.com,UK,2025-06-02,vegetariana
  Valentina Colombo  ,valentina.colombo734@gmail.com,UK,2026-01-05,kosher
David Lopez,david.lopez770@outlook.com,Germany,2024-11-15,italiana
CARLOS TANAKA,carlos.tanaka90@icloud.com,UAE,2026-07-07,vegana
Federica Wagner,federica.wagner569@outlook.com,Germany,2025-09-17,italiana
CAMILLE SCHMIDT,camille.schmidt671@gmail.com,Germany,2025-01-19,kosher
FEDERICA IBRAHIM,federica.ibrahim582@outlook.com,France,2025-06-15,vegetariana
  Priya Sharma  ,priya.sharma466@outlook.com,Switzerland,2026-06-02,vegetariana
INGRID SCHMIDT,ingrid.schmidt231@gmail.com,UK,2026-07-07,senza glutine
jean silva,jean.silva224@yahoo.com,UK,2025-09-19,vegetariana
Omar Lopez,omar.lopez698@outlook.com,USA,2025-08-31,pesce
  Ingrid Fernandez  ,ingrid.fernandez139@outlook.com,Switzerland,2026-04-10,vegetariana
David Ricci,david.ricci564@gmail.com,Japan,2026-06-15,italiana
Giulia Dubois,giulia.dubois175@outlook.com,Japan,2026-04-26,internazionale
  Nikolai Kowalski  ,nikolai.kowalski468@gmail.com,USA,2025-07-14,kosher
Andrea Andersen,andrea.andersen91@yahoo.com,USA,2025-12-23,italiana
OMAR DUBOIS,omar.dubois694@gmail.com,USA,2026-06-30,vegetariana
LUCA NOWAK,luca.nowak583@gmail.com,Italy,2024-12-27,vegana
william ivanov,william.ivanov992@gmail.com,UK,2025-07-16,kosher
Anna Al-Farsi,anna.al-farsi291@outlook.com,Spain,2024-10-16,internazionale
SILVIA DUBOIS,silvia.dubois293@icloud.com,Japan,2025-07-26,vegana
  Aiko Greco  ,aiko.greco441@icloud.com,Spain,2026-05-04,halal
  Ahmed Park  ,ahmed.park675@outlook.com,Germany,2025-02-10,vegetariana
Emma Ferreira,emma.ferreira950@outlook.com,Germany,2025-09-30,vegetariana
Valentina Al-Farsi,valentina.al-farsi21@yahoo.com,Switzerland,2024-09-28,pesce
ERIK PARK,erik.park743@outlook.com,Netherlands,2026-07-20,kosher
layla romano,layla.romano76@outlook.com,UAE,2026-06-12,vegana
Girard Chiara,chiara.girard752@outlook.com,Italy,2025-09-22,kosher
Arjun Leroy,arjun.leroy784@yahoo.com,UK,2026-02-20,italiana
HANS KUMAR,hans.kumar727@yahoo.com,Japan,2024-12-04,vegetariana
Anna Schmidt,anna.schmidt730@yahoo.com,Spain,2026-06-24,vegana
OLIVIA MULLER,olivia.muller731@outlook.com,Japan,2026-03-02,internazionale
MATTEO SHARMA,matteo.sharma779@icloud.com,Italy,2024-12-12,kosher
ananya chen,ananya.chen791@yahoo.com,Switzerland,2026-08-31,internazionale
Hans Rossi,hans.rossi455@outlook.com,Spain,2024-09-21,kosher
Amelia Watanabe,amelia.watanabe207@icloud.com,USA,2025-12-16,vegetariana
  Giorgia Chen  ,giorgia.chen877@gmail.com,France,2025-01-14,senza glutine
Giorgia Park,giorgia.park491@gmail.com,Germany,2026-03-07,pesce
paolo johnson,paolo.johnson218@gmail.com,Netherlands,2024-11-01,vegana
AHMED SOKOLOV,ahmed.sokolov14@gmail.com,Spain,2024-11-12,senza glutine
Jean Hassan,jean.hassan153@yahoo.com,Spain,2025-08-24,pesce
VALENTINA KUMAR,valentina.kumar742@outlook.com,Germany,2026-09-07,kosher
Sophie Moreau,sophie.moreau918@icloud.com,Germany,2025-05-08,vegana
Arjun Rossi,arjun.rossi623@gmail.com,Netherlands,2025-12-08,italiana
Isabella Ibrahim,isabella.ibrahim269@icloud.com,Switzerland,2025-09-19,internazionale
  Emma Fischer  ,emma.fischer493@icloud.com,Italy,2026-06-23,internazionale
Klaus Greco,klaus.greco67@gmail.com,Switzerland,2025-05-22,pesce
JAMES YAMAMOTO,james.yamamoto153@icloud.com,USA,2025-10-15,kosher
  Ekaterina Chen  ,ekaterina.chen15@gmail.com,France,2026-08-16,vegana
marie suzuki,marie.suzuki401@gmail.com,Switzerland,2025-06-18,halal
Smith Lucia,lucia.smith134@outlook.com,UK,2025-08-10,internazionale
Ivanov Diego,diego.ivanov137@gmail.com,France,2026-07-16,vegana
WILLIAM YAMAMOTO,william.yamamoto83@yahoo.com,UK,2025-06-18,senza glutine
FRANCESCO SOKOLOV,francesco.sokolov861@icloud.com,Spain,2025-07-12,halal
  Klaus Bianchi  ,klaus.bianchi234@icloud.com,Germany,2025-06-04,senza glutine
Olga Kowalski,olga.kowalski555@yahoo.com,Switzerland,2026-06-07,vegana
Moreau Jean,jean.moreau376@yahoo.com,UK,2026-08-06,pesce
  Giorgia Novak  ,giorgia.novak585@yahoo.com,USA,2025-12-17,vegetariana
Kenji Bianchi,kenji.bianchi299@outlook.com,Germany,2025-12-13,vegetariana
Anna Bernard,anna.bernard950@outlook.com,UAE,2025-07-17,vegetariana
Camille Patel,camille.patel971@gmail.com,USA,2024-09-16,kosher
layla marino,layla.marino202@yahoo.com,UAE,2025-01-16,italiana
  Olga Esposito  ,olga.esposito26@icloud.com,France,2024-12-25,halal
maria petrov,maria.petrov926@icloud.com,Netherlands,2024-12-10,kosher
Francesco Marino,francesco.marino383@icloud.com,USA,2025-12-29,vegana
astrid ivanov,astrid.ivanov6@icloud.com,Switzerland,2024-12-20,halal
Elena Ferrari,elena.ferrari353@outlook.com,Switzerland,2024-11-17,kosher
Patricia Kaczmarek,patricia.kaczmarek548@icloud.com,France,2025-07-13,kosher
  Yuki Kowalski  ,yuki.kowalski731@icloud.com,Italy,2025-04-08,pesce
CAMILLE NAKAMURA,camille.nakamura89@outlook.com,UAE,2024-12-25,internazionale
ASTRID ANDERSEN,astrid.andersen752@yahoo.com,Netherlands,2024-12-25,halal
Andersen Nikolai,nikolai.andersen586@icloud.com,Italy,2025-04-16,internazionale
JAMES LOPEZ,james.lopez521@icloud.com,Switzerland,2025-09-28,vegetariana
DAVID KACZMAREK,david.kaczmarek723@icloud.com,Italy,2026-04-18,italiana
ananya wagner,ananya.wagner660@yahoo.com,Switzerland,2026-06-28,italiana
  Ahmed Al-Farsi  ,ahmed.al-farsi571@yahoo.com,Spain,2026-04-11,pesce
  Lucia Moreau  ,lucia.moreau348@gmail.com,Switzerland,2025-12-16,internazionale
MARCO NOVAK,marco.novak281@yahoo.com,Netherlands,2026-07-25,vegetariana
Ibrahim Ekaterina,ekaterina.ibrahim572@yahoo.com,Italy,2025-09-19,vegetariana
giulia leroy,giulia.leroy395@gmail.com,USA,2025-12-18,vegetariana
  Alessandro Ricci  ,alessandro.ricci895@yahoo.com,USA,2025-07-27,kosher
Arjun Popov,arjun.popov19@yahoo.com,Japan,2025-06-15,kosher
CARLOS GIRARD,carlos.girard222@yahoo.com,UAE,2025-06-18,kosher
  Paolo Kobayashi  ,paolo.kobayashi176@icloud.com,France,2024-12-26,pesce
YOUSSEF SMITH,youssef.smith192@gmail.com,France,2026-05-31,vegetariana
ANNA ESPOSITO,anna.esposito732@yahoo.com,USA,2024-10-15,vegana
Kim Aiko,aiko.kim603@gmail.com,France,2026-01-17,halal
Kowalski Pierre,pierre.kowalski13@icloud.com,Netherlands,2026-07-04,senza glutine
Girard William,william.girard321@gmail.com,Switzerland,2025-09-08,vegetariana
Simone Ferrari,simone.ferrari790@outlook.com,Netherlands,2024-10-31,kosher
Kenji Kobayashi,kenji.kobayashi401@yahoo.com,Italy,2025-08-05,italiana
AHMED NAKAMURA,ahmed.nakamura506@outlook.com,USA,2025-06-23,italiana
Watanabe Ingrid,ingrid.watanabe839@outlook.com,UK,2026-09-02,pesce
Ferrari Francesco,francesco.ferrari497@yahoo.com,UAE,2026-02-04,vegana
Sharma Diego,diego.sharma166@icloud.com,France,2026-03-09,italiana
sophie andersen,sophie.andersen39@icloud.com,USA,2025-09-17,italiana
Thomas Garcia,thomas.garcia810@outlook.com,Netherlands,2026-02-24,halal
  Layla Novak  ,layla.novak49@yahoo.com,Japan,2026-03-10,vegetariana
Simone Nowak,simone.nowak343@outlook.com,Germany,2024-10-27,internazionale
  Elena Kaczmarek  ,elena.kaczmarek277@icloud.com,Spain,2025-03-10,internazionale
Youssef Moreau,youssef.moreau120@gmail.com,Germany,2024-09-16,pesce
maria meyer,maria.meyer780@gmail.com,UAE,2025-09-14,italiana
OLIVIA KOWALSKI,olivia.kowalski266@yahoo.com,Spain,2026-07-10,kosher
  Luca Ferreira  ,luca.ferreira532@gmail.com,France,2025-12-06,kosher
  Ingrid Meyer  ,ingrid.meyer82@yahoo.com,UAE,2025-09-10,kosher
THOMAS YAMAMOTO,thomas.yamamoto217@gmail.com,Germany,2026-08-04,pesce
Tanaka Paolo,paolo.tanaka523@gmail.com,Switzerland,2025-01-14,vegetariana
Amelia Patel,amelia.patel562@outlook.com,Netherlands,2024-11-05,senza glutine
Chiara Al-Rashid,chiara.al-rashid870@gmail.com,Italy,2026-07-30,vegetariana
dmitri andersen,dmitri.andersen419@icloud.com,Germany,2026-07-23,kosher
jean kowalski,jean.kowalski696@outlook.com,USA,2026-01-26,halal
Elena Esposito,elena.esposito714@gmail.com,Netherlands,2025-04-05,pesce
Marie Ferrari,marie.ferrari80@icloud.com,Spain,2026-08-25,pesce
WILLIAM LEROY,william.leroy703@gmail.com,Spain,2026-04-26,senza glutine
THOMAS HASSAN,thomas.hassan267@yahoo.com,France,2026-01-16,vegana
PIERRE AL-FARSI,pierre.al-farsi747@outlook.com,UAE,2025-03-11,pesce
  Fatima Silva  ,fatima.silva969@outlook.com,UAE,2025-09-16,vegana
Priya Martinez,priya.martinez942@gmail.com,Germany,2026-06-13,kosher
CAMILLE LEFEVRE,camille.lefevre900@yahoo.com,UK,2026-07-02,pesce
Conti Robert,robert.conti666@yahoo.com,France,2025-10-22,italiana
OLGA COLOMBO,olga.colombo74@outlook.com,Japan,2025-09-21,pesce
ERIK NOWAK,erik.nowak618@outlook.com,France,2026-02-11,internazionale
  Youssef Yamamoto  ,youssef.yamamoto723@icloud.com,Spain,2025-09-24,pesce
  Erik Bruno  ,erik.bruno704@outlook.com,Spain,2025-07-30,vegana
anna tanaka,anna.tanaka833@outlook.com,Italy,2024-11-17,vegetariana
arjun marino,arjun.marino531@icloud.com,Japan,2024-12-15,kosher
chiara petrov,chiara.petrov469@icloud.com,Netherlands,2026-04-21,vegetariana
John Kowalski,john.kowalski861@gmail.com,Switzerland,2024-09-22,pesce
Amelia Silva,amelia.silva301@icloud.com,Japan,2024-10-12,vegetariana
  Erik Nilsson  ,erik.nilsson139@gmail.com,USA,2026-07-24,italiana
Charlotte Smith,charlotte.smith264@icloud.com,Spain,2026-02-18,kosher
  Klaus Costa  ,klaus.costa496@yahoo.com,Netherlands,2024-09-12,italiana
GIULIA PARK,giulia.park903@yahoo.com,USA,2025-06-08,pesce
  Sara Kumar  ,sara.kumar438@gmail.com,France,2026-04-24,senza glutine
Luca Suzuki,luca.suzuki6@yahoo.com,UK,2025-07-30,senza glutine
Bernard Omar,omar.bernard177@icloud.com,Japan,2025-08-25,pesce
Fatima Bruno,fatima.bruno722@outlook.com,France,2025-08-20,internazionale
  Lucia Suzuki  ,lucia.suzuki770@yahoo.com,Switzerland,2025-02-16,italiana
Federica Meyer,federica.meyer637@yahoo.com,UK,2026-03-09,vegetariana
Chiara Schmidt,chiara.schmidt978@outlook.com,France,2024-12-03,internazionale
Olga Bianchi,olga.bianchi482@yahoo.com,Japan,2025-09-13,senza glutine
Silvia Ivanov,silvia.ivanov152@gmail.com,Netherlands,2025-01-12,vegana
silvia rossi,silvia.rossi417@outlook.com,UAE,2024-10-05,halal
